﻿<?xml version="1.0" encoding="utf-8"?>
<!-- Edited with FutureStage XBRL Solution Library .NET 01-11 -->
<link:linkbase xmlns:xlink="http://www.w3.org/1999/xlink" xmlns:xsi="http://www.w3.org/2001/XMLSchema-instance" xmlns:link="http://www.xbrl.org/2003/linkbase">
  <link:labelLink xlink:type="extended" xlink:role="http://www.xbrl.org/2003/role/link">
    <link:label xml:lang="en" xlink:type="resource" xlink:label="jpcrp030000-asr_E04502-000_AkinoriKataokaMember_label" xlink:role="http://www.xbrl.org/2003/role/label">Akinori Kataoka</link:label>
    <link:label xml:lang="en" xlink:type="resource" xlink:label="jpcrp030000-asr_E04502-000_AkinoriKataokaMember_label_1" xlink:role="http://www.xbrl.org/2003/role/verboseLabel">Akinori Kataoka [member]</link:label>
    <link:label xml:lang="en" xlink:type="resource" xlink:label="jpcrp030000-asr_E04502-000_ChiyojiKurataMember_label" xlink:role="http://www.xbrl.org/2003/role/label">Chiyoji Kurata</link:label>
    <link:label xml:lang="en" xlink:type="resource" xlink:label="jpcrp030000-asr_E04502-000_ChiyojiKurataMember_label_1" xlink:role="http://www.xbrl.org/2003/role/verboseLabel">Chiyoji Kurata [member]</link:label>
    <link:label xml:lang="en" xlink:type="resource" xlink:label="jpcrp030000-asr_E04502-000_ConsignmemtExpensesElectricUtilityOparatingExpensesSGA_label" xlink:role="http://www.xbrl.org/2003/role/label">Consignmemt expenses</link:label>
    <link:label xml:lang="en" xlink:type="resource" xlink:label="jpcrp030000-asr_E04502-000_ConsignmemtExpensesElectricUtilityOparatingExpensesSGA_label_1" xlink:role="http://www.xbrl.org/2003/role/verboseLabel">Consignmemt expenses, Electric utility oparating expenses-SGA</link:label>
    <link:label xml:lang="en" xlink:type="resource" xlink:label="jpcrp030000-asr_E04502-000_ConsignmemtExpensesElectricUtilityOperatingExpenses_label" xlink:role="http://www.xbrl.org/2003/role/label">Consignmemt expenses</link:label>
    <link:label xml:lang="en" xlink:type="resource" xlink:label="jpcrp030000-asr_E04502-000_ConsignmemtExpensesElectricUtilityOperatingExpenses_label_1" xlink:role="http://www.xbrl.org/2003/role/verboseLabel">Consignmemt expenses, Electric utility operating expenses</link:label>
    <link:label xml:lang="en" xlink:type="resource" xlink:label="jpcrp030000-asr_E04502-000_CustomerServiceAndSalesCompanyReportableSegmentMember_label" xlink:role="http://www.xbrl.org/2003/role/label">Customer service and sales company</link:label>
    <link:label xml:lang="en" xlink:type="resource" xlink:label="jpcrp030000-asr_E04502-000_CustomerServiceAndSalesCompanyReportableSegmentMember_label_1" xlink:role="http://www.xbrl.org/2003/role/verboseLabel">Customer service and sales company, Reportable segment [member]</link:label>
    <link:label xml:lang="en" xlink:type="resource" xlink:label="jpcrp030000-asr_E04502-000_ElectricUtilityOperatingExpenses_label" xlink:role="http://www.xbrl.org/2003/role/label">Electric utility operating expenses</link:label>
    <link:label xml:lang="en" xlink:type="resource" xlink:label="jpcrp030000-asr_E04502-000_ElectricUtilityOperatingExpenses_label_1" xlink:role="http://www.xbrl.org/2003/role/verboseLabel">Electric utility operating expenses</link:label>
    <link:label xml:lang="en" xlink:type="resource" xlink:label="jpcrp030000-asr_E04502-000_FuelExpensesElectricUtilityOparatingExpensesSGA_label" xlink:role="http://www.xbrl.org/2003/role/label">Fuel expenses</link:label>
    <link:label xml:lang="en" xlink:type="resource" xlink:label="jpcrp030000-asr_E04502-000_FuelExpensesElectricUtilityOparatingExpensesSGA_label_1" xlink:role="http://www.xbrl.org/2003/role/verboseLabel">Fuel expenses, Electric utility oparating expenses-SGA</link:label>
    <link:label xml:lang="en" xlink:type="resource" xlink:label="jpcrp030000-asr_E04502-000_FuelExpensesElectricUtilityOperatingExpenses_label" xlink:role="http://www.xbrl.org/2003/role/label">Fuel expenses</link:label>
    <link:label xml:lang="en" xlink:type="resource" xlink:label="jpcrp030000-asr_E04502-000_FuelExpensesElectricUtilityOperatingExpenses_label_1" xlink:role="http://www.xbrl.org/2003/role/verboseLabel">Fuel expenses, Electric utility operating expenses</link:label>
    <link:label xml:lang="en" xlink:type="resource" xlink:label="jpcrp030000-asr_E04502-000_FumikoNagatomiMember_label" xlink:role="http://www.xbrl.org/2003/role/label">Fumiko Nagatomi</link:label>
    <link:label xml:lang="en" xlink:type="resource" xlink:label="jpcrp030000-asr_E04502-000_FumikoNagatomiMember_label_1" xlink:role="http://www.xbrl.org/2003/role/verboseLabel">Fumiko Nagatomi [member]</link:label>
    <link:label xml:lang="en" xlink:type="resource" xlink:label="jpcrp030000-asr_E04502-000_GainOnChangeInEquityOpeCF_label" xlink:role="http://www.xbrl.org/2003/role/label">Gain on change in equity</link:label>
    <link:label xml:lang="en" xlink:type="resource" xlink:label="jpcrp030000-asr_E04502-000_GainOnChangeInEquityOpeCF_label_1" xlink:role="http://www.xbrl.org/2003/role/verboseLabel">Gain on change in equity-OpeCF</link:label>
    <link:label xml:lang="en" xlink:type="resource" xlink:label="jpcrp030000-asr_E04502-000_HiroshiTakadaMember_label" xlink:role="http://www.xbrl.org/2003/role/label">Hiroshi Takada</link:label>
    <link:label xml:lang="en" xlink:type="resource" xlink:label="jpcrp030000-asr_E04502-000_HiroshiTakadaMember_label_1" xlink:role="http://www.xbrl.org/2003/role/verboseLabel">Hiroshi Takada [member]</link:label>
    <link:label xml:lang="en" xlink:type="resource" xlink:label="jpcrp030000-asr_E04502-000_HitoshiMizutaniMember_label" xlink:role="http://www.xbrl.org/2003/role/label">Hitoshi Mizutani</link:label>
    <link:label xml:lang="en" xlink:type="resource" xlink:label="jpcrp030000-asr_E04502-000_HitoshiMizutaniMember_label_1" xlink:role="http://www.xbrl.org/2003/role/verboseLabel">Hitoshi Mizutani [member]</link:label>
    <link:label xml:lang="en" xlink:type="resource" xlink:label="jpcrp030000-asr_E04502-000_IncreaseDecreaseInNetDefinedBenefitLiabilityAndAssetOpeCF_label_1" xlink:role="http://www.xbrl.org/2003/role/label">Increase decrease in net defined benefit liability and asset</link:label>
    <link:label xml:lang="en" xlink:type="resource" xlink:label="jpcrp030000-asr_E04502-000_IncreaseDecreaseInNetDefinedBenefitLiabilityAndAssetOpeCF_label_2" xlink:role="http://www.xbrl.org/2003/role/verboseLabel">Increase decrease in net defined benefit liability and asset-OpeCF</link:label>
    <link:label xml:lang="en" xlink:type="resource" xlink:label="jpcrp030000-asr_E04502-000_IncreaseDecreaseInNetDefinedBenefitLiabilityAndAssetOpeCF_label" xlink:role="http://www.xbrl.org/2003/role/documentation">Increase decrease in net defined benefit liability and asset-OpeCF</link:label>
    <link:label xml:lang="en" xlink:type="resource" xlink:label="jpcrp030000-asr_E04502-000_IncreaseDecreaseInProvisionForLossInConjunctionWithDiscontinuedOperationsOfNuclearPowerPlantsOpeCFELE_label_1" xlink:role="http://www.xbrl.org/2003/role/label">Increase (decrease) in provision for loss in conjunction with discontinued operations of nuclear power plants</link:label>
    <link:label xml:lang="en" xlink:type="resource" xlink:label="jpcrp030000-asr_E04502-000_IncreaseDecreaseInProvisionForLossInConjunctionWithDiscontinuedOperationsOfNuclearPowerPlantsOpeCFELE_label_2" xlink:role="http://www.xbrl.org/2003/role/verboseLabel">Increase (decrease) in provision for loss in conjunction with discontinued operations of nuclear power plants-OpeCF-ELE</link:label>
    <link:label xml:lang="en" xlink:type="resource" xlink:label="jpcrp030000-asr_E04502-000_IncreaseDecreaseInProvisionForLossInConjunctionWithDiscontinuedOperationsOfNuclearPowerPlantsOpeCFELE_label" xlink:role="http://www.xbrl.org/2003/role/documentation">Increase (decrease) in provision for loss in conjunction with discontinued operations of nuclear power plants-OpeCF-ELE</link:label>
    <link:label xml:lang="en" xlink:type="resource" xlink:label="jpcrp030000-asr_E04502-000_InternalTransactionCancellationElectricUtilityOperatingExpenses_label" xlink:role="http://www.xbrl.org/2003/role/label">Internal transaction cancellation</link:label>
    <link:label xml:lang="en" xlink:type="resource" xlink:label="jpcrp030000-asr_E04502-000_InternalTransactionCancellationElectricUtilityOperatingExpenses_label_1" xlink:role="http://www.xbrl.org/2003/role/verboseLabel">Internal transaction cancellation, Electric utility operating expenses</link:label>
    <link:label xml:lang="en" xlink:type="resource" xlink:label="jpcrp030000-asr_E04502-000_JERAReportableSegmentMember_label" xlink:role="http://www.xbrl.org/2003/role/label">JERA</link:label>
    <link:label xml:lang="en" xlink:type="resource" xlink:label="jpcrp030000-asr_E04502-000_JERAReportableSegmentMember_label_1" xlink:role="http://www.xbrl.org/2003/role/verboseLabel">JERA, Reportable segment [member]</link:label>
    <link:label xml:lang="en" xlink:type="resource" xlink:label="jpcrp030000-asr_E04502-000_KingoHayashiMember_label" xlink:role="http://www.xbrl.org/2003/role/label">Kingo Hayashi</link:label>
    <link:label xml:lang="en" xlink:type="resource" xlink:label="jpcrp030000-asr_E04502-000_KingoHayashiMember_label_1" xlink:role="http://www.xbrl.org/2003/role/verboseLabel">Kingo Hayashi [member]</link:label>
    <link:label xml:lang="en" xlink:type="resource" xlink:label="jpcrp030000-asr_E04502-000_LevyUnderActOnPurchaseOfRenewableEnergySourcedElectricityOEElectricELESGA_label" xlink:role="http://www.xbrl.org/2003/role/label">Levy under Act on Purchase of Renewable Energy Sourced Electricity</link:label>
    <link:label xml:lang="en" xlink:type="resource" xlink:label="jpcrp030000-asr_E04502-000_LevyUnderActOnPurchaseOfRenewableEnergySourcedElectricityOEElectricELESGA_label_1" xlink:role="http://www.xbrl.org/2003/role/verboseLabel">Levy under Act on Purchase of Renewable Energy Sourced Electricity-OE-electric-ELE-SGA</link:label>
    <link:label xml:lang="en" xlink:type="resource" xlink:label="jpcrp030000-asr_E04502-000_MichinariHamaguchiMember_label" xlink:role="http://www.xbrl.org/2003/role/label">Michinari Hamaguchi</link:label>
    <link:label xml:lang="en" xlink:type="resource" xlink:label="jpcrp030000-asr_E04502-000_MichinariHamaguchiMember_label_1" xlink:role="http://www.xbrl.org/2003/role/verboseLabel">Michinari Hamaguchi [member]</link:label>
    <link:label xml:lang="en" xlink:type="resource" xlink:label="jpcrp030000-asr_E04502-000_MitsueKuriharaMember_label" xlink:role="http://www.xbrl.org/2003/role/label">Mitsue Kurihara</link:label>
    <link:label xml:lang="en" xlink:type="resource" xlink:label="jpcrp030000-asr_E04502-000_MitsueKuriharaMember_label_1" xlink:role="http://www.xbrl.org/2003/role/verboseLabel">Mitsue Kurihara [member]</link:label>
    <link:label xml:lang="en" xlink:type="resource" xlink:label="jpcrp030000-asr_E04502-000_MonthlyCompensationsMonthlyRemunerationEtcByCategoryOfDirectorsAndOtherOfficers_label" xlink:role="http://www.xbrl.org/2003/role/label">Monthly compensations</link:label>
    <link:label xml:lang="en" xlink:type="resource" xlink:label="jpcrp030000-asr_E04502-000_MonthlyCompensationsMonthlyRemunerationEtcByCategoryOfDirectorsAndOtherOfficers_label_1" xlink:role="http://www.xbrl.org/2003/role/verboseLabel">Monthly compensations, Monthly remuneration, etc. by category of directors (and other officers)</link:label>
    <link:label xml:lang="en" xlink:type="resource" xlink:label="jpcrp030000-asr_E04502-000_NotesRegardingAccruedTaxesTextBlock_label" xlink:role="http://www.xbrl.org/2003/role/label">Notes regarding accrued taxes</link:label>
    <link:label xml:lang="en" xlink:type="resource" xlink:label="jpcrp030000-asr_E04502-000_NotesRegardingAccruedTaxesTextBlock_label_1" xlink:role="http://www.xbrl.org/2003/role/verboseLabel">Notes regarding accrued taxes[text block]</link:label>
    <link:label xml:lang="en" xlink:type="resource" xlink:label="jpcrp030000-asr_E04502-000_NotesRegardingAmountsOfReductionEntryOfNonCurrentAssetsTextBlock_label" xlink:role="http://www.xbrl.org/2003/role/label">Notes regarding amounts of reduction entry of non-current assets</link:label>
    <link:label xml:lang="en" xlink:type="resource" xlink:label="jpcrp030000-asr_E04502-000_NotesRegardingAmountsOfReductionEntryOfNonCurrentAssetsTextBlock_label_1" xlink:role="http://www.xbrl.org/2003/role/verboseLabel">Notes regarding amounts of reduction entry of non-current assets[text block]</link:label>
    <link:label xml:lang="en" xlink:type="resource" xlink:label="jpcrp030000-asr_E04502-000_NotesRegardingCurrentPortionOfNoncurrentLiabilitiesTextBlock_label" xlink:role="http://www.xbrl.org/2003/role/label">Notes regarding current portion of noncurrent liabilities</link:label>
    <link:label xml:lang="en" xlink:type="resource" xlink:label="jpcrp030000-asr_E04502-000_NotesRegardingCurrentPortionOfNoncurrentLiabilitiesTextBlock_label_1" xlink:role="http://www.xbrl.org/2003/role/verboseLabel">Notes regarding current portion of noncurrent liabilities[text block]</link:label>
    <link:label xml:lang="en" xlink:type="resource" xlink:label="jpcrp030000-asr_E04502-000_NotesRegardingIncidentalBusinessFacilitiesInStatementOfIncomeTextBlock_label" xlink:role="http://www.xbrl.org/2003/role/label">Notes regarding incidental business facilities in statement of income</link:label>
    <link:label xml:lang="en" xlink:type="resource" xlink:label="jpcrp030000-asr_E04502-000_NotesRegardingIncidentalBusinessFacilitiesInStatementOfIncomeTextBlock_label_1" xlink:role="http://www.xbrl.org/2003/role/verboseLabel">Notes regarding incidental business facilities in statement of income[text block]</link:label>
    <link:label xml:lang="en" xlink:type="resource" xlink:label="jpcrp030000-asr_E04502-000_NotesRegardingLoansPayableToDevelopmentBankOfJapanIncTextBlock_label" xlink:role="http://www.xbrl.org/2003/role/label">Notes regarding loans payable to development bank of japan inc.</link:label>
    <link:label xml:lang="en" xlink:type="resource" xlink:label="jpcrp030000-asr_E04502-000_NotesRegardingLoansPayableToDevelopmentBankOfJapanIncTextBlock_label_1" xlink:role="http://www.xbrl.org/2003/role/verboseLabel">Notes regarding loans payable to development bank of japan inc.[text block]</link:label>
    <link:label xml:lang="en" xlink:type="resource" xlink:label="jpcrp030000-asr_E04502-000_NotesRegardingProvisionOfAllowanceIncludedInOperatingExpensesTextBlock_label" xlink:role="http://www.xbrl.org/2003/role/label">Notes regarding provision of allowance included in operating expenses</link:label>
    <link:label xml:lang="en" xlink:type="resource" xlink:label="jpcrp030000-asr_E04502-000_NotesRegardingProvisionOfAllowanceIncludedInOperatingExpensesTextBlock_label_1" xlink:role="http://www.xbrl.org/2003/role/verboseLabel">Notes regarding provision of allowance included in operating expenses[text block]</link:label>
    <link:label xml:lang="en" xlink:type="resource" xlink:label="jpcrp030000-asr_E04502-000_NotesRegardingResearchAndDevelopmentCostsIncludedInOperatingExpensesTextBlock_label" xlink:role="http://www.xbrl.org/2003/role/label">Notes regarding research and development costs included in operating expenses</link:label>
    <link:label xml:lang="en" xlink:type="resource" xlink:label="jpcrp030000-asr_E04502-000_NotesRegardingResearchAndDevelopmentCostsIncludedInOperatingExpensesTextBlock_label_1" xlink:role="http://www.xbrl.org/2003/role/verboseLabel">Notes regarding research and development costs included in operating expenses[text block]</link:label>
    <link:label xml:lang="en" xlink:type="resource" xlink:label="jpcrp030000-asr_E04502-000_OtherElectricUtilityOparatingExpensesSGA_label" xlink:role="http://www.xbrl.org/2003/role/label">Other</link:label>
    <link:label xml:lang="en" xlink:type="resource" xlink:label="jpcrp030000-asr_E04502-000_OtherElectricUtilityOparatingExpensesSGA_label_1" xlink:role="http://www.xbrl.org/2003/role/verboseLabel">Other, Electric utility oparating expenses-SGA</link:label>
    <link:label xml:lang="en" xlink:type="resource" xlink:label="jpcrp030000-asr_E04502-000_OtherElectricUtilityOperatingExpenses_label" xlink:role="http://www.xbrl.org/2003/role/label">Other</link:label>
    <link:label xml:lang="en" xlink:type="resource" xlink:label="jpcrp030000-asr_E04502-000_OtherElectricUtilityOperatingExpenses_label_1" xlink:role="http://www.xbrl.org/2003/role/verboseLabel">Other, Electric utility operating expenses</link:label>
    <link:label xml:lang="en" xlink:type="resource" xlink:label="jpcrp030000-asr_E04502-000_PerformanceBasedStockRemunerationRemunerationEtcByCategoryOfDirectorsAndOtherOfficers_label" xlink:role="http://www.xbrl.org/2003/role/label">Performance-based stock remuneration</link:label>
    <link:label xml:lang="en" xlink:type="resource" xlink:label="jpcrp030000-asr_E04502-000_PerformanceBasedStockRemunerationRemunerationEtcByCategoryOfDirectorsAndOtherOfficers_label_1" xlink:role="http://www.xbrl.org/2003/role/verboseLabel">Performance-based stock remuneration, Remuneration, etc. by category of directors (and other officers)</link:label>
    <link:label xml:lang="en" xlink:type="resource" xlink:label="jpcrp030000-asr_E04502-000_PerformanceLinkedBonusesPerformanceLinkedRemunerationEtcByCategoryOfDirectorsAndOtherOfficers_label" xlink:role="http://www.xbrl.org/2003/role/label">Performance-linked bonuses</link:label>
    <link:label xml:lang="en" xlink:type="resource" xlink:label="jpcrp030000-asr_E04502-000_PerformanceLinkedBonusesPerformanceLinkedRemunerationEtcByCategoryOfDirectorsAndOtherOfficers_label_1" xlink:role="http://www.xbrl.org/2003/role/verboseLabel">Performance-linked bonuses, performance-linked remuneration, etc. by category of directors (and other officers)</link:label>
    <link:label xml:lang="en" xlink:type="resource" xlink:label="jpcrp030000-asr_E04502-000_PowerNetworkCompanyReportableSegmentMember_label" xlink:role="http://www.xbrl.org/2003/role/label">Power network company</link:label>
    <link:label xml:lang="en" xlink:type="resource" xlink:label="jpcrp030000-asr_E04502-000_PowerNetworkCompanyReportableSegmentMember_label_1" xlink:role="http://www.xbrl.org/2003/role/verboseLabel">Power network company, Reportable segment [member]</link:label>
    <link:label xml:lang="en" xlink:type="resource" xlink:label="jpcrp030000-asr_E04502-000_PowerPurchaseExpensesPaidToOtherSuppliersElectricUtilityOperatingExpenses_label" xlink:role="http://www.xbrl.org/2003/role/label">Power purchase expenses paid to other suppliers</link:label>
    <link:label xml:lang="en" xlink:type="resource" xlink:label="jpcrp030000-asr_E04502-000_PowerPurchaseExpensesPaidToOtherSuppliersElectricUtilityOperatingExpenses_label_1" xlink:role="http://www.xbrl.org/2003/role/verboseLabel">Power purchase expenses paid to other suppliers, Electric utility operating expenses</link:label>
    <link:label xml:lang="en" xlink:type="resource" xlink:label="jpcrp030000-asr_E04502-000_PowerPurchaseExpensesPaidToOtherSuppliersElectricUtilityOperatingExpensesSGA_label" xlink:role="http://www.xbrl.org/2003/role/label">Power purchase expenses paid to other suppliers-Electric utility operating expenses</link:label>
    <link:label xml:lang="en" xlink:type="resource" xlink:label="jpcrp030000-asr_E04502-000_PowerPurchaseExpensesPaidToOtherSuppliersElectricUtilityOperatingExpensesSGA_label_1" xlink:role="http://www.xbrl.org/2003/role/verboseLabel">Power purchase expenses paid to other suppliers, Electric utility operating expenses-SGA</link:label>
    <link:label xml:lang="en" xlink:type="resource" xlink:label="jpcrp030000-asr_E04502-000_ProvisionForLossInConjunctionWithDiscontinuedOperationsOfNuclearPowerPlantsNCLELE_label_1" xlink:role="http://www.xbrl.org/2003/role/label">Provision for loss in conjunction with discontinued operations of nuclear power plants</link:label>
    <link:label xml:lang="en" xlink:type="resource" xlink:label="jpcrp030000-asr_E04502-000_ProvisionForLossInConjunctionWithDiscontinuedOperationsOfNuclearPowerPlantsNCLELE_label_2" xlink:role="http://www.xbrl.org/2003/role/verboseLabel">Provision for loss in conjunction with discontinued operations of nuclear power plants-NCL-ELE</link:label>
    <link:label xml:lang="en" xlink:type="resource" xlink:label="jpcrp030000-asr_E04502-000_ProvisionForLossInConjunctionWithDiscontinuedOperationsOfNuclearPowerPlantsNCLELE_label" xlink:role="http://www.xbrl.org/2003/role/documentation">Provision for loss in conjunction with discontinued operations of nuclear power plants-NCL-ELE</link:label>
    <link:label xml:lang="en" xlink:type="resource" xlink:label="jpcrp030000-asr_E04502-000_RetirementBenefitExpensesElectricUtilityOparatingExpensesSGA_label" xlink:role="http://www.xbrl.org/2003/role/label">Retirement benefit expenses</link:label>
    <link:label xml:lang="en" xlink:type="resource" xlink:label="jpcrp030000-asr_E04502-000_RetirementBenefitExpensesElectricUtilityOparatingExpensesSGA_label_1" xlink:role="http://www.xbrl.org/2003/role/verboseLabel">Retirement benefit expenses, Electric utility oparating expenses-SGA</link:label>
    <link:label xml:lang="en" xlink:type="resource" xlink:label="jpcrp030000-asr_E04502-000_RetirementBenefitExpensesElectricUtilityOperatingExpenses_label" xlink:role="http://www.xbrl.org/2003/role/label">Retirement benefit expenses</link:label>
    <link:label xml:lang="en" xlink:type="resource" xlink:label="jpcrp030000-asr_E04502-000_RetirementBenefitExpensesElectricUtilityOperatingExpenses_label_1" xlink:role="http://www.xbrl.org/2003/role/verboseLabel">Retirement benefit expenses, Electric utility operating expenses</link:label>
    <link:label xml:lang="en" xlink:type="resource" xlink:label="jpcrp030000-asr_E04502-000_SalariesAndAllowancesElectricUtilityOparatingExpensesSGA_label" xlink:role="http://www.xbrl.org/2003/role/label">Salaries and allowances</link:label>
    <link:label xml:lang="en" xlink:type="resource" xlink:label="jpcrp030000-asr_E04502-000_SalariesAndAllowancesElectricUtilityOparatingExpensesSGA_label_1" xlink:role="http://www.xbrl.org/2003/role/verboseLabel">Salaries and allowances, Electric utility oparating expenses-SGA</link:label>
    <link:label xml:lang="en" xlink:type="resource" xlink:label="jpcrp030000-asr_E04502-000_SalariesAndAllowancesElectricUtilityOperatingExpenses_label" xlink:role="http://www.xbrl.org/2003/role/label">Salaries and allowances</link:label>
    <link:label xml:lang="en" xlink:type="resource" xlink:label="jpcrp030000-asr_E04502-000_SalariesAndAllowancesElectricUtilityOperatingExpenses_label_1" xlink:role="http://www.xbrl.org/2003/role/verboseLabel">Salaries and allowances, Electric utility operating expenses</link:label>
    <link:label xml:lang="en" xlink:type="resource" xlink:label="jpcrp030000-asr_E04502-000_SatoruKatsunoMember_label" xlink:role="http://www.xbrl.org/2003/role/label">Satoru Katsuno</link:label>
    <link:label xml:lang="en" xlink:type="resource" xlink:label="jpcrp030000-asr_E04502-000_SatoruKatsunoMember_label_1" xlink:role="http://www.xbrl.org/2003/role/verboseLabel">Satoru Katsuno [member]</link:label>
    <link:label xml:lang="en" xlink:type="resource" xlink:label="jpcrp030000-asr_E04502-000_SellingGeneralAndAdministrativeExpensesElectricUtilityOperatingExpenses_label" xlink:role="http://www.xbrl.org/2003/role/label">Selling, general and administrative expenses</link:label>
    <link:label xml:lang="en" xlink:type="resource" xlink:label="jpcrp030000-asr_E04502-000_SellingGeneralAndAdministrativeExpensesElectricUtilityOperatingExpenses_label_1" xlink:role="http://www.xbrl.org/2003/role/verboseLabel">Selling, general and administrative expenses, Electric utility operating expenses</link:label>
    <link:label xml:lang="en" xlink:type="resource" xlink:label="jpcrp030000-asr_E04502-000_ShinyaOtaniMember_label" xlink:role="http://www.xbrl.org/2003/role/label">Shinya Otani</link:label>
    <link:label xml:lang="en" xlink:type="resource" xlink:label="jpcrp030000-asr_E04502-000_ShinyaOtaniMember_label_1" xlink:role="http://www.xbrl.org/2003/role/verboseLabel">Shinya Otani [member]</link:label>
    <link:label xml:lang="en" xlink:type="resource" xlink:label="jpcrp030000-asr_E04502-000_ShuichiTeradaMember_label" xlink:role="http://www.xbrl.org/2003/role/label">Shuichi Terada</link:label>
    <link:label xml:lang="en" xlink:type="resource" xlink:label="jpcrp030000-asr_E04502-000_ShuichiTeradaMember_label_1" xlink:role="http://www.xbrl.org/2003/role/verboseLabel">Shuichi Terada [member]</link:label>
    <link:label xml:lang="en" xlink:type="resource" xlink:label="jpcrp030000-asr_E04502-000_SubtotalElectricUtilityOperatingExpenses_label" xlink:role="http://www.xbrl.org/2003/role/label">Subtotal</link:label>
    <link:label xml:lang="en" xlink:type="resource" xlink:label="jpcrp030000-asr_E04502-000_SubtotalElectricUtilityOperatingExpenses_label_1" xlink:role="http://www.xbrl.org/2003/role/verboseLabel">Subtotal, Electric utility operating expenses</link:label>
    <link:label xml:lang="en" xlink:type="resource" xlink:label="jpcrp030000-asr_E04502-000_TadashiShimaoMember_label" xlink:role="http://www.xbrl.org/2003/role/label">Tadashi Shimao</link:label>
    <link:label xml:lang="en" xlink:type="resource" xlink:label="jpcrp030000-asr_E04502-000_TadashiShimaoMember_label_1" xlink:role="http://www.xbrl.org/2003/role/verboseLabel">Tadashi Shimao [member]</link:label>
    <link:label xml:lang="en" xlink:type="resource" xlink:label="jpcrp030000-asr_E04502-000_TakayukiHashimotoMember_label" xlink:role="http://www.xbrl.org/2003/role/label">Takayuki Hashimoto</link:label>
    <link:label xml:lang="en" xlink:type="resource" xlink:label="jpcrp030000-asr_E04502-000_TakayukiHashimotoMember_label_1" xlink:role="http://www.xbrl.org/2003/role/verboseLabel">Takayuki Hashimoto [member]</link:label>
    <link:label xml:lang="en" xlink:type="resource" xlink:label="jpcrp030000-asr_E04502-000_YoshiroHiraiwaMember_label" xlink:role="http://www.xbrl.org/2003/role/label">Yoshiro Hiraiwa</link:label>
    <link:label xml:lang="en" xlink:type="resource" xlink:label="jpcrp030000-asr_E04502-000_YoshiroHiraiwaMember_label_1" xlink:role="http://www.xbrl.org/2003/role/verboseLabel">Yoshiro Hiraiwa [member]</link:label>
    <link:loc xlink:type="locator" xlink:href="jpcrp030000-asr-001_E04502-000_2020-03-31_01_2020-06-26.xsd#jpcrp030000-asr_E04502-000_AkinoriKataokaMember" xlink:label="jpcrp030000-asr_E04502-000_AkinoriKataokaMember" />
    <link:loc xlink:type="locator" xlink:href="jpcrp030000-asr-001_E04502-000_2020-03-31_01_2020-06-26.xsd#jpcrp030000-asr_E04502-000_ChiyojiKurataMember" xlink:label="jpcrp030000-asr_E04502-000_ChiyojiKurataMember" />
    <link:loc xlink:type="locator" xlink:href="jpcrp030000-asr-001_E04502-000_2020-03-31_01_2020-06-26.xsd#jpcrp030000-asr_E04502-000_ConsignmemtExpensesElectricUtilityOparatingExpensesSGA" xlink:label="jpcrp030000-asr_E04502-000_ConsignmemtExpensesElectricUtilityOparatingExpensesSGA" />
    <link:loc xlink:type="locator" xlink:href="jpcrp030000-asr-001_E04502-000_2020-03-31_01_2020-06-26.xsd#jpcrp030000-asr_E04502-000_ConsignmemtExpensesElectricUtilityOperatingExpenses" xlink:label="jpcrp030000-asr_E04502-000_ConsignmemtExpensesElectricUtilityOperatingExpenses" />
    <link:loc xlink:type="locator" xlink:href="jpcrp030000-asr-001_E04502-000_2020-03-31_01_2020-06-26.xsd#jpcrp030000-asr_E04502-000_CustomerServiceAndSalesCompanyReportableSegmentMember" xlink:label="jpcrp030000-asr_E04502-000_CustomerServiceAndSalesCompanyReportableSegmentMember" />
    <link:loc xlink:type="locator" xlink:href="jpcrp030000-asr-001_E04502-000_2020-03-31_01_2020-06-26.xsd#jpcrp030000-asr_E04502-000_ElectricUtilityOperatingExpenses" xlink:label="jpcrp030000-asr_E04502-000_ElectricUtilityOperatingExpenses" />
    <link:loc xlink:type="locator" xlink:href="jpcrp030000-asr-001_E04502-000_2020-03-31_01_2020-06-26.xsd#jpcrp030000-asr_E04502-000_FuelExpensesElectricUtilityOparatingExpensesSGA" xlink:label="jpcrp030000-asr_E04502-000_FuelExpensesElectricUtilityOparatingExpensesSGA" />
    <link:loc xlink:type="locator" xlink:href="jpcrp030000-asr-001_E04502-000_2020-03-31_01_2020-06-26.xsd#jpcrp030000-asr_E04502-000_FuelExpensesElectricUtilityOperatingExpenses" xlink:label="jpcrp030000-asr_E04502-000_FuelExpensesElectricUtilityOperatingExpenses" />
    <link:loc xlink:type="locator" xlink:href="jpcrp030000-asr-001_E04502-000_2020-03-31_01_2020-06-26.xsd#jpcrp030000-asr_E04502-000_FumikoNagatomiMember" xlink:label="jpcrp030000-asr_E04502-000_FumikoNagatomiMember" />
    <link:loc xlink:type="locator" xlink:href="jpcrp030000-asr-001_E04502-000_2020-03-31_01_2020-06-26.xsd#jpcrp030000-asr_E04502-000_GainOnChangeInEquityOpeCF" xlink:label="jpcrp030000-asr_E04502-000_GainOnChangeInEquityOpeCF" />
    <link:loc xlink:type="locator" xlink:href="jpcrp030000-asr-001_E04502-000_2020-03-31_01_2020-06-26.xsd#jpcrp030000-asr_E04502-000_HiroshiTakadaMember" xlink:label="jpcrp030000-asr_E04502-000_HiroshiTakadaMember" />
    <link:loc xlink:type="locator" xlink:href="jpcrp030000-asr-001_E04502-000_2020-03-31_01_2020-06-26.xsd#jpcrp030000-asr_E04502-000_HitoshiMizutaniMember" xlink:label="jpcrp030000-asr_E04502-000_HitoshiMizutaniMember" />
    <link:loc xlink:type="locator" xlink:href="jpcrp030000-asr-001_E04502-000_2020-03-31_01_2020-06-26.xsd#jpcrp030000-asr_E04502-000_IncreaseDecreaseInNetDefinedBenefitLiabilityAndAssetOpeCF" xlink:label="jpcrp030000-asr_E04502-000_IncreaseDecreaseInNetDefinedBenefitLiabilityAndAssetOpeCF" />
    <link:loc xlink:type="locator" xlink:href="jpcrp030000-asr-001_E04502-000_2020-03-31_01_2020-06-26.xsd#jpcrp030000-asr_E04502-000_IncreaseDecreaseInProvisionForLossInConjunctionWithDiscontinuedOperationsOfNuclearPowerPlantsOpeCFELE" xlink:label="jpcrp030000-asr_E04502-000_IncreaseDecreaseInProvisionForLossInConjunctionWithDiscontinuedOperationsOfNuclearPowerPlantsOpeCFELE" />
    <link:loc xlink:type="locator" xlink:href="jpcrp030000-asr-001_E04502-000_2020-03-31_01_2020-06-26.xsd#jpcrp030000-asr_E04502-000_InternalTransactionCancellationElectricUtilityOperatingExpenses" xlink:label="jpcrp030000-asr_E04502-000_InternalTransactionCancellationElectricUtilityOperatingExpenses" />
    <link:loc xlink:type="locator" xlink:href="jpcrp030000-asr-001_E04502-000_2020-03-31_01_2020-06-26.xsd#jpcrp030000-asr_E04502-000_JERAReportableSegmentMember" xlink:label="jpcrp030000-asr_E04502-000_JERAReportableSegmentMember" />
    <link:loc xlink:type="locator" xlink:href="jpcrp030000-asr-001_E04502-000_2020-03-31_01_2020-06-26.xsd#jpcrp030000-asr_E04502-000_KingoHayashiMember" xlink:label="jpcrp030000-asr_E04502-000_KingoHayashiMember" />
    <link:loc xlink:type="locator" xlink:href="jpcrp030000-asr-001_E04502-000_2020-03-31_01_2020-06-26.xsd#jpcrp030000-asr_E04502-000_LevyUnderActOnPurchaseOfRenewableEnergySourcedElectricityOEElectricELESGA" xlink:label="jpcrp030000-asr_E04502-000_LevyUnderActOnPurchaseOfRenewableEnergySourcedElectricityOEElectricELESGA" />
    <link:loc xlink:type="locator" xlink:href="jpcrp030000-asr-001_E04502-000_2020-03-31_01_2020-06-26.xsd#jpcrp030000-asr_E04502-000_MichinariHamaguchiMember" xlink:label="jpcrp030000-asr_E04502-000_MichinariHamaguchiMember" />
    <link:loc xlink:type="locator" xlink:href="jpcrp030000-asr-001_E04502-000_2020-03-31_01_2020-06-26.xsd#jpcrp030000-asr_E04502-000_MitsueKuriharaMember" xlink:label="jpcrp030000-asr_E04502-000_MitsueKuriharaMember" />
    <link:loc xlink:type="locator" xlink:href="jpcrp030000-asr-001_E04502-000_2020-03-31_01_2020-06-26.xsd#jpcrp030000-asr_E04502-000_MonthlyCompensationsMonthlyRemunerationEtcByCategoryOfDirectorsAndOtherOfficers" xlink:label="jpcrp030000-asr_E04502-000_MonthlyCompensationsMonthlyRemunerationEtcByCategoryOfDirectorsAndOtherOfficers" />
    <link:loc xlink:type="locator" xlink:href="jpcrp030000-asr-001_E04502-000_2020-03-31_01_2020-06-26.xsd#jpcrp030000-asr_E04502-000_NotesRegardingAccruedTaxesTextBlock" xlink:label="jpcrp030000-asr_E04502-000_NotesRegardingAccruedTaxesTextBlock" />
    <link:loc xlink:type="locator" xlink:href="jpcrp030000-asr-001_E04502-000_2020-03-31_01_2020-06-26.xsd#jpcrp030000-asr_E04502-000_NotesRegardingAmountsOfReductionEntryOfNonCurrentAssetsTextBlock" xlink:label="jpcrp030000-asr_E04502-000_NotesRegardingAmountsOfReductionEntryOfNonCurrentAssetsTextBlock" />
    <link:loc xlink:type="locator" xlink:href="jpcrp030000-asr-001_E04502-000_2020-03-31_01_2020-06-26.xsd#jpcrp030000-asr_E04502-000_NotesRegardingCurrentPortionOfNoncurrentLiabilitiesTextBlock" xlink:label="jpcrp030000-asr_E04502-000_NotesRegardingCurrentPortionOfNoncurrentLiabilitiesTextBlock" />
    <link:loc xlink:type="locator" xlink:href="jpcrp030000-asr-001_E04502-000_2020-03-31_01_2020-06-26.xsd#jpcrp030000-asr_E04502-000_NotesRegardingIncidentalBusinessFacilitiesInStatementOfIncomeTextBlock" xlink:label="jpcrp030000-asr_E04502-000_NotesRegardingIncidentalBusinessFacilitiesInStatementOfIncomeTextBlock" />
    <link:loc xlink:type="locator" xlink:href="jpcrp030000-asr-001_E04502-000_2020-03-31_01_2020-06-26.xsd#jpcrp030000-asr_E04502-000_NotesRegardingLoansPayableToDevelopmentBankOfJapanIncTextBlock" xlink:label="jpcrp030000-asr_E04502-000_NotesRegardingLoansPayableToDevelopmentBankOfJapanIncTextBlock" />
    <link:loc xlink:type="locator" xlink:href="jpcrp030000-asr-001_E04502-000_2020-03-31_01_2020-06-26.xsd#jpcrp030000-asr_E04502-000_NotesRegardingProvisionOfAllowanceIncludedInOperatingExpensesTextBlock" xlink:label="jpcrp030000-asr_E04502-000_NotesRegardingProvisionOfAllowanceIncludedInOperatingExpensesTextBlock" />
    <link:loc xlink:type="locator" xlink:href="jpcrp030000-asr-001_E04502-000_2020-03-31_01_2020-06-26.xsd#jpcrp030000-asr_E04502-000_NotesRegardingResearchAndDevelopmentCostsIncludedInOperatingExpensesTextBlock" xlink:label="jpcrp030000-asr_E04502-000_NotesRegardingResearchAndDevelopmentCostsIncludedInOperatingExpensesTextBlock" />
    <link:loc xlink:type="locator" xlink:href="jpcrp030000-asr-001_E04502-000_2020-03-31_01_2020-06-26.xsd#jpcrp030000-asr_E04502-000_OtherElectricUtilityOparatingExpensesSGA" xlink:label="jpcrp030000-asr_E04502-000_OtherElectricUtilityOparatingExpensesSGA" />
    <link:loc xlink:type="locator" xlink:href="jpcrp030000-asr-001_E04502-000_2020-03-31_01_2020-06-26.xsd#jpcrp030000-asr_E04502-000_OtherElectricUtilityOperatingExpenses" xlink:label="jpcrp030000-asr_E04502-000_OtherElectricUtilityOperatingExpenses" />
    <link:loc xlink:type="locator" xlink:href="jpcrp030000-asr-001_E04502-000_2020-03-31_01_2020-06-26.xsd#jpcrp030000-asr_E04502-000_PerformanceBasedStockRemunerationRemunerationEtcByCategoryOfDirectorsAndOtherOfficers" xlink:label="jpcrp030000-asr_E04502-000_PerformanceBasedStockRemunerationRemunerationEtcByCategoryOfDirectorsAndOtherOfficers" />
    <link:loc xlink:type="locator" xlink:href="jpcrp030000-asr-001_E04502-000_2020-03-31_01_2020-06-26.xsd#jpcrp030000-asr_E04502-000_PerformanceLinkedBonusesPerformanceLinkedRemunerationEtcByCategoryOfDirectorsAndOtherOfficers" xlink:label="jpcrp030000-asr_E04502-000_PerformanceLinkedBonusesPerformanceLinkedRemunerationEtcByCategoryOfDirectorsAndOtherOfficers" />
    <link:loc xlink:type="locator" xlink:href="jpcrp030000-asr-001_E04502-000_2020-03-31_01_2020-06-26.xsd#jpcrp030000-asr_E04502-000_PowerNetworkCompanyReportableSegmentMember" xlink:label="jpcrp030000-asr_E04502-000_PowerNetworkCompanyReportableSegmentMember" />
    <link:loc xlink:type="locator" xlink:href="jpcrp030000-asr-001_E04502-000_2020-03-31_01_2020-06-26.xsd#jpcrp030000-asr_E04502-000_PowerPurchaseExpensesPaidToOtherSuppliersElectricUtilityOperatingExpenses" xlink:label="jpcrp030000-asr_E04502-000_PowerPurchaseExpensesPaidToOtherSuppliersElectricUtilityOperatingExpenses" />
    <link:loc xlink:type="locator" xlink:href="jpcrp030000-asr-001_E04502-000_2020-03-31_01_2020-06-26.xsd#jpcrp030000-asr_E04502-000_PowerPurchaseExpensesPaidToOtherSuppliersElectricUtilityOperatingExpensesSGA" xlink:label="jpcrp030000-asr_E04502-000_PowerPurchaseExpensesPaidToOtherSuppliersElectricUtilityOperatingExpensesSGA" />
    <link:loc xlink:type="locator" xlink:href="jpcrp030000-asr-001_E04502-000_2020-03-31_01_2020-06-26.xsd#jpcrp030000-asr_E04502-000_ProvisionForLossInConjunctionWithDiscontinuedOperationsOfNuclearPowerPlantsNCLELE" xlink:label="jpcrp030000-asr_E04502-000_ProvisionForLossInConjunctionWithDiscontinuedOperationsOfNuclearPowerPlantsNCLELE" />
    <link:loc xlink:type="locator" xlink:href="jpcrp030000-asr-001_E04502-000_2020-03-31_01_2020-06-26.xsd#jpcrp030000-asr_E04502-000_RetirementBenefitExpensesElectricUtilityOparatingExpensesSGA" xlink:label="jpcrp030000-asr_E04502-000_RetirementBenefitExpensesElectricUtilityOparatingExpensesSGA" />
    <link:loc xlink:type="locator" xlink:href="jpcrp030000-asr-001_E04502-000_2020-03-31_01_2020-06-26.xsd#jpcrp030000-asr_E04502-000_RetirementBenefitExpensesElectricUtilityOperatingExpenses" xlink:label="jpcrp030000-asr_E04502-000_RetirementBenefitExpensesElectricUtilityOperatingExpenses" />
    <link:loc xlink:type="locator" xlink:href="jpcrp030000-asr-001_E04502-000_2020-03-31_01_2020-06-26.xsd#jpcrp030000-asr_E04502-000_SalariesAndAllowancesElectricUtilityOparatingExpensesSGA" xlink:label="jpcrp030000-asr_E04502-000_SalariesAndAllowancesElectricUtilityOparatingExpensesSGA" />
    <link:loc xlink:type="locator" xlink:href="jpcrp030000-asr-001_E04502-000_2020-03-31_01_2020-06-26.xsd#jpcrp030000-asr_E04502-000_SalariesAndAllowancesElectricUtilityOperatingExpenses" xlink:label="jpcrp030000-asr_E04502-000_SalariesAndAllowancesElectricUtilityOperatingExpenses" />
    <link:loc xlink:type="locator" xlink:href="jpcrp030000-asr-001_E04502-000_2020-03-31_01_2020-06-26.xsd#jpcrp030000-asr_E04502-000_SatoruKatsunoMember" xlink:label="jpcrp030000-asr_E04502-000_SatoruKatsunoMember" />
    <link:loc xlink:type="locator" xlink:href="jpcrp030000-asr-001_E04502-000_2020-03-31_01_2020-06-26.xsd#jpcrp030000-asr_E04502-000_SellingGeneralAndAdministrativeExpensesElectricUtilityOperatingExpenses" xlink:label="jpcrp030000-asr_E04502-000_SellingGeneralAndAdministrativeExpensesElectricUtilityOperatingExpenses" />
    <link:loc xlink:type="locator" xlink:href="jpcrp030000-asr-001_E04502-000_2020-03-31_01_2020-06-26.xsd#jpcrp030000-asr_E04502-000_ShinyaOtaniMember" xlink:label="jpcrp030000-asr_E04502-000_ShinyaOtaniMember" />
    <link:loc xlink:type="locator" xlink:href="jpcrp030000-asr-001_E04502-000_2020-03-31_01_2020-06-26.xsd#jpcrp030000-asr_E04502-000_ShuichiTeradaMember" xlink:label="jpcrp030000-asr_E04502-000_ShuichiTeradaMember" />
    <link:loc xlink:type="locator" xlink:href="jpcrp030000-asr-001_E04502-000_2020-03-31_01_2020-06-26.xsd#jpcrp030000-asr_E04502-000_SubtotalElectricUtilityOperatingExpenses" xlink:label="jpcrp030000-asr_E04502-000_SubtotalElectricUtilityOperatingExpenses" />
    <link:loc xlink:type="locator" xlink:href="jpcrp030000-asr-001_E04502-000_2020-03-31_01_2020-06-26.xsd#jpcrp030000-asr_E04502-000_TadashiShimaoMember" xlink:label="jpcrp030000-asr_E04502-000_TadashiShimaoMember" />
    <link:loc xlink:type="locator" xlink:href="jpcrp030000-asr-001_E04502-000_2020-03-31_01_2020-06-26.xsd#jpcrp030000-asr_E04502-000_TakayukiHashimotoMember" xlink:label="jpcrp030000-asr_E04502-000_TakayukiHashimotoMember" />
    <link:loc xlink:type="locator" xlink:href="jpcrp030000-asr-001_E04502-000_2020-03-31_01_2020-06-26.xsd#jpcrp030000-asr_E04502-000_YoshiroHiraiwaMember" xlink:label="jpcrp030000-asr_E04502-000_YoshiroHiraiwaMember" />
    <link:labelArc xlink:type="arc" xlink:from="jpcrp030000-asr_E04502-000_AkinoriKataokaMember" xlink:to="jpcrp030000-asr_E04502-000_AkinoriKataokaMember_label_1" xlink:arcrole="http://www.xbrl.org/2003/arcrole/concept-label" order="1" />
    <link:labelArc xlink:type="arc" xlink:from="jpcrp030000-asr_E04502-000_AkinoriKataokaMember" xlink:to="jpcrp030000-asr_E04502-000_AkinoriKataokaMember_label" xlink:arcrole="http://www.xbrl.org/2003/arcrole/concept-label" order="1" />
    <link:labelArc xlink:type="arc" xlink:from="jpcrp030000-asr_E04502-000_ChiyojiKurataMember" xlink:to="jpcrp030000-asr_E04502-000_ChiyojiKurataMember_label_1" xlink:arcrole="http://www.xbrl.org/2003/arcrole/concept-label" order="1" />
    <link:labelArc xlink:type="arc" xlink:from="jpcrp030000-asr_E04502-000_ChiyojiKurataMember" xlink:to="jpcrp030000-asr_E04502-000_ChiyojiKurataMember_label" xlink:arcrole="http://www.xbrl.org/2003/arcrole/concept-label" order="1" />
    <link:labelArc xlink:type="arc" xlink:from="jpcrp030000-asr_E04502-000_ConsignmemtExpensesElectricUtilityOparatingExpensesSGA" xlink:to="jpcrp030000-asr_E04502-000_ConsignmemtExpensesElectricUtilityOparatingExpensesSGA_label_1" xlink:arcrole="http://www.xbrl.org/2003/arcrole/concept-label" order="1" />
    <link:labelArc xlink:type="arc" xlink:from="jpcrp030000-asr_E04502-000_ConsignmemtExpensesElectricUtilityOparatingExpensesSGA" xlink:to="jpcrp030000-asr_E04502-000_ConsignmemtExpensesElectricUtilityOparatingExpensesSGA_label" xlink:arcrole="http://www.xbrl.org/2003/arcrole/concept-label" order="1" />
    <link:labelArc xlink:type="arc" xlink:from="jpcrp030000-asr_E04502-000_ConsignmemtExpensesElectricUtilityOperatingExpenses" xlink:to="jpcrp030000-asr_E04502-000_ConsignmemtExpensesElectricUtilityOperatingExpenses_label_1" xlink:arcrole="http://www.xbrl.org/2003/arcrole/concept-label" order="1" />
    <link:labelArc xlink:type="arc" xlink:from="jpcrp030000-asr_E04502-000_ConsignmemtExpensesElectricUtilityOperatingExpenses" xlink:to="jpcrp030000-asr_E04502-000_ConsignmemtExpensesElectricUtilityOperatingExpenses_label" xlink:arcrole="http://www.xbrl.org/2003/arcrole/concept-label" order="1" />
    <link:labelArc xlink:type="arc" xlink:from="jpcrp030000-asr_E04502-000_CustomerServiceAndSalesCompanyReportableSegmentMember" xlink:to="jpcrp030000-asr_E04502-000_CustomerServiceAndSalesCompanyReportableSegmentMember_label_1" xlink:arcrole="http://www.xbrl.org/2003/arcrole/concept-label" order="1" />
    <link:labelArc xlink:type="arc" xlink:from="jpcrp030000-asr_E04502-000_CustomerServiceAndSalesCompanyReportableSegmentMember" xlink:to="jpcrp030000-asr_E04502-000_CustomerServiceAndSalesCompanyReportableSegmentMember_label" xlink:arcrole="http://www.xbrl.org/2003/arcrole/concept-label" order="1" />
    <link:labelArc xlink:type="arc" xlink:from="jpcrp030000-asr_E04502-000_ElectricUtilityOperatingExpenses" xlink:to="jpcrp030000-asr_E04502-000_ElectricUtilityOperatingExpenses_label_1" xlink:arcrole="http://www.xbrl.org/2003/arcrole/concept-label" order="1" />
    <link:labelArc xlink:type="arc" xlink:from="jpcrp030000-asr_E04502-000_ElectricUtilityOperatingExpenses" xlink:to="jpcrp030000-asr_E04502-000_ElectricUtilityOperatingExpenses_label" xlink:arcrole="http://www.xbrl.org/2003/arcrole/concept-label" order="1" />
    <link:labelArc xlink:type="arc" xlink:from="jpcrp030000-asr_E04502-000_FuelExpensesElectricUtilityOparatingExpensesSGA" xlink:to="jpcrp030000-asr_E04502-000_FuelExpensesElectricUtilityOparatingExpensesSGA_label_1" xlink:arcrole="http://www.xbrl.org/2003/arcrole/concept-label" order="1" />
    <link:labelArc xlink:type="arc" xlink:from="jpcrp030000-asr_E04502-000_FuelExpensesElectricUtilityOparatingExpensesSGA" xlink:to="jpcrp030000-asr_E04502-000_FuelExpensesElectricUtilityOparatingExpensesSGA_label" xlink:arcrole="http://www.xbrl.org/2003/arcrole/concept-label" order="1" />
    <link:labelArc xlink:type="arc" xlink:from="jpcrp030000-asr_E04502-000_FuelExpensesElectricUtilityOperatingExpenses" xlink:to="jpcrp030000-asr_E04502-000_FuelExpensesElectricUtilityOperatingExpenses_label_1" xlink:arcrole="http://www.xbrl.org/2003/arcrole/concept-label" order="1" />
    <link:labelArc xlink:type="arc" xlink:from="jpcrp030000-asr_E04502-000_FuelExpensesElectricUtilityOperatingExpenses" xlink:to="jpcrp030000-asr_E04502-000_FuelExpensesElectricUtilityOperatingExpenses_label" xlink:arcrole="http://www.xbrl.org/2003/arcrole/concept-label" order="1" />
    <link:labelArc xlink:type="arc" xlink:from="jpcrp030000-asr_E04502-000_FumikoNagatomiMember" xlink:to="jpcrp030000-asr_E04502-000_FumikoNagatomiMember_label_1" xlink:arcrole="http://www.xbrl.org/2003/arcrole/concept-label" order="1" />
    <link:labelArc xlink:type="arc" xlink:from="jpcrp030000-asr_E04502-000_FumikoNagatomiMember" xlink:to="jpcrp030000-asr_E04502-000_FumikoNagatomiMember_label" xlink:arcrole="http://www.xbrl.org/2003/arcrole/concept-label" order="1" />
    <link:labelArc xlink:type="arc" xlink:from="jpcrp030000-asr_E04502-000_GainOnChangeInEquityOpeCF" xlink:to="jpcrp030000-asr_E04502-000_GainOnChangeInEquityOpeCF_label_1" xlink:arcrole="http://www.xbrl.org/2003/arcrole/concept-label" order="1" />
    <link:labelArc xlink:type="arc" xlink:from="jpcrp030000-asr_E04502-000_GainOnChangeInEquityOpeCF" xlink:to="jpcrp030000-asr_E04502-000_GainOnChangeInEquityOpeCF_label" xlink:arcrole="http://www.xbrl.org/2003/arcrole/concept-label" order="1" />
    <link:labelArc xlink:type="arc" xlink:from="jpcrp030000-asr_E04502-000_HiroshiTakadaMember" xlink:to="jpcrp030000-asr_E04502-000_HiroshiTakadaMember_label_1" xlink:arcrole="http://www.xbrl.org/2003/arcrole/concept-label" order="1" />
    <link:labelArc xlink:type="arc" xlink:from="jpcrp030000-asr_E04502-000_HiroshiTakadaMember" xlink:to="jpcrp030000-asr_E04502-000_HiroshiTakadaMember_label" xlink:arcrole="http://www.xbrl.org/2003/arcrole/concept-label" order="1" />
    <link:labelArc xlink:type="arc" xlink:from="jpcrp030000-asr_E04502-000_HitoshiMizutaniMember" xlink:to="jpcrp030000-asr_E04502-000_HitoshiMizutaniMember_label_1" xlink:arcrole="http://www.xbrl.org/2003/arcrole/concept-label" order="1" />
    <link:labelArc xlink:type="arc" xlink:from="jpcrp030000-asr_E04502-000_HitoshiMizutaniMember" xlink:to="jpcrp030000-asr_E04502-000_HitoshiMizutaniMember_label" xlink:arcrole="http://www.xbrl.org/2003/arcrole/concept-label" order="1" />
    <link:labelArc xlink:type="arc" xlink:from="jpcrp030000-asr_E04502-000_IncreaseDecreaseInNetDefinedBenefitLiabilityAndAssetOpeCF" xlink:to="jpcrp030000-asr_E04502-000_IncreaseDecreaseInNetDefinedBenefitLiabilityAndAssetOpeCF_label_2" xlink:arcrole="http://www.xbrl.org/2003/arcrole/concept-label" order="1" />
    <link:labelArc xlink:type="arc" xlink:from="jpcrp030000-asr_E04502-000_IncreaseDecreaseInNetDefinedBenefitLiabilityAndAssetOpeCF" xlink:to="jpcrp030000-asr_E04502-000_IncreaseDecreaseInNetDefinedBenefitLiabilityAndAssetOpeCF_label_1" xlink:arcrole="http://www.xbrl.org/2003/arcrole/concept-label" order="1" />
    <link:labelArc xlink:type="arc" xlink:from="jpcrp030000-asr_E04502-000_IncreaseDecreaseInNetDefinedBenefitLiabilityAndAssetOpeCF" xlink:to="jpcrp030000-asr_E04502-000_IncreaseDecreaseInNetDefinedBenefitLiabilityAndAssetOpeCF_label" xlink:arcrole="http://www.xbrl.org/2003/arcrole/concept-label" order="1" />
    <link:labelArc xlink:type="arc" xlink:from="jpcrp030000-asr_E04502-000_IncreaseDecreaseInProvisionForLossInConjunctionWithDiscontinuedOperationsOfNuclearPowerPlantsOpeCFELE" xlink:to="jpcrp030000-asr_E04502-000_IncreaseDecreaseInProvisionForLossInConjunctionWithDiscontinuedOperationsOfNuclearPowerPlantsOpeCFELE_label_2" xlink:arcrole="http://www.xbrl.org/2003/arcrole/concept-label" order="1" />
    <link:labelArc xlink:type="arc" xlink:from="jpcrp030000-asr_E04502-000_IncreaseDecreaseInProvisionForLossInConjunctionWithDiscontinuedOperationsOfNuclearPowerPlantsOpeCFELE" xlink:to="jpcrp030000-asr_E04502-000_IncreaseDecreaseInProvisionForLossInConjunctionWithDiscontinuedOperationsOfNuclearPowerPlantsOpeCFELE_label_1" xlink:arcrole="http://www.xbrl.org/2003/arcrole/concept-label" order="1" />
    <link:labelArc xlink:type="arc" xlink:from="jpcrp030000-asr_E04502-000_IncreaseDecreaseInProvisionForLossInConjunctionWithDiscontinuedOperationsOfNuclearPowerPlantsOpeCFELE" xlink:to="jpcrp030000-asr_E04502-000_IncreaseDecreaseInProvisionForLossInConjunctionWithDiscontinuedOperationsOfNuclearPowerPlantsOpeCFELE_label" xlink:arcrole="http://www.xbrl.org/2003/arcrole/concept-label" order="1" />
    <link:labelArc xlink:type="arc" xlink:from="jpcrp030000-asr_E04502-000_InternalTransactionCancellationElectricUtilityOperatingExpenses" xlink:to="jpcrp030000-asr_E04502-000_InternalTransactionCancellationElectricUtilityOperatingExpenses_label_1" xlink:arcrole="http://www.xbrl.org/2003/arcrole/concept-label" order="1" />
    <link:labelArc xlink:type="arc" xlink:from="jpcrp030000-asr_E04502-000_InternalTransactionCancellationElectricUtilityOperatingExpenses" xlink:to="jpcrp030000-asr_E04502-000_InternalTransactionCancellationElectricUtilityOperatingExpenses_label" xlink:arcrole="http://www.xbrl.org/2003/arcrole/concept-label" order="1" />
    <link:labelArc xlink:type="arc" xlink:from="jpcrp030000-asr_E04502-000_JERAReportableSegmentMember" xlink:to="jpcrp030000-asr_E04502-000_JERAReportableSegmentMember_label_1" xlink:arcrole="http://www.xbrl.org/2003/arcrole/concept-label" order="1" />
    <link:labelArc xlink:type="arc" xlink:from="jpcrp030000-asr_E04502-000_JERAReportableSegmentMember" xlink:to="jpcrp030000-asr_E04502-000_JERAReportableSegmentMember_label" xlink:arcrole="http://www.xbrl.org/2003/arcrole/concept-label" order="1" />
    <link:labelArc xlink:type="arc" xlink:from="jpcrp030000-asr_E04502-000_KingoHayashiMember" xlink:to="jpcrp030000-asr_E04502-000_KingoHayashiMember_label_1" xlink:arcrole="http://www.xbrl.org/2003/arcrole/concept-label" order="1" />
    <link:labelArc xlink:type="arc" xlink:from="jpcrp030000-asr_E04502-000_KingoHayashiMember" xlink:to="jpcrp030000-asr_E04502-000_KingoHayashiMember_label" xlink:arcrole="http://www.xbrl.org/2003/arcrole/concept-label" order="1" />
    <link:labelArc xlink:type="arc" xlink:from="jpcrp030000-asr_E04502-000_LevyUnderActOnPurchaseOfRenewableEnergySourcedElectricityOEElectricELESGA" xlink:to="jpcrp030000-asr_E04502-000_LevyUnderActOnPurchaseOfRenewableEnergySourcedElectricityOEElectricELESGA_label_1" xlink:arcrole="http://www.xbrl.org/2003/arcrole/concept-label" order="1" />
    <link:labelArc xlink:type="arc" xlink:from="jpcrp030000-asr_E04502-000_LevyUnderActOnPurchaseOfRenewableEnergySourcedElectricityOEElectricELESGA" xlink:to="jpcrp030000-asr_E04502-000_LevyUnderActOnPurchaseOfRenewableEnergySourcedElectricityOEElectricELESGA_label" xlink:arcrole="http://www.xbrl.org/2003/arcrole/concept-label" order="1" />
    <link:labelArc xlink:type="arc" xlink:from="jpcrp030000-asr_E04502-000_MichinariHamaguchiMember" xlink:to="jpcrp030000-asr_E04502-000_MichinariHamaguchiMember_label_1" xlink:arcrole="http://www.xbrl.org/2003/arcrole/concept-label" order="1" />
    <link:labelArc xlink:type="arc" xlink:from="jpcrp030000-asr_E04502-000_MichinariHamaguchiMember" xlink:to="jpcrp030000-asr_E04502-000_MichinariHamaguchiMember_label" xlink:arcrole="http://www.xbrl.org/2003/arcrole/concept-label" order="1" />
    <link:labelArc xlink:type="arc" xlink:from="jpcrp030000-asr_E04502-000_MitsueKuriharaMember" xlink:to="jpcrp030000-asr_E04502-000_MitsueKuriharaMember_label_1" xlink:arcrole="http://www.xbrl.org/2003/arcrole/concept-label" order="1" />
    <link:labelArc xlink:type="arc" xlink:from="jpcrp030000-asr_E04502-000_MitsueKuriharaMember" xlink:to="jpcrp030000-asr_E04502-000_MitsueKuriharaMember_label" xlink:arcrole="http://www.xbrl.org/2003/arcrole/concept-label" order="1" />
    <link:labelArc xlink:type="arc" xlink:from="jpcrp030000-asr_E04502-000_MonthlyCompensationsMonthlyRemunerationEtcByCategoryOfDirectorsAndOtherOfficers" xlink:to="jpcrp030000-asr_E04502-000_MonthlyCompensationsMonthlyRemunerationEtcByCategoryOfDirectorsAndOtherOfficers_label_1" xlink:arcrole="http://www.xbrl.org/2003/arcrole/concept-label" order="1" />
    <link:labelArc xlink:type="arc" xlink:from="jpcrp030000-asr_E04502-000_MonthlyCompensationsMonthlyRemunerationEtcByCategoryOfDirectorsAndOtherOfficers" xlink:to="jpcrp030000-asr_E04502-000_MonthlyCompensationsMonthlyRemunerationEtcByCategoryOfDirectorsAndOtherOfficers_label" xlink:arcrole="http://www.xbrl.org/2003/arcrole/concept-label" order="1" />
    <link:labelArc xlink:type="arc" xlink:from="jpcrp030000-asr_E04502-000_NotesRegardingAccruedTaxesTextBlock" xlink:to="jpcrp030000-asr_E04502-000_NotesRegardingAccruedTaxesTextBlock_label_1" xlink:arcrole="http://www.xbrl.org/2003/arcrole/concept-label" order="1" />
    <link:labelArc xlink:type="arc" xlink:from="jpcrp030000-asr_E04502-000_NotesRegardingAccruedTaxesTextBlock" xlink:to="jpcrp030000-asr_E04502-000_NotesRegardingAccruedTaxesTextBlock_label" xlink:arcrole="http://www.xbrl.org/2003/arcrole/concept-label" order="1" />
    <link:labelArc xlink:type="arc" xlink:from="jpcrp030000-asr_E04502-000_NotesRegardingAmountsOfReductionEntryOfNonCurrentAssetsTextBlock" xlink:to="jpcrp030000-asr_E04502-000_NotesRegardingAmountsOfReductionEntryOfNonCurrentAssetsTextBlock_label_1" xlink:arcrole="http://www.xbrl.org/2003/arcrole/concept-label" order="1" />
    <link:labelArc xlink:type="arc" xlink:from="jpcrp030000-asr_E04502-000_NotesRegardingAmountsOfReductionEntryOfNonCurrentAssetsTextBlock" xlink:to="jpcrp030000-asr_E04502-000_NotesRegardingAmountsOfReductionEntryOfNonCurrentAssetsTextBlock_label" xlink:arcrole="http://www.xbrl.org/2003/arcrole/concept-label" order="1" />
    <link:labelArc xlink:type="arc" xlink:from="jpcrp030000-asr_E04502-000_NotesRegardingCurrentPortionOfNoncurrentLiabilitiesTextBlock" xlink:to="jpcrp030000-asr_E04502-000_NotesRegardingCurrentPortionOfNoncurrentLiabilitiesTextBlock_label_1" xlink:arcrole="http://www.xbrl.org/2003/arcrole/concept-label" order="1" />
    <link:labelArc xlink:type="arc" xlink:from="jpcrp030000-asr_E04502-000_NotesRegardingCurrentPortionOfNoncurrentLiabilitiesTextBlock" xlink:to="jpcrp030000-asr_E04502-000_NotesRegardingCurrentPortionOfNoncurrentLiabilitiesTextBlock_label" xlink:arcrole="http://www.xbrl.org/2003/arcrole/concept-label" order="1" />
    <link:labelArc xlink:type="arc" xlink:from="jpcrp030000-asr_E04502-000_NotesRegardingIncidentalBusinessFacilitiesInStatementOfIncomeTextBlock" xlink:to="jpcrp030000-asr_E04502-000_NotesRegardingIncidentalBusinessFacilitiesInStatementOfIncomeTextBlock_label_1" xlink:arcrole="http://www.xbrl.org/2003/arcrole/concept-label" order="1" />
    <link:labelArc xlink:type="arc" xlink:from="jpcrp030000-asr_E04502-000_NotesRegardingIncidentalBusinessFacilitiesInStatementOfIncomeTextBlock" xlink:to="jpcrp030000-asr_E04502-000_NotesRegardingIncidentalBusinessFacilitiesInStatementOfIncomeTextBlock_label" xlink:arcrole="http://www.xbrl.org/2003/arcrole/concept-label" order="1" />
    <link:labelArc xlink:type="arc" xlink:from="jpcrp030000-asr_E04502-000_NotesRegardingLoansPayableToDevelopmentBankOfJapanIncTextBlock" xlink:to="jpcrp030000-asr_E04502-000_NotesRegardingLoansPayableToDevelopmentBankOfJapanIncTextBlock_label_1" xlink:arcrole="http://www.xbrl.org/2003/arcrole/concept-label" order="1" />
    <link:labelArc xlink:type="arc" xlink:from="jpcrp030000-asr_E04502-000_NotesRegardingLoansPayableToDevelopmentBankOfJapanIncTextBlock" xlink:to="jpcrp030000-asr_E04502-000_NotesRegardingLoansPayableToDevelopmentBankOfJapanIncTextBlock_label" xlink:arcrole="http://www.xbrl.org/2003/arcrole/concept-label" order="1" />
    <link:labelArc xlink:type="arc" xlink:from="jpcrp030000-asr_E04502-000_NotesRegardingProvisionOfAllowanceIncludedInOperatingExpensesTextBlock" xlink:to="jpcrp030000-asr_E04502-000_NotesRegardingProvisionOfAllowanceIncludedInOperatingExpensesTextBlock_label_1" xlink:arcrole="http://www.xbrl.org/2003/arcrole/concept-label" order="1" />
    <link:labelArc xlink:type="arc" xlink:from="jpcrp030000-asr_E04502-000_NotesRegardingProvisionOfAllowanceIncludedInOperatingExpensesTextBlock" xlink:to="jpcrp030000-asr_E04502-000_NotesRegardingProvisionOfAllowanceIncludedInOperatingExpensesTextBlock_label" xlink:arcrole="http://www.xbrl.org/2003/arcrole/concept-label" order="1" />
    <link:labelArc xlink:type="arc" xlink:from="jpcrp030000-asr_E04502-000_NotesRegardingResearchAndDevelopmentCostsIncludedInOperatingExpensesTextBlock" xlink:to="jpcrp030000-asr_E04502-000_NotesRegardingResearchAndDevelopmentCostsIncludedInOperatingExpensesTextBlock_label_1" xlink:arcrole="http://www.xbrl.org/2003/arcrole/concept-label" order="1" />
    <link:labelArc xlink:type="arc" xlink:from="jpcrp030000-asr_E04502-000_NotesRegardingResearchAndDevelopmentCostsIncludedInOperatingExpensesTextBlock" xlink:to="jpcrp030000-asr_E04502-000_NotesRegardingResearchAndDevelopmentCostsIncludedInOperatingExpensesTextBlock_label" xlink:arcrole="http://www.xbrl.org/2003/arcrole/concept-label" order="1" />
    <link:labelArc xlink:type="arc" xlink:from="jpcrp030000-asr_E04502-000_OtherElectricUtilityOparatingExpensesSGA" xlink:to="jpcrp030000-asr_E04502-000_OtherElectricUtilityOparatingExpensesSGA_label_1" xlink:arcrole="http://www.xbrl.org/2003/arcrole/concept-label" order="1" />
    <link:labelArc xlink:type="arc" xlink:from="jpcrp030000-asr_E04502-000_OtherElectricUtilityOparatingExpensesSGA" xlink:to="jpcrp030000-asr_E04502-000_OtherElectricUtilityOparatingExpensesSGA_label" xlink:arcrole="http://www.xbrl.org/2003/arcrole/concept-label" order="1" />
    <link:labelArc xlink:type="arc" xlink:from="jpcrp030000-asr_E04502-000_OtherElectricUtilityOperatingExpenses" xlink:to="jpcrp030000-asr_E04502-000_OtherElectricUtilityOperatingExpenses_label_1" xlink:arcrole="http://www.xbrl.org/2003/arcrole/concept-label" order="1" />
    <link:labelArc xlink:type="arc" xlink:from="jpcrp030000-asr_E04502-000_OtherElectricUtilityOperatingExpenses" xlink:to="jpcrp030000-asr_E04502-000_OtherElectricUtilityOperatingExpenses_label" xlink:arcrole="http://www.xbrl.org/2003/arcrole/concept-label" order="1" />
    <link:labelArc xlink:type="arc" xlink:from="jpcrp030000-asr_E04502-000_PerformanceBasedStockRemunerationRemunerationEtcByCategoryOfDirectorsAndOtherOfficers" xlink:to="jpcrp030000-asr_E04502-000_PerformanceBasedStockRemunerationRemunerationEtcByCategoryOfDirectorsAndOtherOfficers_label_1" xlink:arcrole="http://www.xbrl.org/2003/arcrole/concept-label" order="1" />
    <link:labelArc xlink:type="arc" xlink:from="jpcrp030000-asr_E04502-000_PerformanceBasedStockRemunerationRemunerationEtcByCategoryOfDirectorsAndOtherOfficers" xlink:to="jpcrp030000-asr_E04502-000_PerformanceBasedStockRemunerationRemunerationEtcByCategoryOfDirectorsAndOtherOfficers_label" xlink:arcrole="http://www.xbrl.org/2003/arcrole/concept-label" order="1" />
    <link:labelArc xlink:type="arc" xlink:from="jpcrp030000-asr_E04502-000_PerformanceLinkedBonusesPerformanceLinkedRemunerationEtcByCategoryOfDirectorsAndOtherOfficers" xlink:to="jpcrp030000-asr_E04502-000_PerformanceLinkedBonusesPerformanceLinkedRemunerationEtcByCategoryOfDirectorsAndOtherOfficers_label_1" xlink:arcrole="http://www.xbrl.org/2003/arcrole/concept-label" order="1" />
    <link:labelArc xlink:type="arc" xlink:from="jpcrp030000-asr_E04502-000_PerformanceLinkedBonusesPerformanceLinkedRemunerationEtcByCategoryOfDirectorsAndOtherOfficers" xlink:to="jpcrp030000-asr_E04502-000_PerformanceLinkedBonusesPerformanceLinkedRemunerationEtcByCategoryOfDirectorsAndOtherOfficers_label" xlink:arcrole="http://www.xbrl.org/2003/arcrole/concept-label" order="1" />
    <link:labelArc xlink:type="arc" xlink:from="jpcrp030000-asr_E04502-000_PowerNetworkCompanyReportableSegmentMember" xlink:to="jpcrp030000-asr_E04502-000_PowerNetworkCompanyReportableSegmentMember_label_1" xlink:arcrole="http://www.xbrl.org/2003/arcrole/concept-label" order="1" />
    <link:labelArc xlink:type="arc" xlink:from="jpcrp030000-asr_E04502-000_PowerNetworkCompanyReportableSegmentMember" xlink:to="jpcrp030000-asr_E04502-000_PowerNetworkCompanyReportableSegmentMember_label" xlink:arcrole="http://www.xbrl.org/2003/arcrole/concept-label" order="1" />
    <link:labelArc xlink:type="arc" xlink:from="jpcrp030000-asr_E04502-000_PowerPurchaseExpensesPaidToOtherSuppliersElectricUtilityOperatingExpenses" xlink:to="jpcrp030000-asr_E04502-000_PowerPurchaseExpensesPaidToOtherSuppliersElectricUtilityOperatingExpenses_label_1" xlink:arcrole="http://www.xbrl.org/2003/arcrole/concept-label" order="1" />
    <link:labelArc xlink:type="arc" xlink:from="jpcrp030000-asr_E04502-000_PowerPurchaseExpensesPaidToOtherSuppliersElectricUtilityOperatingExpenses" xlink:to="jpcrp030000-asr_E04502-000_PowerPurchaseExpensesPaidToOtherSuppliersElectricUtilityOperatingExpenses_label" xlink:arcrole="http://www.xbrl.org/2003/arcrole/concept-label" order="1" />
    <link:labelArc xlink:type="arc" xlink:from="jpcrp030000-asr_E04502-000_PowerPurchaseExpensesPaidToOtherSuppliersElectricUtilityOperatingExpensesSGA" xlink:to="jpcrp030000-asr_E04502-000_PowerPurchaseExpensesPaidToOtherSuppliersElectricUtilityOperatingExpensesSGA_label_1" xlink:arcrole="http://www.xbrl.org/2003/arcrole/concept-label" order="1" />
    <link:labelArc xlink:type="arc" xlink:from="jpcrp030000-asr_E04502-000_PowerPurchaseExpensesPaidToOtherSuppliersElectricUtilityOperatingExpensesSGA" xlink:to="jpcrp030000-asr_E04502-000_PowerPurchaseExpensesPaidToOtherSuppliersElectricUtilityOperatingExpensesSGA_label" xlink:arcrole="http://www.xbrl.org/2003/arcrole/concept-label" order="1" />
    <link:labelArc xlink:type="arc" xlink:from="jpcrp030000-asr_E04502-000_ProvisionForLossInConjunctionWithDiscontinuedOperationsOfNuclearPowerPlantsNCLELE" xlink:to="jpcrp030000-asr_E04502-000_ProvisionForLossInConjunctionWithDiscontinuedOperationsOfNuclearPowerPlantsNCLELE_label_2" xlink:arcrole="http://www.xbrl.org/2003/arcrole/concept-label" order="1" />
    <link:labelArc xlink:type="arc" xlink:from="jpcrp030000-asr_E04502-000_ProvisionForLossInConjunctionWithDiscontinuedOperationsOfNuclearPowerPlantsNCLELE" xlink:to="jpcrp030000-asr_E04502-000_ProvisionForLossInConjunctionWithDiscontinuedOperationsOfNuclearPowerPlantsNCLELE_label_1" xlink:arcrole="http://www.xbrl.org/2003/arcrole/concept-label" order="1" />
    <link:labelArc xlink:type="arc" xlink:from="jpcrp030000-asr_E04502-000_ProvisionForLossInConjunctionWithDiscontinuedOperationsOfNuclearPowerPlantsNCLELE" xlink:to="jpcrp030000-asr_E04502-000_ProvisionForLossInConjunctionWithDiscontinuedOperationsOfNuclearPowerPlantsNCLELE_label" xlink:arcrole="http://www.xbrl.org/2003/arcrole/concept-label" order="1" />
    <link:labelArc xlink:type="arc" xlink:from="jpcrp030000-asr_E04502-000_RetirementBenefitExpensesElectricUtilityOparatingExpensesSGA" xlink:to="jpcrp030000-asr_E04502-000_RetirementBenefitExpensesElectricUtilityOparatingExpensesSGA_label_1" xlink:arcrole="http://www.xbrl.org/2003/arcrole/concept-label" order="1" />
    <link:labelArc xlink:type="arc" xlink:from="jpcrp030000-asr_E04502-000_RetirementBenefitExpensesElectricUtilityOparatingExpensesSGA" xlink:to="jpcrp030000-asr_E04502-000_RetirementBenefitExpensesElectricUtilityOparatingExpensesSGA_label" xlink:arcrole="http://www.xbrl.org/2003/arcrole/concept-label" order="1" />
    <link:labelArc xlink:type="arc" xlink:from="jpcrp030000-asr_E04502-000_RetirementBenefitExpensesElectricUtilityOperatingExpenses" xlink:to="jpcrp030000-asr_E04502-000_RetirementBenefitExpensesElectricUtilityOperatingExpenses_label_1" xlink:arcrole="http://www.xbrl.org/2003/arcrole/concept-label" order="1" />
    <link:labelArc xlink:type="arc" xlink:from="jpcrp030000-asr_E04502-000_RetirementBenefitExpensesElectricUtilityOperatingExpenses" xlink:to="jpcrp030000-asr_E04502-000_RetirementBenefitExpensesElectricUtilityOperatingExpenses_label" xlink:arcrole="http://www.xbrl.org/2003/arcrole/concept-label" order="1" />
    <link:labelArc xlink:type="arc" xlink:from="jpcrp030000-asr_E04502-000_SalariesAndAllowancesElectricUtilityOparatingExpensesSGA" xlink:to="jpcrp030000-asr_E04502-000_SalariesAndAllowancesElectricUtilityOparatingExpensesSGA_label_1" xlink:arcrole="http://www.xbrl.org/2003/arcrole/concept-label" order="1" />
    <link:labelArc xlink:type="arc" xlink:from="jpcrp030000-asr_E04502-000_SalariesAndAllowancesElectricUtilityOparatingExpensesSGA" xlink:to="jpcrp030000-asr_E04502-000_SalariesAndAllowancesElectricUtilityOparatingExpensesSGA_label" xlink:arcrole="http://www.xbrl.org/2003/arcrole/concept-label" order="1" />
    <link:labelArc xlink:type="arc" xlink:from="jpcrp030000-asr_E04502-000_SalariesAndAllowancesElectricUtilityOperatingExpenses" xlink:to="jpcrp030000-asr_E04502-000_SalariesAndAllowancesElectricUtilityOperatingExpenses_label_1" xlink:arcrole="http://www.xbrl.org/2003/arcrole/concept-label" order="1" />
    <link:labelArc xlink:type="arc" xlink:from="jpcrp030000-asr_E04502-000_SalariesAndAllowancesElectricUtilityOperatingExpenses" xlink:to="jpcrp030000-asr_E04502-000_SalariesAndAllowancesElectricUtilityOperatingExpenses_label" xlink:arcrole="http://www.xbrl.org/2003/arcrole/concept-label" order="1" />
    <link:labelArc xlink:type="arc" xlink:from="jpcrp030000-asr_E04502-000_SatoruKatsunoMember" xlink:to="jpcrp030000-asr_E04502-000_SatoruKatsunoMember_label_1" xlink:arcrole="http://www.xbrl.org/2003/arcrole/concept-label" order="1" />
    <link:labelArc xlink:type="arc" xlink:from="jpcrp030000-asr_E04502-000_SatoruKatsunoMember" xlink:to="jpcrp030000-asr_E04502-000_SatoruKatsunoMember_label" xlink:arcrole="http://www.xbrl.org/2003/arcrole/concept-label" order="1" />
    <link:labelArc xlink:type="arc" xlink:from="jpcrp030000-asr_E04502-000_SellingGeneralAndAdministrativeExpensesElectricUtilityOperatingExpenses" xlink:to="jpcrp030000-asr_E04502-000_SellingGeneralAndAdministrativeExpensesElectricUtilityOperatingExpenses_label_1" xlink:arcrole="http://www.xbrl.org/2003/arcrole/concept-label" order="1" />
    <link:labelArc xlink:type="arc" xlink:from="jpcrp030000-asr_E04502-000_SellingGeneralAndAdministrativeExpensesElectricUtilityOperatingExpenses" xlink:to="jpcrp030000-asr_E04502-000_SellingGeneralAndAdministrativeExpensesElectricUtilityOperatingExpenses_label" xlink:arcrole="http://www.xbrl.org/2003/arcrole/concept-label" order="1" />
    <link:labelArc xlink:type="arc" xlink:from="jpcrp030000-asr_E04502-000_ShinyaOtaniMember" xlink:to="jpcrp030000-asr_E04502-000_ShinyaOtaniMember_label_1" xlink:arcrole="http://www.xbrl.org/2003/arcrole/concept-label" order="1" />
    <link:labelArc xlink:type="arc" xlink:from="jpcrp030000-asr_E04502-000_ShinyaOtaniMember" xlink:to="jpcrp030000-asr_E04502-000_ShinyaOtaniMember_label" xlink:arcrole="http://www.xbrl.org/2003/arcrole/concept-label" order="1" />
    <link:labelArc xlink:type="arc" xlink:from="jpcrp030000-asr_E04502-000_ShuichiTeradaMember" xlink:to="jpcrp030000-asr_E04502-000_ShuichiTeradaMember_label_1" xlink:arcrole="http://www.xbrl.org/2003/arcrole/concept-label" order="1" />
    <link:labelArc xlink:type="arc" xlink:from="jpcrp030000-asr_E04502-000_ShuichiTeradaMember" xlink:to="jpcrp030000-asr_E04502-000_ShuichiTeradaMember_label" xlink:arcrole="http://www.xbrl.org/2003/arcrole/concept-label" order="1" />
    <link:labelArc xlink:type="arc" xlink:from="jpcrp030000-asr_E04502-000_SubtotalElectricUtilityOperatingExpenses" xlink:to="jpcrp030000-asr_E04502-000_SubtotalElectricUtilityOperatingExpenses_label_1" xlink:arcrole="http://www.xbrl.org/2003/arcrole/concept-label" order="1" />
    <link:labelArc xlink:type="arc" xlink:from="jpcrp030000-asr_E04502-000_SubtotalElectricUtilityOperatingExpenses" xlink:to="jpcrp030000-asr_E04502-000_SubtotalElectricUtilityOperatingExpenses_label" xlink:arcrole="http://www.xbrl.org/2003/arcrole/concept-label" order="1" />
    <link:labelArc xlink:type="arc" xlink:from="jpcrp030000-asr_E04502-000_TadashiShimaoMember" xlink:to="jpcrp030000-asr_E04502-000_TadashiShimaoMember_label_1" xlink:arcrole="http://www.xbrl.org/2003/arcrole/concept-label" order="1" />
    <link:labelArc xlink:type="arc" xlink:from="jpcrp030000-asr_E04502-000_TadashiShimaoMember" xlink:to="jpcrp030000-asr_E04502-000_TadashiShimaoMember_label" xlink:arcrole="http://www.xbrl.org/2003/arcrole/concept-label" order="1" />
    <link:labelArc xlink:type="arc" xlink:from="jpcrp030000-asr_E04502-000_TakayukiHashimotoMember" xlink:to="jpcrp030000-asr_E04502-000_TakayukiHashimotoMember_label_1" xlink:arcrole="http://www.xbrl.org/2003/arcrole/concept-label" order="1" />
    <link:labelArc xlink:type="arc" xlink:from="jpcrp030000-asr_E04502-000_TakayukiHashimotoMember" xlink:to="jpcrp030000-asr_E04502-000_TakayukiHashimotoMember_label" xlink:arcrole="http://www.xbrl.org/2003/arcrole/concept-label" order="1" />
    <link:labelArc xlink:type="arc" xlink:from="jpcrp030000-asr_E04502-000_YoshiroHiraiwaMember" xlink:to="jpcrp030000-asr_E04502-000_YoshiroHiraiwaMember_label_1" xlink:arcrole="http://www.xbrl.org/2003/arcrole/concept-label" order="1" />
    <link:labelArc xlink:type="arc" xlink:from="jpcrp030000-asr_E04502-000_YoshiroHiraiwaMember" xlink:to="jpcrp030000-asr_E04502-000_YoshiroHiraiwaMember_label" xlink:arcrole="http://www.xbrl.org/2003/arcrole/concept-label" order="1" />
  </link:labelLink>
</link:linkbase>