<?xml version="1.0" encoding="utf-8"?>
<!-- Generated by PRONEXUS WORKS -->
<link:linkbase xmlns:link="http://www.xbrl.org/2003/linkbase" xmlns:xsi="http://www.w3.org/2001/XMLSchema-instance" xmlns:xbrli="http://www.xbrl.org/2003/instance" xmlns:xlink="http://www.w3.org/1999/xlink">
  <link:labelLink xlink:type="extended" xlink:role="http://www.xbrl.org/2003/role/link">
    <link:loc xlink:type="locator" xlink:href="jpcrp030000-asr-001_E04498-000_2022-03-31_01_2022-06-29.xsd#jpcrp030000-asr_E04498-000_NotesRegardingCurrentPortionOfNonCurrentLiabilitiesTextBlock" xlink:label="NotesRegardingCurrentPortionOfNonCurrentLiabilitiesTextBlock" />
    <link:loc xlink:type="locator" xlink:href="jpcrp030000-asr-001_E04498-000_2022-03-31_01_2022-06-29.xsd#jpcrp030000-asr_E04498-000_NotesRegardingAccruedTaxesTextBlock" xlink:label="NotesRegardingAccruedTaxesTextBlock" />
    <link:loc xlink:type="locator" xlink:href="jpcrp030000-asr-001_E04498-000_2022-03-31_01_2022-06-29.xsd#jpcrp030000-asr_E04498-000_NotesRegardingAmountOfNonCurrentAssetsInIncidentalBusinessTextBlock" xlink:label="NotesRegardingAmountOfNonCurrentAssetsInIncidentalBusinessTextBlock" />
    <link:loc xlink:type="locator" xlink:href="jpcrp030000-asr-001_E04498-000_2022-03-31_01_2022-06-29.xsd#jpcrp030000-asr_E04498-000_RenewablePowerIncorporatedReportableSegmentsMember" xlink:label="RenewablePowerIncorporatedReportableSegmentsMember" />
    <link:loc xlink:type="locator" xlink:href="jpcrp030000-asr-001_E04498-000_2022-03-31_01_2022-06-29.xsd#jpcrp030000-asr_E04498-000_IncreaseDecreaseInReserveFundForNuclearReactorDecommissioningOpeCFELE" xlink:label="IncreaseDecreaseInReserveFundForNuclearReactorDecommissioningOpeCFELE" />
    <link:loc xlink:type="locator" xlink:href="jpcrp030000-asr-001_E04498-000_2022-03-31_01_2022-06-29.xsd#jpcrp030000-asr_E04498-000_GrantsInAidFromNuclearDamageLiabilityAndNuclearReactorDecommissionFacilitationFundOpeCF" xlink:label="GrantsInAidFromNuclearDamageLiabilityAndNuclearReactorDecommissionFacilitationFundOpeCF" />
    <link:loc xlink:type="locator" xlink:href="jpcrp030000-asr-001_E04498-000_2022-03-31_01_2022-06-29.xsd#jpcrp030000-asr_E04498-000_CompensationForNuclearPowerRelatedDamagesOpeCFELE" xlink:label="CompensationForNuclearPowerRelatedDamagesOpeCFELE" />
    <link:loc xlink:type="locator" xlink:href="jpcrp030000-asr-001_E04498-000_2022-03-31_01_2022-06-29.xsd#jpcrp030000-asr_E04498-000_PaymentsForExtraordinaryLossOnTheTohokuChihouTaiheiyouOkiEarthquakeOpeCF" xlink:label="PaymentsForExtraordinaryLossOnTheTohokuChihouTaiheiyouOkiEarthquakeOpeCF" />
    <link:loc xlink:type="locator" xlink:href="jpcrp030000-asr-001_E04498-000_2022-03-31_01_2022-06-29.xsd#jpcrp030000-asr_E04498-000_GrantsInAidFromNuclearDamageLiabilityAndNuclearReactorDecommissionFacilitationFundReceivedOpeCF" xlink:label="GrantsInAidFromNuclearDamageLiabilityAndNuclearReactorDecommissionFacilitationFundReceivedOpeCF" />
    <link:loc xlink:type="locator" xlink:href="jpcrp030000-asr-001_E04498-000_2022-03-31_01_2022-06-29.xsd#jpcrp030000-asr_E04498-000_CompensationForNuclearPowerRelatedDamagesPaidOpeCFELE" xlink:label="CompensationForNuclearPowerRelatedDamagesPaidOpeCFELE" />
    <link:loc xlink:type="locator" xlink:href="jpcrp030000-asr-001_E04498-000_2022-03-31_01_2022-06-29.xsd#jpcrp030000-asr_E04498-000_GuaranteeCompanySubjectToOngoingDisclosureTextBlock" xlink:label="GuaranteeCompanySubjectToOngoingDisclosureTextBlock" />
    <link:loc xlink:type="locator" xlink:href="jpcrp030000-asr-001_E04498-000_2022-03-31_01_2022-06-29.xsd#jpcrp030000-asr_E04498-000_NotesRegardingFinancialCovenantsTextBlock" xlink:label="NotesRegardingFinancialCovenantsTextBlock" />
    <link:loc xlink:type="locator" xlink:href="jpcrp030000-asr-001_E04498-000_2022-03-31_01_2022-06-29.xsd#jpcrp030000-asr_E04498-000_TotalNumberOfIssuedSharesSummaryOfBusinessResultsAbstract" xlink:label="TotalNumberOfIssuedSharesSummaryOfBusinessResultsAbstract" />
    <link:loc xlink:type="locator" xlink:href="jpcrp030000-asr-001_E04498-000_2022-03-31_01_2022-06-29.xsd#jpcrp030000-asr_E04498-000_PreferredStockClassATotalNumberOfIssuedSharesSummaryOfBusinessResult" xlink:label="PreferredStockClassATotalNumberOfIssuedSharesSummaryOfBusinessResult" />
    <link:loc xlink:type="locator" xlink:href="jpcrp030000-asr-001_E04498-000_2022-03-31_01_2022-06-29.xsd#jpcrp030000-asr_E04498-000_PreferredStockClassBTotalNumberOfIssuedSharesSummaryOfBusinessResults" xlink:label="PreferredStockClassBTotalNumberOfIssuedSharesSummaryOfBusinessResults" />
    <link:loc xlink:type="locator" xlink:href="jpcrp030000-asr-001_E04498-000_2022-03-31_01_2022-06-29.xsd#jpcrp030000-asr_E04498-000_DividendPaidPerShareSummaryOfBusinessResultsAbstract" xlink:label="DividendPaidPerShareSummaryOfBusinessResultsAbstract" />
    <link:loc xlink:type="locator" xlink:href="jpcrp030000-asr-001_E04498-000_2022-03-31_01_2022-06-29.xsd#jpcrp030000-asr_E04498-000_PreferredStockClassADividendPaidPerShareSummaryOfBusinessResults" xlink:label="PreferredStockClassADividendPaidPerShareSummaryOfBusinessResults" />
    <link:loc xlink:type="locator" xlink:href="jpcrp030000-asr-001_E04498-000_2022-03-31_01_2022-06-29.xsd#jpcrp030000-asr_E04498-000_PreferredStockClassBDividendPaidPerShareSummaryOfBusinessResults" xlink:label="PreferredStockClassBDividendPaidPerShareSummaryOfBusinessResults" />
    <link:loc xlink:type="locator" xlink:href="jpcrp030000-asr-001_E04498-000_2022-03-31_01_2022-06-29.xsd#jpcrp030000-asr_E04498-000_InterimDividendPaidPerShareSummaryOfBusinessResultsAbstract" xlink:label="InterimDividendPaidPerShareSummaryOfBusinessResultsAbstract" />
    <link:loc xlink:type="locator" xlink:href="jpcrp030000-asr-001_E04498-000_2022-03-31_01_2022-06-29.xsd#jpcrp030000-asr_E04498-000_PreferredStockClassAInterimDividendPaidPerShareSummaryOfBusinessResults" xlink:label="PreferredStockClassAInterimDividendPaidPerShareSummaryOfBusinessResults" />
    <link:loc xlink:type="locator" xlink:href="jpcrp030000-asr-001_E04498-000_2022-03-31_01_2022-06-29.xsd#jpcrp030000-asr_E04498-000_PreferredStockClassBInterimDividendPaidPerShareSummaryOfBusinessResults" xlink:label="PreferredStockClassBInterimDividendPaidPerShareSummaryOfBusinessResults" />
    <link:loc xlink:type="locator" xlink:href="jpcrp030000-asr-001_E04498-000_2022-03-31_01_2022-06-29.xsd#jpcrp030000-asr_E04498-000_ReserveFundForNuclearReactorDecommissioningIOAELE" xlink:label="ReserveFundForNuclearReactorDecommissioningIOAELE" />
    <link:loc xlink:type="locator" xlink:href="jpcrp030000-asr-001_E04498-000_2022-03-31_01_2022-06-29.xsd#jpcrp030000-asr_E04498-000_ProvisionForRemovalOfReactorCoresInSpecifiedNuclearPowerFacilitiesNCLELE" xlink:label="ProvisionForRemovalOfReactorCoresInSpecifiedNuclearPowerFacilitiesNCLELE" />
    <link:loc xlink:type="locator" xlink:href="jpcrp030000-asr-001_E04498-000_2022-03-31_01_2022-06-29.xsd#jpcrp030000-asr_E04498-000_ProvisionForCompensationForNuclearPowerRelatedDamagesNCLELE" xlink:label="ProvisionForCompensationForNuclearPowerRelatedDamagesNCLELE" />
    <link:loc xlink:type="locator" xlink:href="jpcrp030000-asr-001_E04498-000_2022-03-31_01_2022-06-29.xsd#jpcrp030000-asr_E04498-000_KuniiHidekoMember" xlink:label="KuniiHidekoMember" />
    <link:loc xlink:type="locator" xlink:href="jpcrp030000-asr-001_E04498-000_2022-03-31_01_2022-06-29.xsd#jpcrp030000-asr_E04498-000_TakauraHideoMember" xlink:label="TakauraHideoMember" />
    <link:loc xlink:type="locator" xlink:href="jpcrp030000-asr-001_E04498-000_2022-03-31_01_2022-06-29.xsd#jpcrp030000-asr_E04498-000_OhyagiShigeoMember" xlink:label="OhyagiShigeoMember" />
    <link:loc xlink:type="locator" xlink:href="jpcrp030000-asr-001_E04498-000_2022-03-31_01_2022-06-29.xsd#jpcrp030000-asr_E04498-000_OnishiShoichiroMember" xlink:label="OnishiShoichiroMember" />
    <link:loc xlink:type="locator" xlink:href="jpcrp030000-asr-001_E04498-000_2022-03-31_01_2022-06-29.xsd#jpcrp030000-asr_E04498-000_MorishitaYoshihitoMember" xlink:label="MorishitaYoshihitoMember" />
    <link:loc xlink:type="locator" xlink:href="jpcrp030000-asr-001_E04498-000_2022-03-31_01_2022-06-29.xsd#jpcrp030000-asr_E04498-000_KobayashiYoshimitsuMember" xlink:label="KobayashiYoshimitsuMember" />
    <link:loc xlink:type="locator" xlink:href="jpcrp030000-asr-001_E04498-000_2022-03-31_01_2022-06-29.xsd#jpcrp030000-asr_E04498-000_ShinkawaAsaMember" xlink:label="ShinkawaAsaMember" />
    <link:loc xlink:type="locator" xlink:href="jpcrp030000-asr-001_E04498-000_2022-03-31_01_2022-06-29.xsd#jpcrp030000-asr_E04498-000_SaikiMitsushiMember" xlink:label="SaikiMitsushiMember" />
    <link:loc xlink:type="locator" xlink:href="jpcrp030000-asr-001_E04498-000_2022-03-31_01_2022-06-29.xsd#jpcrp030000-asr_E04498-000_SekiTomomichiMember" xlink:label="SekiTomomichiMember" />
    <link:loc xlink:type="locator" xlink:href="jpcrp030000-asr-001_E04498-000_2022-03-31_01_2022-06-29.xsd#jpcrp030000-asr_E04498-000_YamamotoRyutaroMember" xlink:label="YamamotoRyutaroMember" />
    <link:loc xlink:type="locator" xlink:href="jpcrp030000-asr-001_E04498-000_2022-03-31_01_2022-06-29.xsd#jpcrp030000-asr_E04498-000_NagasakiMomokoMember" xlink:label="NagasakiMomokoMember" />
    <link:loc xlink:type="locator" xlink:href="jpcrp030000-asr-001_E04498-000_2022-03-31_01_2022-06-29.xsd#jpcrp030000-asr_E04498-000_YamaguchiHiroyukiMember" xlink:label="YamaguchiHiroyukiMember" />
    <link:loc xlink:type="locator" xlink:href="jpcrp030000-asr-001_E04498-000_2022-03-31_01_2022-06-29.xsd#jpcrp030000-asr_E04498-000_OnoAkiraMember" xlink:label="OnoAkiraMember" />
    <link:loc xlink:type="locator" xlink:href="jpcrp030000-asr-001_E04498-000_2022-03-31_01_2022-06-29.xsd#jpcrp030000-asr_E04498-000_TakaharaKazuyoshiMember" xlink:label="TakaharaKazuyoshiMember" />
    <link:loc xlink:type="locator" xlink:href="jpcrp030000-asr-001_E04498-000_2022-03-31_01_2022-06-29.xsd#jpcrp030000-asr_E04498-000_KittaMasayaMember" xlink:label="KittaMasayaMember" />
    <link:loc xlink:type="locator" xlink:href="jpcrp030000-asr-001_E04498-000_2022-03-31_01_2022-06-29.xsd#jpcrp030000-asr_E04498-000_SouIsseiMember" xlink:label="SouIsseiMember" />
    <link:loc xlink:type="locator" xlink:href="jpcrp030000-asr-001_E04498-000_2022-03-31_01_2022-06-29.xsd#jpcrp030000-asr_E04498-000_KobayakawaTomoakiMember" xlink:label="KobayakawaTomoakiMember" />
    <link:loc xlink:type="locator" xlink:href="jpcrp030000-asr-001_E04498-000_2022-03-31_01_2022-06-29.xsd#jpcrp030000-asr_E04498-000_MoriyaSeijiMember" xlink:label="MoriyaSeijiMember" />
    <link:loc xlink:type="locator" xlink:href="jpcrp030000-asr-001_E04498-000_2022-03-31_01_2022-06-29.xsd#jpcrp030000-asr_E04498-000_YoshinoShigehiroMember" xlink:label="YoshinoShigehiroMember" />
    <link:loc xlink:type="locator" xlink:href="jpcrp030000-asr-001_E04498-000_2022-03-31_01_2022-06-29.xsd#jpcrp030000-asr_E04498-000_HoldingsReportableSegmentsMember" xlink:label="HoldingsReportableSegmentsMember" />
    <link:loc xlink:type="locator" xlink:href="jpcrp030000-asr-001_E04498-000_2022-03-31_01_2022-06-29.xsd#jpcrp030000-asr_E04498-000_FuelAndPowerCompanyReportableSegmentsMember" xlink:label="FuelAndPowerCompanyReportableSegmentsMember" />
    <link:loc xlink:type="locator" xlink:href="jpcrp030000-asr-001_E04498-000_2022-03-31_01_2022-06-29.xsd#jpcrp030000-asr_E04498-000_PowerGridCompanyReportableSegmentsMember" xlink:label="PowerGridCompanyReportableSegmentsMember" />
    <link:loc xlink:type="locator" xlink:href="jpcrp030000-asr-001_E04498-000_2022-03-31_01_2022-06-29.xsd#jpcrp030000-asr_E04498-000_EnergyPartnerCompanyReportableSegmentsMember" xlink:label="EnergyPartnerCompanyReportableSegmentsMember" />
    <link:loc xlink:type="locator" xlink:href="jpcrp030000-asr-001_E04498-000_2022-03-31_01_2022-06-29.xsd#jpcrp030000-asr_E04498-000_RenewablePowerCompanyReportableSegmentsMember" xlink:label="RenewablePowerCompanyReportableSegmentsMember" />
    <link:loc xlink:type="locator" xlink:href="jpcrp030000-asr-001_E04498-000_2022-03-31_01_2022-06-29.xsd#jpcrp030000-asr_E04498-000_DividendIncome" xlink:label="DividendIncome" />
    <link:loc xlink:type="locator" xlink:href="jpcrp030000-asr-001_E04498-000_2022-03-31_01_2022-06-29.xsd#jpcrp030000-asr_E04498-000_ContributionReceivedForNuclearReactorDecommissionORElectricELE" xlink:label="ContributionReceivedForNuclearReactorDecommissionORElectricELE" />
    <link:loc xlink:type="locator" xlink:href="jpcrp030000-asr-001_E04498-000_2022-03-31_01_2022-06-29.xsd#jpcrp030000-asr_E04498-000_OperatingRevenueSharedOfficeBusinessOEIncidentalELE" xlink:label="OperatingRevenueSharedOfficeBusinessOEIncidentalELE" />
    <link:loc xlink:type="locator" xlink:href="jpcrp030000-asr-001_E04498-000_2022-03-31_01_2022-06-29.xsd#jpcrp030000-asr_E04498-000_OperatingExpensesSharedOfficeBusinessOEIncidentalELE" xlink:label="OperatingExpensesSharedOfficeBusinessOEIncidentalELE" />
    <link:loc xlink:type="locator" xlink:href="jpcrp030000-asr-001_E04498-000_2022-03-31_01_2022-06-29.xsd#jpcrp030000-asr_E04498-000_ExtraordinaryLossOnDisasterEL" xlink:label="ExtraordinaryLossOnDisasterEL" />
    <link:loc xlink:type="locator" xlink:href="jpcrp030000-asr-001_E04498-000_2022-03-31_01_2022-06-29.xsd#jpcrp030000-asr_E04498-000_CompensationForNuclearPowerRelatedDamagesELELE" xlink:label="CompensationForNuclearPowerRelatedDamagesELELE" />
    <link:loc xlink:type="locator" xlink:href="jpcrp030000-asr-001_E04498-000_2022-03-31_01_2022-06-29.xsd#jpcrp030000-asr_E04498-000_ClassBPreferredSharesSharesWithNoVotingRightsMember" xlink:label="ClassBPreferredSharesSharesWithNoVotingRightsMember" />
    <link:loc xlink:type="locator" xlink:href="jpcrp030000-asr-001_E04498-000_2022-03-31_01_2022-06-29.xsd#jpcrp030000-asr_E04498-000_ClassAPreferredSharesSharesWithNoVotingRightsMember" xlink:label="ClassAPreferredSharesSharesWithNoVotingRightsMember" />
    <link:loc xlink:type="locator" xlink:href="jpcrp030000-asr-001_E04498-000_2022-03-31_01_2022-06-29.xsd#jpcrp030000-asr_E04498-000_NotesRegardingCompensationForNuclearPowerRelatedDamagesAndGrantsInAidFromNuclearDamageLiabilityFacilitationFund" xlink:label="NotesRegardingCompensationForNuclearPowerRelatedDamagesAndGrantsInAidFromNuclearDamageLiabilityFacilitationFund" />
    <link:loc xlink:type="locator" xlink:href="jpcrp030000-asr-001_E04498-000_2022-03-31_01_2022-06-29.xsd#jpcrp030000-asr_E04498-000_NotesRegardingLossOnDisasterTextBlock" xlink:label="NotesRegardingLossOnDisasterTextBlock" />
    <link:loc xlink:type="locator" xlink:href="jpcrp030000-asr-001_E04498-000_2022-03-31_01_2022-06-29.xsd#jpcrp030000-asr_E04498-000_EmployeesRetirementBenefitExpensesSGAELE" xlink:label="EmployeesRetirementBenefitExpensesSGAELE" />
    <link:loc xlink:type="locator" xlink:href="jpcrp030000-asr-001_E04498-000_2022-03-31_01_2022-06-29.xsd#jpcrp030000-asr_E04498-000_ProvisionsForReservesTextBlock" xlink:label="ProvisionsForReservesTextBlock" />
    <link:loc xlink:type="locator" xlink:href="jpcrp030000-asr-001_E04498-000_2022-03-31_01_2022-06-29.xsd#jpcrp030000-asr_E04498-000_LossOnReturnOfImbalanceIncomeAndExpenditureELELE" xlink:label="LossOnReturnOfImbalanceIncomeAndExpenditureELELE" />
    <link:loc xlink:type="locator" xlink:href="jpcrp030000-asr-001_E04498-000_2022-03-31_01_2022-06-29.xsd#jpcrp030000-asr_E04498-000_LossOnReturnOfImbalanceIncomeAndExpenditureOpeCFELE" xlink:label="LossOnReturnOfImbalanceIncomeAndExpenditureOpeCFELE" />
    <link:loc xlink:type="locator" xlink:href="jpcrp030000-asr-001_E04498-000_2022-03-31_01_2022-06-29.xsd#jpcrp030000-asr_E04498-000_OperatingExpensesEnergyFacilitiesServiceBusinessOEIncidentalELE" xlink:label="OperatingExpensesEnergyFacilitiesServiceBusinessOEIncidentalELE" />
    <link:loc xlink:type="locator" xlink:href="jpcrp030000-asr-001_E04498-000_2022-03-31_01_2022-06-29.xsd#jpcrp030000-asr_E04498-000_KojimaChikaraMember" xlink:label="KojimaChikaraMember" />
    <link:loc xlink:type="locator" xlink:href="jpcrp030000-asr-001_E04498-000_2022-03-31_01_2022-06-29.xsd#jpcrp030000-asr_E04498-000_FukudaToshihikoMember" xlink:label="FukudaToshihikoMember" />
    <link:loc xlink:type="locator" xlink:href="jpcrp030000-asr-001_E04498-000_2022-03-31_01_2022-06-29.xsd#jpcrp030000-asr_E04498-000_SakaiDaisukeMember" xlink:label="SakaiDaisukeMember" />
    <link:loc xlink:type="locator" xlink:href="jpcrp030000-asr-001_E04498-000_2022-03-31_01_2022-06-29.xsd#jpcrp030000-asr_E04498-000_InagakiTakeyukiMember" xlink:label="InagakiTakeyukiMember" />
    <link:loc xlink:type="locator" xlink:href="http://disclosure.edinet-fsa.go.jp/taxonomy/jppfs/2021-11-01/jppfs_cor_2021-11-01.xsd#jppfs_cor_CumulativeEffectsOfChangesInAccountingPolicies" xlink:label="CumulativeEffectsOfChangesInAccountingPolicies" />
    <link:label xlink:type="resource" xlink:label="label_CumulativeEffectsOfChangesInAccountingPolicies" xml:lang="ja" xlink:role="http://www.xbrl.org/2003/role/periodStartLabel" id="label_CumulativeEffectsOfChangesInAccountingPolicies">会計方針の変更による累積的影響額</link:label>
    <link:labelArc xlink:type="arc" xlink:arcrole="http://www.xbrl.org/2003/arcrole/concept-label" xlink:from="CumulativeEffectsOfChangesInAccountingPolicies" xlink:to="label_CumulativeEffectsOfChangesInAccountingPolicies" />
    <link:loc xlink:type="locator" xlink:href="http://disclosure.edinet-fsa.go.jp/taxonomy/jppfs/2021-11-01/jppfs_cor_2021-11-01.xsd#jppfs_cor_RestatedBalance" xlink:label="RestatedBalance" />
    <link:label xlink:type="resource" xlink:label="label_RestatedBalance" xml:lang="ja" xlink:role="http://www.xbrl.org/2003/role/periodStartLabel" id="label_RestatedBalance">会計方針の変更を反映した当期首残高</link:label>
    <link:labelArc xlink:type="arc" xlink:arcrole="http://www.xbrl.org/2003/arcrole/concept-label" xlink:from="RestatedBalance" xlink:to="label_RestatedBalance" />
    <link:label xlink:type="resource" xlink:label="label_RenewablePowerIncorporatedReportableSegmentsMember" xml:lang="ja" xlink:role="http://www.xbrl.org/2003/role/label" id="label_RenewablePowerIncorporatedReportableSegmentsMember">リニューアブルパワー</link:label>
    <link:labelArc xlink:type="arc" xlink:arcrole="http://www.xbrl.org/2003/arcrole/concept-label" xlink:from="RenewablePowerIncorporatedReportableSegmentsMember" xlink:to="label_RenewablePowerIncorporatedReportableSegmentsMember" />
    <link:label xlink:type="resource" xlink:label="label_RenewablePowerIncorporatedReportableSegmentsMember_2" xml:lang="ja" xlink:role="http://www.xbrl.org/2003/role/verboseLabel" id="label_RenewablePowerIncorporatedReportableSegmentsMember_2">リニューアブルパワー、報告セグメント[メンバー]</link:label>
    <link:labelArc xlink:type="arc" xlink:arcrole="http://www.xbrl.org/2003/arcrole/concept-label" xlink:from="RenewablePowerIncorporatedReportableSegmentsMember" xlink:to="label_RenewablePowerIncorporatedReportableSegmentsMember_2" />
    <link:label xlink:type="resource" xlink:label="label_NotesRegardingCurrentPortionOfNonCurrentLiabilitiesTextBlock" xml:lang="ja" xlink:role="http://www.xbrl.org/2003/role/label" id="label_NotesRegardingCurrentPortionOfNonCurrentLiabilitiesTextBlock">１年以内に期限到来の固定負債に関する注記</link:label>
    <link:labelArc xlink:type="arc" xlink:arcrole="http://www.xbrl.org/2003/arcrole/concept-label" xlink:from="NotesRegardingCurrentPortionOfNonCurrentLiabilitiesTextBlock" xlink:to="label_NotesRegardingCurrentPortionOfNonCurrentLiabilitiesTextBlock" />
    <link:label xlink:type="resource" xlink:label="label_NotesRegardingCurrentPortionOfNonCurrentLiabilitiesTextBlock_2" xml:lang="ja" xlink:role="http://www.xbrl.org/2003/role/verboseLabel" id="label_NotesRegardingCurrentPortionOfNonCurrentLiabilitiesTextBlock_2">１年以内に期限到来の固定負債に関する注記 [テキストブロック]</link:label>
    <link:labelArc xlink:type="arc" xlink:arcrole="http://www.xbrl.org/2003/arcrole/concept-label" xlink:from="NotesRegardingCurrentPortionOfNonCurrentLiabilitiesTextBlock" xlink:to="label_NotesRegardingCurrentPortionOfNonCurrentLiabilitiesTextBlock_2" />
    <link:label xlink:type="resource" xlink:label="label_NotesRegardingAccruedTaxesTextBlock" xml:lang="ja" xlink:role="http://www.xbrl.org/2003/role/label" id="label_NotesRegardingAccruedTaxesTextBlock">未払税金に関する注記</link:label>
    <link:labelArc xlink:type="arc" xlink:arcrole="http://www.xbrl.org/2003/arcrole/concept-label" xlink:from="NotesRegardingAccruedTaxesTextBlock" xlink:to="label_NotesRegardingAccruedTaxesTextBlock" />
    <link:label xlink:type="resource" xlink:label="label_NotesRegardingAccruedTaxesTextBlock_2" xml:lang="ja" xlink:role="http://www.xbrl.org/2003/role/verboseLabel" id="label_NotesRegardingAccruedTaxesTextBlock_2">未払税金に関する注記 [テキストブロック]</link:label>
    <link:labelArc xlink:type="arc" xlink:arcrole="http://www.xbrl.org/2003/arcrole/concept-label" xlink:from="NotesRegardingAccruedTaxesTextBlock" xlink:to="label_NotesRegardingAccruedTaxesTextBlock_2" />
    <link:label xlink:type="resource" xlink:label="label_NotesRegardingAmountOfNonCurrentAssetsInIncidentalBusinessTextBlock" xml:lang="ja" xlink:role="http://www.xbrl.org/2003/role/label" id="label_NotesRegardingAmountOfNonCurrentAssetsInIncidentalBusinessTextBlock">附帯事業に係る固定資産の金額に関する注記</link:label>
    <link:labelArc xlink:type="arc" xlink:arcrole="http://www.xbrl.org/2003/arcrole/concept-label" xlink:from="NotesRegardingAmountOfNonCurrentAssetsInIncidentalBusinessTextBlock" xlink:to="label_NotesRegardingAmountOfNonCurrentAssetsInIncidentalBusinessTextBlock" />
    <link:label xlink:type="resource" xlink:label="label_NotesRegardingAmountOfNonCurrentAssetsInIncidentalBusinessTextBlock_2" xml:lang="ja" xlink:role="http://www.xbrl.org/2003/role/verboseLabel" id="label_NotesRegardingAmountOfNonCurrentAssetsInIncidentalBusinessTextBlock_2">附帯事業に係る固定資産の金額に関する注記 [テキストブロック]</link:label>
    <link:labelArc xlink:type="arc" xlink:arcrole="http://www.xbrl.org/2003/arcrole/concept-label" xlink:from="NotesRegardingAmountOfNonCurrentAssetsInIncidentalBusinessTextBlock" xlink:to="label_NotesRegardingAmountOfNonCurrentAssetsInIncidentalBusinessTextBlock_2" />
    <link:label xlink:type="resource" xlink:label="label_ReserveFundForNuclearReactorDecommissioningIOAELE" xml:lang="ja" xlink:role="http://www.xbrl.org/2003/role/label" id="label_ReserveFundForNuclearReactorDecommissioningIOAELE">廃炉等積立金</link:label>
    <link:labelArc xlink:type="arc" xlink:arcrole="http://www.xbrl.org/2003/arcrole/concept-label" xlink:from="ReserveFundForNuclearReactorDecommissioningIOAELE" xlink:to="label_ReserveFundForNuclearReactorDecommissioningIOAELE" />
    <link:label xlink:type="resource" xlink:label="label_ReserveFundForNuclearReactorDecommissioningIOAELE_2" xml:lang="ja" xlink:role="http://www.xbrl.org/2003/role/verboseLabel" id="label_ReserveFundForNuclearReactorDecommissioningIOAELE_2">廃炉等積立金、投資その他の資産、電気事業</link:label>
    <link:labelArc xlink:type="arc" xlink:arcrole="http://www.xbrl.org/2003/arcrole/concept-label" xlink:from="ReserveFundForNuclearReactorDecommissioningIOAELE" xlink:to="label_ReserveFundForNuclearReactorDecommissioningIOAELE_2" />
    <link:label xlink:type="resource" xlink:label="label_ProvisionForRemovalOfReactorCoresInSpecifiedNuclearPowerFacilitiesNCLELE" xml:lang="ja" xlink:role="http://www.xbrl.org/2003/role/label" id="label_ProvisionForRemovalOfReactorCoresInSpecifiedNuclearPowerFacilitiesNCLELE">特定原子力施設炉心等除去引当金</link:label>
    <link:labelArc xlink:type="arc" xlink:arcrole="http://www.xbrl.org/2003/arcrole/concept-label" xlink:from="ProvisionForRemovalOfReactorCoresInSpecifiedNuclearPowerFacilitiesNCLELE" xlink:to="label_ProvisionForRemovalOfReactorCoresInSpecifiedNuclearPowerFacilitiesNCLELE" />
    <link:label xlink:type="resource" xlink:label="label_ProvisionForRemovalOfReactorCoresInSpecifiedNuclearPowerFacilitiesNCLELE_2" xml:lang="ja" xlink:role="http://www.xbrl.org/2003/role/verboseLabel" id="label_ProvisionForRemovalOfReactorCoresInSpecifiedNuclearPowerFacilitiesNCLELE_2">特定原子力施設炉心等除去引当金、固定負債、電気事業</link:label>
    <link:labelArc xlink:type="arc" xlink:arcrole="http://www.xbrl.org/2003/arcrole/concept-label" xlink:from="ProvisionForRemovalOfReactorCoresInSpecifiedNuclearPowerFacilitiesNCLELE" xlink:to="label_ProvisionForRemovalOfReactorCoresInSpecifiedNuclearPowerFacilitiesNCLELE_2" />
    <link:label xlink:type="resource" xlink:label="label_ProvisionForCompensationForNuclearPowerRelatedDamagesNCLELE" xml:lang="ja" xlink:role="http://www.xbrl.org/2003/role/label" id="label_ProvisionForCompensationForNuclearPowerRelatedDamagesNCLELE">原子力損害賠償引当金</link:label>
    <link:labelArc xlink:type="arc" xlink:arcrole="http://www.xbrl.org/2003/arcrole/concept-label" xlink:from="ProvisionForCompensationForNuclearPowerRelatedDamagesNCLELE" xlink:to="label_ProvisionForCompensationForNuclearPowerRelatedDamagesNCLELE" />
    <link:label xlink:type="resource" xlink:label="label_ProvisionForCompensationForNuclearPowerRelatedDamagesNCLELE_2" xml:lang="ja" xlink:role="http://www.xbrl.org/2003/role/verboseLabel" id="label_ProvisionForCompensationForNuclearPowerRelatedDamagesNCLELE_2">原子力損害賠償引当金、固定負債、電気事業</link:label>
    <link:labelArc xlink:type="arc" xlink:arcrole="http://www.xbrl.org/2003/arcrole/concept-label" xlink:from="ProvisionForCompensationForNuclearPowerRelatedDamagesNCLELE" xlink:to="label_ProvisionForCompensationForNuclearPowerRelatedDamagesNCLELE_2" />
    <link:label xlink:type="resource" xlink:label="label_IncreaseDecreaseInReserveFundForNuclearReactorDecommissioningOpeCFELE" xml:lang="ja" xlink:role="http://www.xbrl.org/2003/role/label" id="label_IncreaseDecreaseInReserveFundForNuclearReactorDecommissioningOpeCFELE">廃炉等積立金の増減額（△は増加）</link:label>
    <link:labelArc xlink:type="arc" xlink:arcrole="http://www.xbrl.org/2003/arcrole/concept-label" xlink:from="IncreaseDecreaseInReserveFundForNuclearReactorDecommissioningOpeCFELE" xlink:to="label_IncreaseDecreaseInReserveFundForNuclearReactorDecommissioningOpeCFELE" />
    <link:label xlink:type="resource" xlink:label="label_IncreaseDecreaseInReserveFundForNuclearReactorDecommissioningOpeCFELE_2" xml:lang="ja" xlink:role="http://www.xbrl.org/2003/role/verboseLabel" id="label_IncreaseDecreaseInReserveFundForNuclearReactorDecommissioningOpeCFELE_2">廃炉等積立金の増減額（△は減少）、営業活動によるキャッシュ・フロー、電気事業</link:label>
    <link:labelArc xlink:type="arc" xlink:arcrole="http://www.xbrl.org/2003/arcrole/concept-label" xlink:from="IncreaseDecreaseInReserveFundForNuclearReactorDecommissioningOpeCFELE" xlink:to="label_IncreaseDecreaseInReserveFundForNuclearReactorDecommissioningOpeCFELE_2" />
    <link:label xlink:type="resource" xlink:label="label_GrantsInAidFromNuclearDamageLiabilityAndNuclearReactorDecommissionFacilitationFundOpeCF" xml:lang="ja" xlink:role="http://www.xbrl.org/2003/role/label" id="label_GrantsInAidFromNuclearDamageLiabilityAndNuclearReactorDecommissionFacilitationFundOpeCF">原賠・廃炉等支援機構資金交付金</link:label>
    <link:labelArc xlink:type="arc" xlink:arcrole="http://www.xbrl.org/2003/arcrole/concept-label" xlink:from="GrantsInAidFromNuclearDamageLiabilityAndNuclearReactorDecommissionFacilitationFundOpeCF" xlink:to="label_GrantsInAidFromNuclearDamageLiabilityAndNuclearReactorDecommissionFacilitationFundOpeCF" />
    <link:label xlink:type="resource" xlink:label="label_GrantsInAidFromNuclearDamageLiabilityAndNuclearReactorDecommissionFacilitationFundOpeCF_2" xml:lang="ja" xlink:role="http://www.xbrl.org/2003/role/verboseLabel" id="label_GrantsInAidFromNuclearDamageLiabilityAndNuclearReactorDecommissionFacilitationFundOpeCF_2">原賠・廃炉等支援機構資金交付金、営業活動によるキャッシュ・フロー</link:label>
    <link:labelArc xlink:type="arc" xlink:arcrole="http://www.xbrl.org/2003/arcrole/concept-label" xlink:from="GrantsInAidFromNuclearDamageLiabilityAndNuclearReactorDecommissionFacilitationFundOpeCF" xlink:to="label_GrantsInAidFromNuclearDamageLiabilityAndNuclearReactorDecommissionFacilitationFundOpeCF_2" />
    <link:label xlink:type="resource" xlink:label="label_CompensationForNuclearPowerRelatedDamagesOpeCFELE" xml:lang="ja" xlink:role="http://www.xbrl.org/2003/role/label" id="label_CompensationForNuclearPowerRelatedDamagesOpeCFELE">原子力損害賠償費</link:label>
    <link:labelArc xlink:type="arc" xlink:arcrole="http://www.xbrl.org/2003/arcrole/concept-label" xlink:from="CompensationForNuclearPowerRelatedDamagesOpeCFELE" xlink:to="label_CompensationForNuclearPowerRelatedDamagesOpeCFELE" />
    <link:label xlink:type="resource" xlink:label="label_CompensationForNuclearPowerRelatedDamagesOpeCFELE_2" xml:lang="ja" xlink:role="http://www.xbrl.org/2003/role/verboseLabel" id="label_CompensationForNuclearPowerRelatedDamagesOpeCFELE_2">原子力損害賠償費、営業活動によるキャッシュ・フロー、電気事業</link:label>
    <link:labelArc xlink:type="arc" xlink:arcrole="http://www.xbrl.org/2003/arcrole/concept-label" xlink:from="CompensationForNuclearPowerRelatedDamagesOpeCFELE" xlink:to="label_CompensationForNuclearPowerRelatedDamagesOpeCFELE_2" />
    <link:label xlink:type="resource" xlink:label="label_PaymentsForExtraordinaryLossOnTheTohokuChihouTaiheiyouOkiEarthquakeOpeCF" xml:lang="ja" xlink:role="http://www.xbrl.org/2003/role/label" id="label_PaymentsForExtraordinaryLossOnTheTohokuChihouTaiheiyouOkiEarthquakeOpeCF">東北地方太平洋沖地震による災害特別損失の支払額</link:label>
    <link:labelArc xlink:type="arc" xlink:arcrole="http://www.xbrl.org/2003/arcrole/concept-label" xlink:from="PaymentsForExtraordinaryLossOnTheTohokuChihouTaiheiyouOkiEarthquakeOpeCF" xlink:to="label_PaymentsForExtraordinaryLossOnTheTohokuChihouTaiheiyouOkiEarthquakeOpeCF" />
    <link:label xlink:type="resource" xlink:label="label_PaymentsForExtraordinaryLossOnTheTohokuChihouTaiheiyouOkiEarthquakeOpeCF_2" xml:lang="ja" xlink:role="http://www.xbrl.org/2003/role/verboseLabel" id="label_PaymentsForExtraordinaryLossOnTheTohokuChihouTaiheiyouOkiEarthquakeOpeCF_2">東北地方太平洋沖地震による災害特別損失の支払額、営業活動によるキャッシュ・フロー</link:label>
    <link:labelArc xlink:type="arc" xlink:arcrole="http://www.xbrl.org/2003/arcrole/concept-label" xlink:from="PaymentsForExtraordinaryLossOnTheTohokuChihouTaiheiyouOkiEarthquakeOpeCF" xlink:to="label_PaymentsForExtraordinaryLossOnTheTohokuChihouTaiheiyouOkiEarthquakeOpeCF_2" />
    <link:label xlink:type="resource" xlink:label="label_GrantsInAidFromNuclearDamageLiabilityAndNuclearReactorDecommissionFacilitationFundReceivedOpeCF" xml:lang="ja" xlink:role="http://www.xbrl.org/2003/role/label" id="label_GrantsInAidFromNuclearDamageLiabilityAndNuclearReactorDecommissionFacilitationFundReceivedOpeCF">原賠・廃炉等支援機構資金交付金の受取額</link:label>
    <link:labelArc xlink:type="arc" xlink:arcrole="http://www.xbrl.org/2003/arcrole/concept-label" xlink:from="GrantsInAidFromNuclearDamageLiabilityAndNuclearReactorDecommissionFacilitationFundReceivedOpeCF" xlink:to="label_GrantsInAidFromNuclearDamageLiabilityAndNuclearReactorDecommissionFacilitationFundReceivedOpeCF" />
    <link:label xlink:type="resource" xlink:label="label_GrantsInAidFromNuclearDamageLiabilityAndNuclearReactorDecommissionFacilitationFundReceivedOpeCF_2" xml:lang="ja" xlink:role="http://www.xbrl.org/2003/role/verboseLabel" id="label_GrantsInAidFromNuclearDamageLiabilityAndNuclearReactorDecommissionFacilitationFundReceivedOpeCF_2">原賠・廃炉等支援機構資金交付金の受取額、営業活動によるキャッシュ・フロー</link:label>
    <link:labelArc xlink:type="arc" xlink:arcrole="http://www.xbrl.org/2003/arcrole/concept-label" xlink:from="GrantsInAidFromNuclearDamageLiabilityAndNuclearReactorDecommissionFacilitationFundReceivedOpeCF" xlink:to="label_GrantsInAidFromNuclearDamageLiabilityAndNuclearReactorDecommissionFacilitationFundReceivedOpeCF_2" />
    <link:label xlink:type="resource" xlink:label="label_CompensationForNuclearPowerRelatedDamagesPaidOpeCFELE" xml:lang="ja" xlink:role="http://www.xbrl.org/2003/role/label" id="label_CompensationForNuclearPowerRelatedDamagesPaidOpeCFELE">原子力損害賠償金の支払額</link:label>
    <link:labelArc xlink:type="arc" xlink:arcrole="http://www.xbrl.org/2003/arcrole/concept-label" xlink:from="CompensationForNuclearPowerRelatedDamagesPaidOpeCFELE" xlink:to="label_CompensationForNuclearPowerRelatedDamagesPaidOpeCFELE" />
    <link:label xlink:type="resource" xlink:label="label_CompensationForNuclearPowerRelatedDamagesPaidOpeCFELE_2" xml:lang="ja" xlink:role="http://www.xbrl.org/2003/role/verboseLabel" id="label_CompensationForNuclearPowerRelatedDamagesPaidOpeCFELE_2">原子力損害賠償金の支払額、営業活動によるキャッシュ・フロー、電気事業</link:label>
    <link:labelArc xlink:type="arc" xlink:arcrole="http://www.xbrl.org/2003/arcrole/concept-label" xlink:from="CompensationForNuclearPowerRelatedDamagesPaidOpeCFELE" xlink:to="label_CompensationForNuclearPowerRelatedDamagesPaidOpeCFELE_2" />
    <link:label xlink:type="resource" xlink:label="label_LossOnReturnOfImbalanceIncomeAndExpenditureOpeCFELE" xml:lang="ja" xlink:role="http://www.xbrl.org/2003/role/label" id="label_LossOnReturnOfImbalanceIncomeAndExpenditureOpeCFELE">インバランス収支還元損失</link:label>
    <link:labelArc xlink:type="arc" xlink:arcrole="http://www.xbrl.org/2003/arcrole/concept-label" xlink:from="LossOnReturnOfImbalanceIncomeAndExpenditureOpeCFELE" xlink:to="label_LossOnReturnOfImbalanceIncomeAndExpenditureOpeCFELE" />
    <link:label xlink:type="resource" xlink:label="label_LossOnReturnOfImbalanceIncomeAndExpenditureOpeCFELE_2" xml:lang="ja" xlink:role="http://www.xbrl.org/2003/role/verboseLabel" id="label_LossOnReturnOfImbalanceIncomeAndExpenditureOpeCFELE_2">インバランス収支還元損失、営業活動によるキャッシュ・フロー、電気通信事業</link:label>
    <link:labelArc xlink:type="arc" xlink:arcrole="http://www.xbrl.org/2003/arcrole/concept-label" xlink:from="LossOnReturnOfImbalanceIncomeAndExpenditureOpeCFELE" xlink:to="label_LossOnReturnOfImbalanceIncomeAndExpenditureOpeCFELE_2" />
    <link:label xlink:type="resource" xlink:label="label_ClassBPreferredSharesSharesWithNoVotingRightsMember" xml:lang="ja" xlink:role="http://www.xbrl.org/2003/role/verboseLabel" id="label_ClassBPreferredSharesSharesWithNoVotingRightsMember">Ｂ種優先株式、無議決権株式 [メンバー]</link:label>
    <link:labelArc xlink:type="arc" xlink:arcrole="http://www.xbrl.org/2003/arcrole/concept-label" xlink:from="ClassBPreferredSharesSharesWithNoVotingRightsMember" xlink:to="label_ClassBPreferredSharesSharesWithNoVotingRightsMember" />
    <link:label xlink:type="resource" xlink:label="label_ClassBPreferredSharesSharesWithNoVotingRightsMember_2" xml:lang="ja" xlink:role="http://www.xbrl.org/2003/role/label" id="label_ClassBPreferredSharesSharesWithNoVotingRightsMember_2">Ｂ種優先株式</link:label>
    <link:labelArc xlink:type="arc" xlink:arcrole="http://www.xbrl.org/2003/arcrole/concept-label" xlink:from="ClassBPreferredSharesSharesWithNoVotingRightsMember" xlink:to="label_ClassBPreferredSharesSharesWithNoVotingRightsMember_2" />
    <link:label xlink:type="resource" xlink:label="label_ClassAPreferredSharesSharesWithNoVotingRightsMember" xml:lang="ja" xlink:role="http://www.xbrl.org/2003/role/verboseLabel" id="label_ClassAPreferredSharesSharesWithNoVotingRightsMember">Ａ種優先株式、無議決権株式 [メンバー]</link:label>
    <link:labelArc xlink:type="arc" xlink:arcrole="http://www.xbrl.org/2003/arcrole/concept-label" xlink:from="ClassAPreferredSharesSharesWithNoVotingRightsMember" xlink:to="label_ClassAPreferredSharesSharesWithNoVotingRightsMember" />
    <link:label xlink:type="resource" xlink:label="label_ClassAPreferredSharesSharesWithNoVotingRightsMember_2" xml:lang="ja" xlink:role="http://www.xbrl.org/2003/role/label" id="label_ClassAPreferredSharesSharesWithNoVotingRightsMember_2">Ａ種優先株式</link:label>
    <link:labelArc xlink:type="arc" xlink:arcrole="http://www.xbrl.org/2003/arcrole/concept-label" xlink:from="ClassAPreferredSharesSharesWithNoVotingRightsMember" xlink:to="label_ClassAPreferredSharesSharesWithNoVotingRightsMember_2" />
    <link:label xlink:type="resource" xlink:label="label_GuaranteeCompanySubjectToOngoingDisclosureTextBlock" xml:lang="ja" xlink:role="http://www.xbrl.org/2003/role/label" id="label_GuaranteeCompanySubjectToOngoingDisclosureTextBlock">継続開示会社たる保証会社</link:label>
    <link:labelArc xlink:type="arc" xlink:arcrole="http://www.xbrl.org/2003/arcrole/concept-label" xlink:from="GuaranteeCompanySubjectToOngoingDisclosureTextBlock" xlink:to="label_GuaranteeCompanySubjectToOngoingDisclosureTextBlock" />
    <link:label xlink:type="resource" xlink:label="label_GuaranteeCompanySubjectToOngoingDisclosureTextBlock_2" xml:lang="ja" xlink:role="http://www.xbrl.org/2003/role/verboseLabel" id="label_GuaranteeCompanySubjectToOngoingDisclosureTextBlock_2">継続開示会社たる保証会社 [テキストブロック]</link:label>
    <link:labelArc xlink:type="arc" xlink:arcrole="http://www.xbrl.org/2003/arcrole/concept-label" xlink:from="GuaranteeCompanySubjectToOngoingDisclosureTextBlock" xlink:to="label_GuaranteeCompanySubjectToOngoingDisclosureTextBlock_2" />
    <link:label xlink:type="resource" xlink:label="label_TotalNumberOfIssuedSharesSummaryOfBusinessResultsAbstract" xml:lang="ja" xlink:role="http://www.xbrl.org/2003/role/label" id="label_TotalNumberOfIssuedSharesSummaryOfBusinessResultsAbstract">発行済株式総数</link:label>
    <link:labelArc xlink:type="arc" xlink:arcrole="http://www.xbrl.org/2003/arcrole/concept-label" xlink:from="TotalNumberOfIssuedSharesSummaryOfBusinessResultsAbstract" xlink:to="label_TotalNumberOfIssuedSharesSummaryOfBusinessResultsAbstract" />
    <link:label xlink:type="resource" xlink:label="label_TotalNumberOfIssuedSharesSummaryOfBusinessResultsAbstract_2" xml:lang="ja" xlink:role="http://www.xbrl.org/2003/role/verboseLabel" id="label_TotalNumberOfIssuedSharesSummaryOfBusinessResultsAbstract_2">発行済株式総数、経営指標等 [タイトル項目]</link:label>
    <link:labelArc xlink:type="arc" xlink:arcrole="http://www.xbrl.org/2003/arcrole/concept-label" xlink:from="TotalNumberOfIssuedSharesSummaryOfBusinessResultsAbstract" xlink:to="label_TotalNumberOfIssuedSharesSummaryOfBusinessResultsAbstract_2" />
    <link:label xlink:type="resource" xlink:label="label_PreferredStockClassATotalNumberOfIssuedSharesSummaryOfBusinessResult" xml:lang="ja" xlink:role="http://www.xbrl.org/2003/role/label" id="label_PreferredStockClassATotalNumberOfIssuedSharesSummaryOfBusinessResult">Ａ種優先株式</link:label>
    <link:labelArc xlink:type="arc" xlink:arcrole="http://www.xbrl.org/2003/arcrole/concept-label" xlink:from="PreferredStockClassATotalNumberOfIssuedSharesSummaryOfBusinessResult" xlink:to="label_PreferredStockClassATotalNumberOfIssuedSharesSummaryOfBusinessResult" />
    <link:label xlink:type="resource" xlink:label="label_PreferredStockClassATotalNumberOfIssuedSharesSummaryOfBusinessResult_2" xml:lang="ja" xlink:role="http://www.xbrl.org/2003/role/verboseLabel" id="label_PreferredStockClassATotalNumberOfIssuedSharesSummaryOfBusinessResult_2">Ａ種優先株式、発行済株式総数、経営指標等</link:label>
    <link:labelArc xlink:type="arc" xlink:arcrole="http://www.xbrl.org/2003/arcrole/concept-label" xlink:from="PreferredStockClassATotalNumberOfIssuedSharesSummaryOfBusinessResult" xlink:to="label_PreferredStockClassATotalNumberOfIssuedSharesSummaryOfBusinessResult_2" />
    <link:label xlink:type="resource" xlink:label="label_PreferredStockClassBTotalNumberOfIssuedSharesSummaryOfBusinessResults" xml:lang="ja" xlink:role="http://www.xbrl.org/2003/role/label" id="label_PreferredStockClassBTotalNumberOfIssuedSharesSummaryOfBusinessResults">Ｂ種優先株式</link:label>
    <link:labelArc xlink:type="arc" xlink:arcrole="http://www.xbrl.org/2003/arcrole/concept-label" xlink:from="PreferredStockClassBTotalNumberOfIssuedSharesSummaryOfBusinessResults" xlink:to="label_PreferredStockClassBTotalNumberOfIssuedSharesSummaryOfBusinessResults" />
    <link:label xlink:type="resource" xlink:label="label_PreferredStockClassBTotalNumberOfIssuedSharesSummaryOfBusinessResults_2" xml:lang="ja" xlink:role="http://www.xbrl.org/2003/role/verboseLabel" id="label_PreferredStockClassBTotalNumberOfIssuedSharesSummaryOfBusinessResults_2">Ｂ種優先株式、発行済株式総数、経営指標等</link:label>
    <link:labelArc xlink:type="arc" xlink:arcrole="http://www.xbrl.org/2003/arcrole/concept-label" xlink:from="PreferredStockClassBTotalNumberOfIssuedSharesSummaryOfBusinessResults" xlink:to="label_PreferredStockClassBTotalNumberOfIssuedSharesSummaryOfBusinessResults_2" />
    <link:label xlink:type="resource" xlink:label="label_DividendPaidPerShareSummaryOfBusinessResultsAbstract" xml:lang="ja" xlink:role="http://www.xbrl.org/2003/role/label" id="label_DividendPaidPerShareSummaryOfBusinessResultsAbstract">１株当たり配当額</link:label>
    <link:labelArc xlink:type="arc" xlink:arcrole="http://www.xbrl.org/2003/arcrole/concept-label" xlink:from="DividendPaidPerShareSummaryOfBusinessResultsAbstract" xlink:to="label_DividendPaidPerShareSummaryOfBusinessResultsAbstract" />
    <link:label xlink:type="resource" xlink:label="label_DividendPaidPerShareSummaryOfBusinessResultsAbstract_2" xml:lang="ja" xlink:role="http://www.xbrl.org/2003/role/verboseLabel" id="label_DividendPaidPerShareSummaryOfBusinessResultsAbstract_2">１株当たり配当額、経営指標等 [タイトル項目]</link:label>
    <link:labelArc xlink:type="arc" xlink:arcrole="http://www.xbrl.org/2003/arcrole/concept-label" xlink:from="DividendPaidPerShareSummaryOfBusinessResultsAbstract" xlink:to="label_DividendPaidPerShareSummaryOfBusinessResultsAbstract_2" />
    <link:label xlink:type="resource" xlink:label="label_PreferredStockClassADividendPaidPerShareSummaryOfBusinessResults" xml:lang="ja" xlink:role="http://www.xbrl.org/2003/role/label" id="label_PreferredStockClassADividendPaidPerShareSummaryOfBusinessResults">Ａ種優先株式</link:label>
    <link:labelArc xlink:type="arc" xlink:arcrole="http://www.xbrl.org/2003/arcrole/concept-label" xlink:from="PreferredStockClassADividendPaidPerShareSummaryOfBusinessResults" xlink:to="label_PreferredStockClassADividendPaidPerShareSummaryOfBusinessResults" />
    <link:label xlink:type="resource" xlink:label="label_PreferredStockClassADividendPaidPerShareSummaryOfBusinessResults_2" xml:lang="ja" xlink:role="http://www.xbrl.org/2003/role/verboseLabel" id="label_PreferredStockClassADividendPaidPerShareSummaryOfBusinessResults_2">Ａ種優先株式、１株当たり配当額、経営指標等</link:label>
    <link:labelArc xlink:type="arc" xlink:arcrole="http://www.xbrl.org/2003/arcrole/concept-label" xlink:from="PreferredStockClassADividendPaidPerShareSummaryOfBusinessResults" xlink:to="label_PreferredStockClassADividendPaidPerShareSummaryOfBusinessResults_2" />
    <link:label xlink:type="resource" xlink:label="label_PreferredStockClassBDividendPaidPerShareSummaryOfBusinessResults" xml:lang="ja" xlink:role="http://www.xbrl.org/2003/role/label" id="label_PreferredStockClassBDividendPaidPerShareSummaryOfBusinessResults">Ｂ種優先株式</link:label>
    <link:labelArc xlink:type="arc" xlink:arcrole="http://www.xbrl.org/2003/arcrole/concept-label" xlink:from="PreferredStockClassBDividendPaidPerShareSummaryOfBusinessResults" xlink:to="label_PreferredStockClassBDividendPaidPerShareSummaryOfBusinessResults" />
    <link:label xlink:type="resource" xlink:label="label_PreferredStockClassBDividendPaidPerShareSummaryOfBusinessResults_2" xml:lang="ja" xlink:role="http://www.xbrl.org/2003/role/verboseLabel" id="label_PreferredStockClassBDividendPaidPerShareSummaryOfBusinessResults_2">Ｂ種優先株式、１株当たり配当額、経営指標等</link:label>
    <link:labelArc xlink:type="arc" xlink:arcrole="http://www.xbrl.org/2003/arcrole/concept-label" xlink:from="PreferredStockClassBDividendPaidPerShareSummaryOfBusinessResults" xlink:to="label_PreferredStockClassBDividendPaidPerShareSummaryOfBusinessResults_2" />
    <link:label xlink:type="resource" xlink:label="label_InterimDividendPaidPerShareSummaryOfBusinessResultsAbstract" xml:lang="ja" xlink:role="http://www.xbrl.org/2003/role/label" id="label_InterimDividendPaidPerShareSummaryOfBusinessResultsAbstract">１株当たり中間配当額</link:label>
    <link:labelArc xlink:type="arc" xlink:arcrole="http://www.xbrl.org/2003/arcrole/concept-label" xlink:from="InterimDividendPaidPerShareSummaryOfBusinessResultsAbstract" xlink:to="label_InterimDividendPaidPerShareSummaryOfBusinessResultsAbstract" />
    <link:label xlink:type="resource" xlink:label="label_InterimDividendPaidPerShareSummaryOfBusinessResultsAbstract_2" xml:lang="ja" xlink:role="http://www.xbrl.org/2003/role/verboseLabel" id="label_InterimDividendPaidPerShareSummaryOfBusinessResultsAbstract_2">１株当たり中間配当額、経営指標等 [タイトル項目]</link:label>
    <link:labelArc xlink:type="arc" xlink:arcrole="http://www.xbrl.org/2003/arcrole/concept-label" xlink:from="InterimDividendPaidPerShareSummaryOfBusinessResultsAbstract" xlink:to="label_InterimDividendPaidPerShareSummaryOfBusinessResultsAbstract_2" />
    <link:label xlink:type="resource" xlink:label="label_PreferredStockClassAInterimDividendPaidPerShareSummaryOfBusinessResults" xml:lang="ja" xlink:role="http://www.xbrl.org/2003/role/label" id="label_PreferredStockClassAInterimDividendPaidPerShareSummaryOfBusinessResults">Ａ種優先株式</link:label>
    <link:labelArc xlink:type="arc" xlink:arcrole="http://www.xbrl.org/2003/arcrole/concept-label" xlink:from="PreferredStockClassAInterimDividendPaidPerShareSummaryOfBusinessResults" xlink:to="label_PreferredStockClassAInterimDividendPaidPerShareSummaryOfBusinessResults" />
    <link:label xlink:type="resource" xlink:label="label_PreferredStockClassAInterimDividendPaidPerShareSummaryOfBusinessResults_2" xml:lang="ja" xlink:role="http://www.xbrl.org/2003/role/verboseLabel" id="label_PreferredStockClassAInterimDividendPaidPerShareSummaryOfBusinessResults_2">Ａ種優先株式、１株当たり中間配当額、経営指標等</link:label>
    <link:labelArc xlink:type="arc" xlink:arcrole="http://www.xbrl.org/2003/arcrole/concept-label" xlink:from="PreferredStockClassAInterimDividendPaidPerShareSummaryOfBusinessResults" xlink:to="label_PreferredStockClassAInterimDividendPaidPerShareSummaryOfBusinessResults_2" />
    <link:label xlink:type="resource" xlink:label="label_PreferredStockClassBInterimDividendPaidPerShareSummaryOfBusinessResults" xml:lang="ja" xlink:role="http://www.xbrl.org/2003/role/label" id="label_PreferredStockClassBInterimDividendPaidPerShareSummaryOfBusinessResults">Ｂ種優先株式</link:label>
    <link:labelArc xlink:type="arc" xlink:arcrole="http://www.xbrl.org/2003/arcrole/concept-label" xlink:from="PreferredStockClassBInterimDividendPaidPerShareSummaryOfBusinessResults" xlink:to="label_PreferredStockClassBInterimDividendPaidPerShareSummaryOfBusinessResults" />
    <link:label xlink:type="resource" xlink:label="label_PreferredStockClassBInterimDividendPaidPerShareSummaryOfBusinessResults_2" xml:lang="ja" xlink:role="http://www.xbrl.org/2003/role/verboseLabel" id="label_PreferredStockClassBInterimDividendPaidPerShareSummaryOfBusinessResults_2">Ｂ種優先株式、１株当たり中間配当額、経営指標等</link:label>
    <link:labelArc xlink:type="arc" xlink:arcrole="http://www.xbrl.org/2003/arcrole/concept-label" xlink:from="PreferredStockClassBInterimDividendPaidPerShareSummaryOfBusinessResults" xlink:to="label_PreferredStockClassBInterimDividendPaidPerShareSummaryOfBusinessResults_2" />
    <link:label xlink:type="resource" xlink:label="label_ContributionReceivedForNuclearReactorDecommissionORElectricELE" xml:lang="ja" xlink:role="http://www.xbrl.org/2003/role/label" id="label_ContributionReceivedForNuclearReactorDecommissionORElectricELE">廃炉等負担金収益</link:label>
    <link:labelArc xlink:type="arc" xlink:arcrole="http://www.xbrl.org/2003/arcrole/concept-label" xlink:from="ContributionReceivedForNuclearReactorDecommissionORElectricELE" xlink:to="label_ContributionReceivedForNuclearReactorDecommissionORElectricELE" />
    <link:label xlink:type="resource" xlink:label="label_ContributionReceivedForNuclearReactorDecommissionORElectricELE_2" xml:lang="ja" xlink:role="http://www.xbrl.org/2003/role/verboseLabel" id="label_ContributionReceivedForNuclearReactorDecommissionORElectricELE_2">廃炉等負担金、電気事業営業収益、電気事業</link:label>
    <link:labelArc xlink:type="arc" xlink:arcrole="http://www.xbrl.org/2003/arcrole/concept-label" xlink:from="ContributionReceivedForNuclearReactorDecommissionORElectricELE" xlink:to="label_ContributionReceivedForNuclearReactorDecommissionORElectricELE_2" />
    <link:label xlink:type="resource" xlink:label="label_OperatingRevenueSharedOfficeBusinessOEIncidentalELE" xml:lang="ja" xlink:role="http://www.xbrl.org/2003/role/label" id="label_OperatingRevenueSharedOfficeBusinessOEIncidentalELE">シェアオフィス事業営業収益</link:label>
    <link:labelArc xlink:type="arc" xlink:arcrole="http://www.xbrl.org/2003/arcrole/concept-label" xlink:from="OperatingRevenueSharedOfficeBusinessOEIncidentalELE" xlink:to="label_OperatingRevenueSharedOfficeBusinessOEIncidentalELE" />
    <link:label xlink:type="resource" xlink:label="label_OperatingRevenueSharedOfficeBusinessOEIncidentalELE_2" xml:lang="ja" xlink:role="http://www.xbrl.org/2003/role/verboseLabel" id="label_OperatingRevenueSharedOfficeBusinessOEIncidentalELE_2">シェアオフィス事業営業収益、附帯事業営業収益、電気事業</link:label>
    <link:labelArc xlink:type="arc" xlink:arcrole="http://www.xbrl.org/2003/arcrole/concept-label" xlink:from="OperatingRevenueSharedOfficeBusinessOEIncidentalELE" xlink:to="label_OperatingRevenueSharedOfficeBusinessOEIncidentalELE_2" />
    <link:label xlink:type="resource" xlink:label="label_OperatingExpensesEnergyFacilitiesServiceBusinessOEIncidentalELE_2" xml:lang="ja" xlink:role="http://www.xbrl.org/2003/role/label" id="label_OperatingExpensesEnergyFacilitiesServiceBusinessOEIncidentalELE_2">エネルギー設備サービス事業営業費用</link:label>
    <link:labelArc xlink:type="arc" xlink:arcrole="http://www.xbrl.org/2003/arcrole/concept-label" xlink:from="OperatingExpensesEnergyFacilitiesServiceBusinessOEIncidentalELE" xlink:to="label_OperatingExpensesEnergyFacilitiesServiceBusinessOEIncidentalELE_2" />
    <link:label xlink:type="resource" xlink:label="label_OperatingExpensesEnergyFacilitiesServiceBusinessOEIncidentalELE" xml:lang="ja" xlink:role="http://www.xbrl.org/2003/role/verboseLabel" id="label_OperatingExpensesEnergyFacilitiesServiceBusinessOEIncidentalELE">エネルギー設備サービス事業営業費用、附帯事業営業費用、電気事業</link:label>
    <link:labelArc xlink:type="arc" xlink:arcrole="http://www.xbrl.org/2003/arcrole/concept-label" xlink:from="OperatingExpensesEnergyFacilitiesServiceBusinessOEIncidentalELE" xlink:to="label_OperatingExpensesEnergyFacilitiesServiceBusinessOEIncidentalELE" />
    <link:label xlink:type="resource" xlink:label="label_OperatingExpensesSharedOfficeBusinessOEIncidentalELE" xml:lang="ja" xlink:role="http://www.xbrl.org/2003/role/label" id="label_OperatingExpensesSharedOfficeBusinessOEIncidentalELE">シェアオフィス事業営業費用</link:label>
    <link:labelArc xlink:type="arc" xlink:arcrole="http://www.xbrl.org/2003/arcrole/concept-label" xlink:from="OperatingExpensesSharedOfficeBusinessOEIncidentalELE" xlink:to="label_OperatingExpensesSharedOfficeBusinessOEIncidentalELE" />
    <link:label xlink:type="resource" xlink:label="label_OperatingExpensesSharedOfficeBusinessOEIncidentalELE_2" xml:lang="ja" xlink:role="http://www.xbrl.org/2003/role/verboseLabel" id="label_OperatingExpensesSharedOfficeBusinessOEIncidentalELE_2">シェアオフィス事業営業費用、附帯事業営業費用、電気事業</link:label>
    <link:labelArc xlink:type="arc" xlink:arcrole="http://www.xbrl.org/2003/arcrole/concept-label" xlink:from="OperatingExpensesSharedOfficeBusinessOEIncidentalELE" xlink:to="label_OperatingExpensesSharedOfficeBusinessOEIncidentalELE_2" />
    <link:label xlink:type="resource" xlink:label="label_ExtraordinaryLossOnDisasterEL" xml:lang="ja" xlink:role="http://www.xbrl.org/2003/role/label" id="label_ExtraordinaryLossOnDisasterEL">災害特別損失</link:label>
    <link:labelArc xlink:type="arc" xlink:arcrole="http://www.xbrl.org/2003/arcrole/concept-label" xlink:from="ExtraordinaryLossOnDisasterEL" xlink:to="label_ExtraordinaryLossOnDisasterEL" />
    <link:label xlink:type="resource" xlink:label="label_ExtraordinaryLossOnDisasterEL_2" xml:lang="ja" xlink:role="http://www.xbrl.org/2003/role/verboseLabel" id="label_ExtraordinaryLossOnDisasterEL_2">災害特別損失、特別損失</link:label>
    <link:labelArc xlink:type="arc" xlink:arcrole="http://www.xbrl.org/2003/arcrole/concept-label" xlink:from="ExtraordinaryLossOnDisasterEL" xlink:to="label_ExtraordinaryLossOnDisasterEL_2" />
    <link:label xlink:type="resource" xlink:label="label_CompensationForNuclearPowerRelatedDamagesELELE" xml:lang="ja" xlink:role="http://www.xbrl.org/2003/role/label" id="label_CompensationForNuclearPowerRelatedDamagesELELE">原子力損害賠償費</link:label>
    <link:labelArc xlink:type="arc" xlink:arcrole="http://www.xbrl.org/2003/arcrole/concept-label" xlink:from="CompensationForNuclearPowerRelatedDamagesELELE" xlink:to="label_CompensationForNuclearPowerRelatedDamagesELELE" />
    <link:label xlink:type="resource" xlink:label="label_CompensationForNuclearPowerRelatedDamagesELELE_2" xml:lang="ja" xlink:role="http://www.xbrl.org/2003/role/verboseLabel" id="label_CompensationForNuclearPowerRelatedDamagesELELE_2">原子力損害賠償費、特別損失、電気事業</link:label>
    <link:labelArc xlink:type="arc" xlink:arcrole="http://www.xbrl.org/2003/arcrole/concept-label" xlink:from="CompensationForNuclearPowerRelatedDamagesELELE" xlink:to="label_CompensationForNuclearPowerRelatedDamagesELELE_2" />
    <link:label xlink:type="resource" xlink:label="label_LossOnReturnOfImbalanceIncomeAndExpenditureELELE" xml:lang="ja" xlink:role="http://www.xbrl.org/2003/role/label" id="label_LossOnReturnOfImbalanceIncomeAndExpenditureELELE">インバランス収支還元損失</link:label>
    <link:labelArc xlink:type="arc" xlink:arcrole="http://www.xbrl.org/2003/arcrole/concept-label" xlink:from="LossOnReturnOfImbalanceIncomeAndExpenditureELELE" xlink:to="label_LossOnReturnOfImbalanceIncomeAndExpenditureELELE" />
    <link:label xlink:type="resource" xlink:label="label_LossOnReturnOfImbalanceIncomeAndExpenditureELELE_2" xml:lang="ja" xlink:role="http://www.xbrl.org/2003/role/verboseLabel" id="label_LossOnReturnOfImbalanceIncomeAndExpenditureELELE_2">インバランス収支還元損失、特別損失 、電気事業</link:label>
    <link:labelArc xlink:type="arc" xlink:arcrole="http://www.xbrl.org/2003/arcrole/concept-label" xlink:from="LossOnReturnOfImbalanceIncomeAndExpenditureELELE" xlink:to="label_LossOnReturnOfImbalanceIncomeAndExpenditureELELE_2" />
    <link:label xlink:type="resource" xlink:label="label_DividendIncome" xml:lang="ja" xlink:role="http://www.xbrl.org/2003/role/label" id="label_DividendIncome">受取配当金</link:label>
    <link:labelArc xlink:type="arc" xlink:arcrole="http://www.xbrl.org/2003/arcrole/concept-label" xlink:from="DividendIncome" xlink:to="label_DividendIncome" />
    <link:label xlink:type="resource" xlink:label="label_DividendIncome_2" xml:lang="ja" xlink:role="http://www.xbrl.org/2003/role/verboseLabel" id="label_DividendIncome_2">受取配当金</link:label>
    <link:labelArc xlink:type="arc" xlink:arcrole="http://www.xbrl.org/2003/arcrole/concept-label" xlink:from="DividendIncome" xlink:to="label_DividendIncome_2" />
    <link:label xlink:type="resource" xlink:label="label_HoldingsReportableSegmentsMember" xml:lang="ja" xlink:role="http://www.xbrl.org/2003/role/label" id="label_HoldingsReportableSegmentsMember">ホールディングス</link:label>
    <link:labelArc xlink:type="arc" xlink:arcrole="http://www.xbrl.org/2003/arcrole/concept-label" xlink:from="HoldingsReportableSegmentsMember" xlink:to="label_HoldingsReportableSegmentsMember" />
    <link:label xlink:type="resource" xlink:label="label_HoldingsReportableSegmentsMember_2" xml:lang="ja" xlink:role="http://www.xbrl.org/2003/role/verboseLabel" id="label_HoldingsReportableSegmentsMember_2">ホールディングス、報告セグメント [メンバー]</link:label>
    <link:labelArc xlink:type="arc" xlink:arcrole="http://www.xbrl.org/2003/arcrole/concept-label" xlink:from="HoldingsReportableSegmentsMember" xlink:to="label_HoldingsReportableSegmentsMember_2" />
    <link:label xlink:type="resource" xlink:label="label_FuelAndPowerCompanyReportableSegmentsMember" xml:lang="ja" xlink:role="http://www.xbrl.org/2003/role/label" id="label_FuelAndPowerCompanyReportableSegmentsMember">フュエル＆パワー</link:label>
    <link:labelArc xlink:type="arc" xlink:arcrole="http://www.xbrl.org/2003/arcrole/concept-label" xlink:from="FuelAndPowerCompanyReportableSegmentsMember" xlink:to="label_FuelAndPowerCompanyReportableSegmentsMember" />
    <link:label xlink:type="resource" xlink:label="label_FuelAndPowerCompanyReportableSegmentsMember_2" xml:lang="ja" xlink:role="http://www.xbrl.org/2003/role/verboseLabel" id="label_FuelAndPowerCompanyReportableSegmentsMember_2">フュエル＆パワー、報告セグメント [メンバー]</link:label>
    <link:labelArc xlink:type="arc" xlink:arcrole="http://www.xbrl.org/2003/arcrole/concept-label" xlink:from="FuelAndPowerCompanyReportableSegmentsMember" xlink:to="label_FuelAndPowerCompanyReportableSegmentsMember_2" />
    <link:label xlink:type="resource" xlink:label="label_PowerGridCompanyReportableSegmentsMember" xml:lang="ja" xlink:role="http://www.xbrl.org/2003/role/label" id="label_PowerGridCompanyReportableSegmentsMember">パワーグリッド</link:label>
    <link:labelArc xlink:type="arc" xlink:arcrole="http://www.xbrl.org/2003/arcrole/concept-label" xlink:from="PowerGridCompanyReportableSegmentsMember" xlink:to="label_PowerGridCompanyReportableSegmentsMember" />
    <link:label xlink:type="resource" xlink:label="label_PowerGridCompanyReportableSegmentsMember_2" xml:lang="ja" xlink:role="http://www.xbrl.org/2003/role/verboseLabel" id="label_PowerGridCompanyReportableSegmentsMember_2">パワーグリッド、報告セグメント [メンバー]</link:label>
    <link:labelArc xlink:type="arc" xlink:arcrole="http://www.xbrl.org/2003/arcrole/concept-label" xlink:from="PowerGridCompanyReportableSegmentsMember" xlink:to="label_PowerGridCompanyReportableSegmentsMember_2" />
    <link:label xlink:type="resource" xlink:label="label_EnergyPartnerCompanyReportableSegmentsMember" xml:lang="ja" xlink:role="http://www.xbrl.org/2003/role/label" id="label_EnergyPartnerCompanyReportableSegmentsMember">エナジーパートナー</link:label>
    <link:labelArc xlink:type="arc" xlink:arcrole="http://www.xbrl.org/2003/arcrole/concept-label" xlink:from="EnergyPartnerCompanyReportableSegmentsMember" xlink:to="label_EnergyPartnerCompanyReportableSegmentsMember" />
    <link:label xlink:type="resource" xlink:label="label_EnergyPartnerCompanyReportableSegmentsMember_2" xml:lang="ja" xlink:role="http://www.xbrl.org/2003/role/verboseLabel" id="label_EnergyPartnerCompanyReportableSegmentsMember_2">エナジーパートナー、報告セグメント [メンバー]</link:label>
    <link:labelArc xlink:type="arc" xlink:arcrole="http://www.xbrl.org/2003/arcrole/concept-label" xlink:from="EnergyPartnerCompanyReportableSegmentsMember" xlink:to="label_EnergyPartnerCompanyReportableSegmentsMember_2" />
    <link:label xlink:type="resource" xlink:label="label_RenewablePowerCompanyReportableSegmentsMember" xml:lang="ja" xlink:role="http://www.xbrl.org/2003/role/label" id="label_RenewablePowerCompanyReportableSegmentsMember">リニューアブルパワー</link:label>
    <link:labelArc xlink:type="arc" xlink:arcrole="http://www.xbrl.org/2003/arcrole/concept-label" xlink:from="RenewablePowerCompanyReportableSegmentsMember" xlink:to="label_RenewablePowerCompanyReportableSegmentsMember" />
    <link:label xlink:type="resource" xlink:label="label_RenewablePowerCompanyReportableSegmentsMember_2" xml:lang="ja" xlink:role="http://www.xbrl.org/2003/role/verboseLabel" id="label_RenewablePowerCompanyReportableSegmentsMember_2">リニューアブルパワー、報告セグメント [メンバー]</link:label>
    <link:labelArc xlink:type="arc" xlink:arcrole="http://www.xbrl.org/2003/arcrole/concept-label" xlink:from="RenewablePowerCompanyReportableSegmentsMember" xlink:to="label_RenewablePowerCompanyReportableSegmentsMember_2" />
    <link:label xlink:type="resource" xlink:label="label_NotesRegardingFinancialCovenantsTextBlock" xml:lang="ja" xlink:role="http://www.xbrl.org/2003/role/label" id="label_NotesRegardingFinancialCovenantsTextBlock">財務制限条項に関する注記</link:label>
    <link:labelArc xlink:type="arc" xlink:arcrole="http://www.xbrl.org/2003/arcrole/concept-label" xlink:from="NotesRegardingFinancialCovenantsTextBlock" xlink:to="label_NotesRegardingFinancialCovenantsTextBlock" />
    <link:label xlink:type="resource" xlink:label="label_NotesRegardingFinancialCovenantsTextBlock_2" xml:lang="ja" xlink:role="http://www.xbrl.org/2003/role/verboseLabel" id="label_NotesRegardingFinancialCovenantsTextBlock_2">財務制限条項に関する注記 [テキストブロック]</link:label>
    <link:labelArc xlink:type="arc" xlink:arcrole="http://www.xbrl.org/2003/arcrole/concept-label" xlink:from="NotesRegardingFinancialCovenantsTextBlock" xlink:to="label_NotesRegardingFinancialCovenantsTextBlock_2" />
    <link:label xlink:type="resource" xlink:label="label_EmployeesRetirementBenefitExpensesSGAELE" xml:lang="ja" xlink:role="http://www.xbrl.org/2003/role/label" id="label_EmployeesRetirementBenefitExpensesSGAELE">退職給与金</link:label>
    <link:labelArc xlink:type="arc" xlink:arcrole="http://www.xbrl.org/2003/arcrole/concept-label" xlink:from="EmployeesRetirementBenefitExpensesSGAELE" xlink:to="label_EmployeesRetirementBenefitExpensesSGAELE" />
    <link:label xlink:type="resource" xlink:label="label_EmployeesRetirementBenefitExpensesSGAELE_2" xml:lang="ja" xlink:role="http://www.xbrl.org/2003/role/verboseLabel" id="label_EmployeesRetirementBenefitExpensesSGAELE_2">退職給与金、販売費及び一般管理費、電気事業</link:label>
    <link:labelArc xlink:type="arc" xlink:arcrole="http://www.xbrl.org/2003/arcrole/concept-label" xlink:from="EmployeesRetirementBenefitExpensesSGAELE" xlink:to="label_EmployeesRetirementBenefitExpensesSGAELE_2" />
    <link:label xlink:type="resource" xlink:label="label_ProvisionsForReservesTextBlock" xml:lang="ja" xlink:role="http://www.xbrl.org/2003/role/label" id="label_ProvisionsForReservesTextBlock">引当金繰入額</link:label>
    <link:labelArc xlink:type="arc" xlink:arcrole="http://www.xbrl.org/2003/arcrole/concept-label" xlink:from="ProvisionsForReservesTextBlock" xlink:to="label_ProvisionsForReservesTextBlock" />
    <link:label xlink:type="resource" xlink:label="label_ProvisionsForReservesTextBlock_2" xml:lang="ja" xlink:role="http://www.xbrl.org/2003/role/verboseLabel" id="label_ProvisionsForReservesTextBlock_2">引当金繰入額 [テキストブロック]</link:label>
    <link:labelArc xlink:type="arc" xlink:arcrole="http://www.xbrl.org/2003/arcrole/concept-label" xlink:from="ProvisionsForReservesTextBlock" xlink:to="label_ProvisionsForReservesTextBlock_2" />
    <link:label xlink:type="resource" xlink:label="label_NotesRegardingCompensationForNuclearPowerRelatedDamagesAndGrantsInAidFromNuclearDamageLiabilityFacilitationFund" xml:lang="ja" xlink:role="http://www.xbrl.org/2003/role/label" id="label_NotesRegardingCompensationForNuclearPowerRelatedDamagesAndGrantsInAidFromNuclearDamageLiabilityFacilitationFund">原子力損害賠償費及び原子力損害賠償支援機構資金交付金に関する注記</link:label>
    <link:labelArc xlink:type="arc" xlink:arcrole="http://www.xbrl.org/2003/arcrole/concept-label" xlink:from="NotesRegardingCompensationForNuclearPowerRelatedDamagesAndGrantsInAidFromNuclearDamageLiabilityFacilitationFund" xlink:to="label_NotesRegardingCompensationForNuclearPowerRelatedDamagesAndGrantsInAidFromNuclearDamageLiabilityFacilitationFund" />
    <link:label xlink:type="resource" xlink:label="label_NotesRegardingCompensationForNuclearPowerRelatedDamagesAndGrantsInAidFromNuclearDamageLiabilityFacilitationFund_2" xml:lang="ja" xlink:role="http://www.xbrl.org/2003/role/verboseLabel" id="label_NotesRegardingCompensationForNuclearPowerRelatedDamagesAndGrantsInAidFromNuclearDamageLiabilityFacilitationFund_2">原子力損害賠償費及び原子力損害賠償支援機構資金交付金に関する注記 [テキストブロック]</link:label>
    <link:labelArc xlink:type="arc" xlink:arcrole="http://www.xbrl.org/2003/arcrole/concept-label" xlink:from="NotesRegardingCompensationForNuclearPowerRelatedDamagesAndGrantsInAidFromNuclearDamageLiabilityFacilitationFund" xlink:to="label_NotesRegardingCompensationForNuclearPowerRelatedDamagesAndGrantsInAidFromNuclearDamageLiabilityFacilitationFund_2" />
    <link:label xlink:type="resource" xlink:label="label_NotesRegardingLossOnDisasterTextBlock" xml:lang="ja" xlink:role="http://www.xbrl.org/2003/role/label" id="label_NotesRegardingLossOnDisasterTextBlock">災害による損失の注記</link:label>
    <link:labelArc xlink:type="arc" xlink:arcrole="http://www.xbrl.org/2003/arcrole/concept-label" xlink:from="NotesRegardingLossOnDisasterTextBlock" xlink:to="label_NotesRegardingLossOnDisasterTextBlock" />
    <link:label xlink:type="resource" xlink:label="label_NotesRegardingLossOnDisasterTextBlock_2" xml:lang="ja" xlink:role="http://www.xbrl.org/2003/role/verboseLabel" id="label_NotesRegardingLossOnDisasterTextBlock_2">災害による損失の注記 [テキストブロック]</link:label>
    <link:labelArc xlink:type="arc" xlink:arcrole="http://www.xbrl.org/2003/arcrole/concept-label" xlink:from="NotesRegardingLossOnDisasterTextBlock" xlink:to="label_NotesRegardingLossOnDisasterTextBlock_2" />
    <link:label xlink:type="resource" xlink:label="label_KobayakawaTomoakiMember" xml:lang="ja" xlink:role="http://www.xbrl.org/2003/role/verboseLabel" id="label_KobayakawaTomoakiMember">小早川　智明 [メンバー]</link:label>
    <link:labelArc xlink:type="arc" xlink:arcrole="http://www.xbrl.org/2003/arcrole/concept-label" xlink:from="KobayakawaTomoakiMember" xlink:to="label_KobayakawaTomoakiMember" />
    <link:label xlink:type="resource" xlink:label="label_KobayakawaTomoakiMember_2" xml:lang="ja" xlink:role="http://www.xbrl.org/2003/role/label" id="label_KobayakawaTomoakiMember_2">小早川　智明</link:label>
    <link:labelArc xlink:type="arc" xlink:arcrole="http://www.xbrl.org/2003/arcrole/concept-label" xlink:from="KobayakawaTomoakiMember" xlink:to="label_KobayakawaTomoakiMember_2" />
    <link:label xlink:type="resource" xlink:label="label_MoriyaSeijiMember" xml:lang="ja" xlink:role="http://www.xbrl.org/2003/role/verboseLabel" id="label_MoriyaSeijiMember">守谷　誠二 [メンバー]</link:label>
    <link:labelArc xlink:type="arc" xlink:arcrole="http://www.xbrl.org/2003/arcrole/concept-label" xlink:from="MoriyaSeijiMember" xlink:to="label_MoriyaSeijiMember" />
    <link:label xlink:type="resource" xlink:label="label_MoriyaSeijiMember_2" xml:lang="ja" xlink:role="http://www.xbrl.org/2003/role/label" id="label_MoriyaSeijiMember_2">守谷　誠二</link:label>
    <link:labelArc xlink:type="arc" xlink:arcrole="http://www.xbrl.org/2003/arcrole/concept-label" xlink:from="MoriyaSeijiMember" xlink:to="label_MoriyaSeijiMember_2" />
    <link:label xlink:type="resource" xlink:label="label_YamaguchiHiroyukiMember" xml:lang="ja" xlink:role="http://www.xbrl.org/2003/role/label" id="label_YamaguchiHiroyukiMember">山口 裕之</link:label>
    <link:labelArc xlink:type="arc" xlink:arcrole="http://www.xbrl.org/2003/arcrole/concept-label" xlink:from="YamaguchiHiroyukiMember" xlink:to="label_YamaguchiHiroyukiMember" />
    <link:label xlink:type="resource" xlink:label="label_YamaguchiHiroyukiMember_2" xml:lang="ja" xlink:role="http://www.xbrl.org/2003/role/verboseLabel" id="label_YamaguchiHiroyukiMember_2">山口 裕之[メンバー]</link:label>
    <link:labelArc xlink:type="arc" xlink:arcrole="http://www.xbrl.org/2003/arcrole/concept-label" xlink:from="YamaguchiHiroyukiMember" xlink:to="label_YamaguchiHiroyukiMember_2" />
    <link:label xlink:type="resource" xlink:label="label_SaikiMitsushiMember" xml:lang="ja" xlink:role="http://www.xbrl.org/2003/role/label" id="label_SaikiMitsushiMember">佐伯　光司</link:label>
    <link:labelArc xlink:type="arc" xlink:arcrole="http://www.xbrl.org/2003/arcrole/concept-label" xlink:from="SaikiMitsushiMember" xlink:to="label_SaikiMitsushiMember" />
    <link:label xlink:type="resource" xlink:label="label_SaikiMitsushiMember_2" xml:lang="ja" xlink:role="http://www.xbrl.org/2003/role/verboseLabel" id="label_SaikiMitsushiMember_2">佐伯　光司 [メンバー]</link:label>
    <link:labelArc xlink:type="arc" xlink:arcrole="http://www.xbrl.org/2003/arcrole/concept-label" xlink:from="SaikiMitsushiMember" xlink:to="label_SaikiMitsushiMember_2" />
    <link:label xlink:type="resource" xlink:label="label_KojimaChikaraMember" xml:lang="ja" xlink:role="http://www.xbrl.org/2003/role/label" id="label_KojimaChikaraMember">児島　力</link:label>
    <link:labelArc xlink:type="arc" xlink:arcrole="http://www.xbrl.org/2003/arcrole/concept-label" xlink:from="KojimaChikaraMember" xlink:to="label_KojimaChikaraMember" />
    <link:label xlink:type="resource" xlink:label="label_KojimaChikaraMember_2" xml:lang="ja" xlink:role="http://www.xbrl.org/2003/role/verboseLabel" id="label_KojimaChikaraMember_2">児島　力 [メンバー]</link:label>
    <link:labelArc xlink:type="arc" xlink:arcrole="http://www.xbrl.org/2003/arcrole/concept-label" xlink:from="KojimaChikaraMember" xlink:to="label_KojimaChikaraMember_2" />
    <link:label xlink:type="resource" xlink:label="label_SekiTomomichiMember" xml:lang="ja" xlink:role="http://www.xbrl.org/2003/role/label" id="label_SekiTomomichiMember">関　知道</link:label>
    <link:labelArc xlink:type="arc" xlink:arcrole="http://www.xbrl.org/2003/arcrole/concept-label" xlink:from="SekiTomomichiMember" xlink:to="label_SekiTomomichiMember" />
    <link:label xlink:type="resource" xlink:label="label_SekiTomomichiMember_2" xml:lang="ja" xlink:role="http://www.xbrl.org/2003/role/verboseLabel" id="label_SekiTomomichiMember_2">関　知道 [メンバー]</link:label>
    <link:labelArc xlink:type="arc" xlink:arcrole="http://www.xbrl.org/2003/arcrole/concept-label" xlink:from="SekiTomomichiMember" xlink:to="label_SekiTomomichiMember_2" />
    <link:label xlink:type="resource" xlink:label="label_YamamotoRyutaroMember" xml:lang="ja" xlink:role="http://www.xbrl.org/2003/role/label" id="label_YamamotoRyutaroMember">山本　竜太郎</link:label>
    <link:labelArc xlink:type="arc" xlink:arcrole="http://www.xbrl.org/2003/arcrole/concept-label" xlink:from="YamamotoRyutaroMember" xlink:to="label_YamamotoRyutaroMember" />
    <link:label xlink:type="resource" xlink:label="label_YamamotoRyutaroMember_2" xml:lang="ja" xlink:role="http://www.xbrl.org/2003/role/verboseLabel" id="label_YamamotoRyutaroMember_2">山本　竜太郎 [メンバー]</link:label>
    <link:labelArc xlink:type="arc" xlink:arcrole="http://www.xbrl.org/2003/arcrole/concept-label" xlink:from="YamamotoRyutaroMember" xlink:to="label_YamamotoRyutaroMember_2" />
    <link:label xlink:type="resource" xlink:label="label_NagasakiMomokoMember" xml:lang="ja" xlink:role="http://www.xbrl.org/2003/role/label" id="label_NagasakiMomokoMember">長﨑　桃子</link:label>
    <link:labelArc xlink:type="arc" xlink:arcrole="http://www.xbrl.org/2003/arcrole/concept-label" xlink:from="NagasakiMomokoMember" xlink:to="label_NagasakiMomokoMember" />
    <link:label xlink:type="resource" xlink:label="label_NagasakiMomokoMember_2" xml:lang="ja" xlink:role="http://www.xbrl.org/2003/role/verboseLabel" id="label_NagasakiMomokoMember_2">長﨑　桃子 [メンバー]</link:label>
    <link:labelArc xlink:type="arc" xlink:arcrole="http://www.xbrl.org/2003/arcrole/concept-label" xlink:from="NagasakiMomokoMember" xlink:to="label_NagasakiMomokoMember_2" />
    <link:label xlink:type="resource" xlink:label="label_SakaiDaisukeMember_2" xml:lang="ja" xlink:role="http://www.xbrl.org/2003/role/label" id="label_SakaiDaisukeMember_2">酒井　大輔</link:label>
    <link:labelArc xlink:type="arc" xlink:arcrole="http://www.xbrl.org/2003/arcrole/concept-label" xlink:from="SakaiDaisukeMember" xlink:to="label_SakaiDaisukeMember_2" />
    <link:label xlink:type="resource" xlink:label="label_SakaiDaisukeMember" xml:lang="ja" xlink:role="http://www.xbrl.org/2003/role/verboseLabel" id="label_SakaiDaisukeMember">酒井　大輔 [メンバー]</link:label>
    <link:labelArc xlink:type="arc" xlink:arcrole="http://www.xbrl.org/2003/arcrole/concept-label" xlink:from="SakaiDaisukeMember" xlink:to="label_SakaiDaisukeMember" />
    <link:label xlink:type="resource" xlink:label="label_OnoAkiraMember" xml:lang="ja" xlink:role="http://www.xbrl.org/2003/role/verboseLabel" id="label_OnoAkiraMember">小野　明 [メンバー]</link:label>
    <link:labelArc xlink:type="arc" xlink:arcrole="http://www.xbrl.org/2003/arcrole/concept-label" xlink:from="OnoAkiraMember" xlink:to="label_OnoAkiraMember" />
    <link:label xlink:type="resource" xlink:label="label_OnoAkiraMember_2" xml:lang="ja" xlink:role="http://www.xbrl.org/2003/role/label" id="label_OnoAkiraMember_2">小野　明</link:label>
    <link:labelArc xlink:type="arc" xlink:arcrole="http://www.xbrl.org/2003/arcrole/concept-label" xlink:from="OnoAkiraMember" xlink:to="label_OnoAkiraMember_2" />
    <link:label xlink:type="resource" xlink:label="label_TakaharaKazuyoshiMember" xml:lang="ja" xlink:role="http://www.xbrl.org/2003/role/label" id="label_TakaharaKazuyoshiMember">髙原 一嘉</link:label>
    <link:labelArc xlink:type="arc" xlink:arcrole="http://www.xbrl.org/2003/arcrole/concept-label" xlink:from="TakaharaKazuyoshiMember" xlink:to="label_TakaharaKazuyoshiMember" />
    <link:label xlink:type="resource" xlink:label="label_TakaharaKazuyoshiMember_2" xml:lang="ja" xlink:role="http://www.xbrl.org/2003/role/verboseLabel" id="label_TakaharaKazuyoshiMember_2">髙原 一嘉</link:label>
    <link:labelArc xlink:type="arc" xlink:arcrole="http://www.xbrl.org/2003/arcrole/concept-label" xlink:from="TakaharaKazuyoshiMember" xlink:to="label_TakaharaKazuyoshiMember_2" />
    <link:label xlink:type="resource" xlink:label="label_KittaMasayaMember" xml:lang="ja" xlink:role="http://www.xbrl.org/2003/role/label" id="label_KittaMasayaMember">橘田　昌哉</link:label>
    <link:labelArc xlink:type="arc" xlink:arcrole="http://www.xbrl.org/2003/arcrole/concept-label" xlink:from="KittaMasayaMember" xlink:to="label_KittaMasayaMember" />
    <link:label xlink:type="resource" xlink:label="label_KittaMasayaMember_2" xml:lang="ja" xlink:role="http://www.xbrl.org/2003/role/verboseLabel" id="label_KittaMasayaMember_2">橘田　昌哉 [メンバー]</link:label>
    <link:labelArc xlink:type="arc" xlink:arcrole="http://www.xbrl.org/2003/arcrole/concept-label" xlink:from="KittaMasayaMember" xlink:to="label_KittaMasayaMember_2" />
    <link:label xlink:type="resource" xlink:label="label_SouIsseiMember" xml:lang="ja" xlink:role="http://www.xbrl.org/2003/role/verboseLabel" id="label_SouIsseiMember">宗　一誠 [メンバー]</link:label>
    <link:labelArc xlink:type="arc" xlink:arcrole="http://www.xbrl.org/2003/arcrole/concept-label" xlink:from="SouIsseiMember" xlink:to="label_SouIsseiMember" />
    <link:label xlink:type="resource" xlink:label="label_SouIsseiMember_2" xml:lang="ja" xlink:role="http://www.xbrl.org/2003/role/label" id="label_SouIsseiMember_2">宗　一誠</link:label>
    <link:labelArc xlink:type="arc" xlink:arcrole="http://www.xbrl.org/2003/arcrole/concept-label" xlink:from="SouIsseiMember" xlink:to="label_SouIsseiMember_2" />
    <link:label xlink:type="resource" xlink:label="label_InagakiTakeyukiMember_2" xml:lang="ja" xlink:role="http://www.xbrl.org/2003/role/label" id="label_InagakiTakeyukiMember_2">稲垣　武之</link:label>
    <link:labelArc xlink:type="arc" xlink:arcrole="http://www.xbrl.org/2003/arcrole/concept-label" xlink:from="InagakiTakeyukiMember" xlink:to="label_InagakiTakeyukiMember_2" />
    <link:label xlink:type="resource" xlink:label="label_InagakiTakeyukiMember" xml:lang="ja" xlink:role="http://www.xbrl.org/2003/role/verboseLabel" id="label_InagakiTakeyukiMember">稲垣　武之 [メンバー]</link:label>
    <link:labelArc xlink:type="arc" xlink:arcrole="http://www.xbrl.org/2003/arcrole/concept-label" xlink:from="InagakiTakeyukiMember" xlink:to="label_InagakiTakeyukiMember" />
    <link:label xlink:type="resource" xlink:label="label_FukudaToshihikoMember_2" xml:lang="ja" xlink:role="http://www.xbrl.org/2003/role/label" id="label_FukudaToshihikoMember_2">福田　俊彦</link:label>
    <link:labelArc xlink:type="arc" xlink:arcrole="http://www.xbrl.org/2003/arcrole/concept-label" xlink:from="FukudaToshihikoMember" xlink:to="label_FukudaToshihikoMember_2" />
    <link:label xlink:type="resource" xlink:label="label_FukudaToshihikoMember" xml:lang="ja" xlink:role="http://www.xbrl.org/2003/role/verboseLabel" id="label_FukudaToshihikoMember">福田　俊彦 [メンバー]</link:label>
    <link:labelArc xlink:type="arc" xlink:arcrole="http://www.xbrl.org/2003/arcrole/concept-label" xlink:from="FukudaToshihikoMember" xlink:to="label_FukudaToshihikoMember" />
    <link:label xlink:type="resource" xlink:label="label_YoshinoShigehiroMember" xml:lang="ja" xlink:role="http://www.xbrl.org/2003/role/label" id="label_YoshinoShigehiroMember">吉野　栄洋</link:label>
    <link:labelArc xlink:type="arc" xlink:arcrole="http://www.xbrl.org/2003/arcrole/concept-label" xlink:from="YoshinoShigehiroMember" xlink:to="label_YoshinoShigehiroMember" />
    <link:label xlink:type="resource" xlink:label="label_YoshinoShigehiroMember_2" xml:lang="ja" xlink:role="http://www.xbrl.org/2003/role/verboseLabel" id="label_YoshinoShigehiroMember_2">吉野　栄洋 [メンバー]</link:label>
    <link:labelArc xlink:type="arc" xlink:arcrole="http://www.xbrl.org/2003/arcrole/concept-label" xlink:from="YoshinoShigehiroMember" xlink:to="label_YoshinoShigehiroMember_2" />
    <link:label xlink:type="resource" xlink:label="label_KobayashiYoshimitsuMember" xml:lang="ja" xlink:role="http://www.xbrl.org/2003/role/label" id="label_KobayashiYoshimitsuMember">小林　喜光</link:label>
    <link:labelArc xlink:type="arc" xlink:arcrole="http://www.xbrl.org/2003/arcrole/concept-label" xlink:from="KobayashiYoshimitsuMember" xlink:to="label_KobayashiYoshimitsuMember" />
    <link:label xlink:type="resource" xlink:label="label_KobayashiYoshimitsuMember_2" xml:lang="ja" xlink:role="http://www.xbrl.org/2003/role/verboseLabel" id="label_KobayashiYoshimitsuMember_2">小林　喜光　[メンバー]</link:label>
    <link:labelArc xlink:type="arc" xlink:arcrole="http://www.xbrl.org/2003/arcrole/concept-label" xlink:from="KobayashiYoshimitsuMember" xlink:to="label_KobayashiYoshimitsuMember_2" />
    <link:label xlink:type="resource" xlink:label="label_KuniiHidekoMember" xml:lang="ja" xlink:role="http://www.xbrl.org/2003/role/verboseLabel" id="label_KuniiHidekoMember">國井　秀子 [メンバー]</link:label>
    <link:labelArc xlink:type="arc" xlink:arcrole="http://www.xbrl.org/2003/arcrole/concept-label" xlink:from="KuniiHidekoMember" xlink:to="label_KuniiHidekoMember" />
    <link:label xlink:type="resource" xlink:label="label_KuniiHidekoMember_2" xml:lang="ja" xlink:role="http://www.xbrl.org/2003/role/label" id="label_KuniiHidekoMember_2">國井　秀子</link:label>
    <link:labelArc xlink:type="arc" xlink:arcrole="http://www.xbrl.org/2003/arcrole/concept-label" xlink:from="KuniiHidekoMember" xlink:to="label_KuniiHidekoMember_2" />
    <link:label xlink:type="resource" xlink:label="label_TakauraHideoMember" xml:lang="ja" xlink:role="http://www.xbrl.org/2003/role/verboseLabel" id="label_TakauraHideoMember">髙浦　英夫 [メンバー]</link:label>
    <link:labelArc xlink:type="arc" xlink:arcrole="http://www.xbrl.org/2003/arcrole/concept-label" xlink:from="TakauraHideoMember" xlink:to="label_TakauraHideoMember" />
    <link:label xlink:type="resource" xlink:label="label_TakauraHideoMember_2" xml:lang="ja" xlink:role="http://www.xbrl.org/2003/role/label" id="label_TakauraHideoMember_2">髙浦　英夫</link:label>
    <link:labelArc xlink:type="arc" xlink:arcrole="http://www.xbrl.org/2003/arcrole/concept-label" xlink:from="TakauraHideoMember" xlink:to="label_TakauraHideoMember_2" />
    <link:label xlink:type="resource" xlink:label="label_OhyagiShigeoMember" xml:lang="ja" xlink:role="http://www.xbrl.org/2003/role/verboseLabel" id="label_OhyagiShigeoMember">大八木　成男 [メンバー]</link:label>
    <link:labelArc xlink:type="arc" xlink:arcrole="http://www.xbrl.org/2003/arcrole/concept-label" xlink:from="OhyagiShigeoMember" xlink:to="label_OhyagiShigeoMember" />
    <link:label xlink:type="resource" xlink:label="label_OhyagiShigeoMember_2" xml:lang="ja" xlink:role="http://www.xbrl.org/2003/role/label" id="label_OhyagiShigeoMember_2">大八木　成男</link:label>
    <link:labelArc xlink:type="arc" xlink:arcrole="http://www.xbrl.org/2003/arcrole/concept-label" xlink:from="OhyagiShigeoMember" xlink:to="label_OhyagiShigeoMember_2" />
    <link:label xlink:type="resource" xlink:label="label_OnishiShoichiroMember" xml:lang="ja" xlink:role="http://www.xbrl.org/2003/role/verboseLabel" id="label_OnishiShoichiroMember">大西　正一郎 [メンバー]</link:label>
    <link:labelArc xlink:type="arc" xlink:arcrole="http://www.xbrl.org/2003/arcrole/concept-label" xlink:from="OnishiShoichiroMember" xlink:to="label_OnishiShoichiroMember" />
    <link:label xlink:type="resource" xlink:label="label_OnishiShoichiroMember_2" xml:lang="ja" xlink:role="http://www.xbrl.org/2003/role/label" id="label_OnishiShoichiroMember_2">大西　正一郎</link:label>
    <link:labelArc xlink:type="arc" xlink:arcrole="http://www.xbrl.org/2003/arcrole/concept-label" xlink:from="OnishiShoichiroMember" xlink:to="label_OnishiShoichiroMember_2" />
    <link:label xlink:type="resource" xlink:label="label_ShinkawaAsaMember" xml:lang="ja" xlink:role="http://www.xbrl.org/2003/role/label" id="label_ShinkawaAsaMember">新川　麻</link:label>
    <link:labelArc xlink:type="arc" xlink:arcrole="http://www.xbrl.org/2003/arcrole/concept-label" xlink:from="ShinkawaAsaMember" xlink:to="label_ShinkawaAsaMember" />
    <link:label xlink:type="resource" xlink:label="label_ShinkawaAsaMember_2" xml:lang="ja" xlink:role="http://www.xbrl.org/2003/role/verboseLabel" id="label_ShinkawaAsaMember_2">新川　麻　[メンバー]</link:label>
    <link:labelArc xlink:type="arc" xlink:arcrole="http://www.xbrl.org/2003/arcrole/concept-label" xlink:from="ShinkawaAsaMember" xlink:to="label_ShinkawaAsaMember_2" />
    <link:label xlink:type="resource" xlink:label="label_MorishitaYoshihitoMember" xml:lang="ja" xlink:role="http://www.xbrl.org/2003/role/verboseLabel" id="label_MorishitaYoshihitoMember">森下　義人 [メンバー]</link:label>
    <link:labelArc xlink:type="arc" xlink:arcrole="http://www.xbrl.org/2003/arcrole/concept-label" xlink:from="MorishitaYoshihitoMember" xlink:to="label_MorishitaYoshihitoMember" />
    <link:label xlink:type="resource" xlink:label="label_MorishitaYoshihitoMember_2" xml:lang="ja" xlink:role="http://www.xbrl.org/2003/role/label" id="label_MorishitaYoshihitoMember_2">森下　義人</link:label>
    <link:labelArc xlink:type="arc" xlink:arcrole="http://www.xbrl.org/2003/arcrole/concept-label" xlink:from="MorishitaYoshihitoMember" xlink:to="label_MorishitaYoshihitoMember_2" />
  </link:labelLink>
</link:linkbase>