<?xml version="1.0" encoding="utf-8"?>
<!-- Generated by PRONEXUS WORKS -->
<link:linkbase xmlns:link="http://www.xbrl.org/2003/linkbase" xmlns:xsi="http://www.w3.org/2001/XMLSchema-instance" xmlns:xbrli="http://www.xbrl.org/2003/instance" xmlns:xlink="http://www.w3.org/1999/xlink">
  <link:labelLink xlink:type="extended" xlink:role="http://www.xbrl.org/2003/role/link">
    <link:loc xlink:type="locator" xlink:href="jpcrp030000-asr-001_E04498-000_2022-03-31_01_2022-06-29.xsd#jpcrp030000-asr_E04498-000_NotesRegardingCurrentPortionOfNonCurrentLiabilitiesTextBlock" xlink:label="NotesRegardingCurrentPortionOfNonCurrentLiabilitiesTextBlock" />
    <link:loc xlink:type="locator" xlink:href="jpcrp030000-asr-001_E04498-000_2022-03-31_01_2022-06-29.xsd#jpcrp030000-asr_E04498-000_NotesRegardingAccruedTaxesTextBlock" xlink:label="NotesRegardingAccruedTaxesTextBlock" />
    <link:loc xlink:type="locator" xlink:href="jpcrp030000-asr-001_E04498-000_2022-03-31_01_2022-06-29.xsd#jpcrp030000-asr_E04498-000_NotesRegardingAmountOfNonCurrentAssetsInIncidentalBusinessTextBlock" xlink:label="NotesRegardingAmountOfNonCurrentAssetsInIncidentalBusinessTextBlock" />
    <link:loc xlink:type="locator" xlink:href="jpcrp030000-asr-001_E04498-000_2022-03-31_01_2022-06-29.xsd#jpcrp030000-asr_E04498-000_RenewablePowerIncorporatedReportableSegmentsMember" xlink:label="RenewablePowerIncorporatedReportableSegmentsMember" />
    <link:loc xlink:type="locator" xlink:href="jpcrp030000-asr-001_E04498-000_2022-03-31_01_2022-06-29.xsd#jpcrp030000-asr_E04498-000_IncreaseDecreaseInReserveFundForNuclearReactorDecommissioningOpeCFELE" xlink:label="IncreaseDecreaseInReserveFundForNuclearReactorDecommissioningOpeCFELE" />
    <link:loc xlink:type="locator" xlink:href="jpcrp030000-asr-001_E04498-000_2022-03-31_01_2022-06-29.xsd#jpcrp030000-asr_E04498-000_GrantsInAidFromNuclearDamageLiabilityAndNuclearReactorDecommissionFacilitationFundOpeCF" xlink:label="GrantsInAidFromNuclearDamageLiabilityAndNuclearReactorDecommissionFacilitationFundOpeCF" />
    <link:loc xlink:type="locator" xlink:href="jpcrp030000-asr-001_E04498-000_2022-03-31_01_2022-06-29.xsd#jpcrp030000-asr_E04498-000_CompensationForNuclearPowerRelatedDamagesOpeCFELE" xlink:label="CompensationForNuclearPowerRelatedDamagesOpeCFELE" />
    <link:loc xlink:type="locator" xlink:href="jpcrp030000-asr-001_E04498-000_2022-03-31_01_2022-06-29.xsd#jpcrp030000-asr_E04498-000_PaymentsForExtraordinaryLossOnTheTohokuChihouTaiheiyouOkiEarthquakeOpeCF" xlink:label="PaymentsForExtraordinaryLossOnTheTohokuChihouTaiheiyouOkiEarthquakeOpeCF" />
    <link:loc xlink:type="locator" xlink:href="jpcrp030000-asr-001_E04498-000_2022-03-31_01_2022-06-29.xsd#jpcrp030000-asr_E04498-000_GrantsInAidFromNuclearDamageLiabilityAndNuclearReactorDecommissionFacilitationFundReceivedOpeCF" xlink:label="GrantsInAidFromNuclearDamageLiabilityAndNuclearReactorDecommissionFacilitationFundReceivedOpeCF" />
    <link:loc xlink:type="locator" xlink:href="jpcrp030000-asr-001_E04498-000_2022-03-31_01_2022-06-29.xsd#jpcrp030000-asr_E04498-000_CompensationForNuclearPowerRelatedDamagesPaidOpeCFELE" xlink:label="CompensationForNuclearPowerRelatedDamagesPaidOpeCFELE" />
    <link:loc xlink:type="locator" xlink:href="jpcrp030000-asr-001_E04498-000_2022-03-31_01_2022-06-29.xsd#jpcrp030000-asr_E04498-000_GuaranteeCompanySubjectToOngoingDisclosureTextBlock" xlink:label="GuaranteeCompanySubjectToOngoingDisclosureTextBlock" />
    <link:loc xlink:type="locator" xlink:href="jpcrp030000-asr-001_E04498-000_2022-03-31_01_2022-06-29.xsd#jpcrp030000-asr_E04498-000_NotesRegardingFinancialCovenantsTextBlock" xlink:label="NotesRegardingFinancialCovenantsTextBlock" />
    <link:loc xlink:type="locator" xlink:href="jpcrp030000-asr-001_E04498-000_2022-03-31_01_2022-06-29.xsd#jpcrp030000-asr_E04498-000_TotalNumberOfIssuedSharesSummaryOfBusinessResultsAbstract" xlink:label="TotalNumberOfIssuedSharesSummaryOfBusinessResultsAbstract" />
    <link:loc xlink:type="locator" xlink:href="jpcrp030000-asr-001_E04498-000_2022-03-31_01_2022-06-29.xsd#jpcrp030000-asr_E04498-000_PreferredStockClassATotalNumberOfIssuedSharesSummaryOfBusinessResult" xlink:label="PreferredStockClassATotalNumberOfIssuedSharesSummaryOfBusinessResult" />
    <link:loc xlink:type="locator" xlink:href="jpcrp030000-asr-001_E04498-000_2022-03-31_01_2022-06-29.xsd#jpcrp030000-asr_E04498-000_PreferredStockClassBTotalNumberOfIssuedSharesSummaryOfBusinessResults" xlink:label="PreferredStockClassBTotalNumberOfIssuedSharesSummaryOfBusinessResults" />
    <link:loc xlink:type="locator" xlink:href="jpcrp030000-asr-001_E04498-000_2022-03-31_01_2022-06-29.xsd#jpcrp030000-asr_E04498-000_DividendPaidPerShareSummaryOfBusinessResultsAbstract" xlink:label="DividendPaidPerShareSummaryOfBusinessResultsAbstract" />
    <link:loc xlink:type="locator" xlink:href="jpcrp030000-asr-001_E04498-000_2022-03-31_01_2022-06-29.xsd#jpcrp030000-asr_E04498-000_PreferredStockClassADividendPaidPerShareSummaryOfBusinessResults" xlink:label="PreferredStockClassADividendPaidPerShareSummaryOfBusinessResults" />
    <link:loc xlink:type="locator" xlink:href="jpcrp030000-asr-001_E04498-000_2022-03-31_01_2022-06-29.xsd#jpcrp030000-asr_E04498-000_PreferredStockClassBDividendPaidPerShareSummaryOfBusinessResults" xlink:label="PreferredStockClassBDividendPaidPerShareSummaryOfBusinessResults" />
    <link:loc xlink:type="locator" xlink:href="jpcrp030000-asr-001_E04498-000_2022-03-31_01_2022-06-29.xsd#jpcrp030000-asr_E04498-000_InterimDividendPaidPerShareSummaryOfBusinessResultsAbstract" xlink:label="InterimDividendPaidPerShareSummaryOfBusinessResultsAbstract" />
    <link:loc xlink:type="locator" xlink:href="jpcrp030000-asr-001_E04498-000_2022-03-31_01_2022-06-29.xsd#jpcrp030000-asr_E04498-000_PreferredStockClassAInterimDividendPaidPerShareSummaryOfBusinessResults" xlink:label="PreferredStockClassAInterimDividendPaidPerShareSummaryOfBusinessResults" />
    <link:loc xlink:type="locator" xlink:href="jpcrp030000-asr-001_E04498-000_2022-03-31_01_2022-06-29.xsd#jpcrp030000-asr_E04498-000_PreferredStockClassBInterimDividendPaidPerShareSummaryOfBusinessResults" xlink:label="PreferredStockClassBInterimDividendPaidPerShareSummaryOfBusinessResults" />
    <link:loc xlink:type="locator" xlink:href="jpcrp030000-asr-001_E04498-000_2022-03-31_01_2022-06-29.xsd#jpcrp030000-asr_E04498-000_ReserveFundForNuclearReactorDecommissioningIOAELE" xlink:label="ReserveFundForNuclearReactorDecommissioningIOAELE" />
    <link:loc xlink:type="locator" xlink:href="jpcrp030000-asr-001_E04498-000_2022-03-31_01_2022-06-29.xsd#jpcrp030000-asr_E04498-000_ProvisionForRemovalOfReactorCoresInSpecifiedNuclearPowerFacilitiesNCLELE" xlink:label="ProvisionForRemovalOfReactorCoresInSpecifiedNuclearPowerFacilitiesNCLELE" />
    <link:loc xlink:type="locator" xlink:href="jpcrp030000-asr-001_E04498-000_2022-03-31_01_2022-06-29.xsd#jpcrp030000-asr_E04498-000_ProvisionForCompensationForNuclearPowerRelatedDamagesNCLELE" xlink:label="ProvisionForCompensationForNuclearPowerRelatedDamagesNCLELE" />
    <link:loc xlink:type="locator" xlink:href="jpcrp030000-asr-001_E04498-000_2022-03-31_01_2022-06-29.xsd#jpcrp030000-asr_E04498-000_KuniiHidekoMember" xlink:label="KuniiHidekoMember" />
    <link:loc xlink:type="locator" xlink:href="jpcrp030000-asr-001_E04498-000_2022-03-31_01_2022-06-29.xsd#jpcrp030000-asr_E04498-000_TakauraHideoMember" xlink:label="TakauraHideoMember" />
    <link:loc xlink:type="locator" xlink:href="jpcrp030000-asr-001_E04498-000_2022-03-31_01_2022-06-29.xsd#jpcrp030000-asr_E04498-000_OhyagiShigeoMember" xlink:label="OhyagiShigeoMember" />
    <link:loc xlink:type="locator" xlink:href="jpcrp030000-asr-001_E04498-000_2022-03-31_01_2022-06-29.xsd#jpcrp030000-asr_E04498-000_OnishiShoichiroMember" xlink:label="OnishiShoichiroMember" />
    <link:loc xlink:type="locator" xlink:href="jpcrp030000-asr-001_E04498-000_2022-03-31_01_2022-06-29.xsd#jpcrp030000-asr_E04498-000_MorishitaYoshihitoMember" xlink:label="MorishitaYoshihitoMember" />
    <link:loc xlink:type="locator" xlink:href="jpcrp030000-asr-001_E04498-000_2022-03-31_01_2022-06-29.xsd#jpcrp030000-asr_E04498-000_KobayashiYoshimitsuMember" xlink:label="KobayashiYoshimitsuMember" />
    <link:loc xlink:type="locator" xlink:href="jpcrp030000-asr-001_E04498-000_2022-03-31_01_2022-06-29.xsd#jpcrp030000-asr_E04498-000_ShinkawaAsaMember" xlink:label="ShinkawaAsaMember" />
    <link:loc xlink:type="locator" xlink:href="jpcrp030000-asr-001_E04498-000_2022-03-31_01_2022-06-29.xsd#jpcrp030000-asr_E04498-000_SaikiMitsushiMember" xlink:label="SaikiMitsushiMember" />
    <link:loc xlink:type="locator" xlink:href="jpcrp030000-asr-001_E04498-000_2022-03-31_01_2022-06-29.xsd#jpcrp030000-asr_E04498-000_SekiTomomichiMember" xlink:label="SekiTomomichiMember" />
    <link:loc xlink:type="locator" xlink:href="jpcrp030000-asr-001_E04498-000_2022-03-31_01_2022-06-29.xsd#jpcrp030000-asr_E04498-000_YamamotoRyutaroMember" xlink:label="YamamotoRyutaroMember" />
    <link:loc xlink:type="locator" xlink:href="jpcrp030000-asr-001_E04498-000_2022-03-31_01_2022-06-29.xsd#jpcrp030000-asr_E04498-000_NagasakiMomokoMember" xlink:label="NagasakiMomokoMember" />
    <link:loc xlink:type="locator" xlink:href="jpcrp030000-asr-001_E04498-000_2022-03-31_01_2022-06-29.xsd#jpcrp030000-asr_E04498-000_YamaguchiHiroyukiMember" xlink:label="YamaguchiHiroyukiMember" />
    <link:loc xlink:type="locator" xlink:href="jpcrp030000-asr-001_E04498-000_2022-03-31_01_2022-06-29.xsd#jpcrp030000-asr_E04498-000_OnoAkiraMember" xlink:label="OnoAkiraMember" />
    <link:loc xlink:type="locator" xlink:href="jpcrp030000-asr-001_E04498-000_2022-03-31_01_2022-06-29.xsd#jpcrp030000-asr_E04498-000_TakaharaKazuyoshiMember" xlink:label="TakaharaKazuyoshiMember" />
    <link:loc xlink:type="locator" xlink:href="jpcrp030000-asr-001_E04498-000_2022-03-31_01_2022-06-29.xsd#jpcrp030000-asr_E04498-000_KittaMasayaMember" xlink:label="KittaMasayaMember" />
    <link:loc xlink:type="locator" xlink:href="jpcrp030000-asr-001_E04498-000_2022-03-31_01_2022-06-29.xsd#jpcrp030000-asr_E04498-000_SouIsseiMember" xlink:label="SouIsseiMember" />
    <link:loc xlink:type="locator" xlink:href="jpcrp030000-asr-001_E04498-000_2022-03-31_01_2022-06-29.xsd#jpcrp030000-asr_E04498-000_KobayakawaTomoakiMember" xlink:label="KobayakawaTomoakiMember" />
    <link:loc xlink:type="locator" xlink:href="jpcrp030000-asr-001_E04498-000_2022-03-31_01_2022-06-29.xsd#jpcrp030000-asr_E04498-000_MoriyaSeijiMember" xlink:label="MoriyaSeijiMember" />
    <link:loc xlink:type="locator" xlink:href="jpcrp030000-asr-001_E04498-000_2022-03-31_01_2022-06-29.xsd#jpcrp030000-asr_E04498-000_YoshinoShigehiroMember" xlink:label="YoshinoShigehiroMember" />
    <link:loc xlink:type="locator" xlink:href="jpcrp030000-asr-001_E04498-000_2022-03-31_01_2022-06-29.xsd#jpcrp030000-asr_E04498-000_HoldingsReportableSegmentsMember" xlink:label="HoldingsReportableSegmentsMember" />
    <link:loc xlink:type="locator" xlink:href="jpcrp030000-asr-001_E04498-000_2022-03-31_01_2022-06-29.xsd#jpcrp030000-asr_E04498-000_FuelAndPowerCompanyReportableSegmentsMember" xlink:label="FuelAndPowerCompanyReportableSegmentsMember" />
    <link:loc xlink:type="locator" xlink:href="jpcrp030000-asr-001_E04498-000_2022-03-31_01_2022-06-29.xsd#jpcrp030000-asr_E04498-000_PowerGridCompanyReportableSegmentsMember" xlink:label="PowerGridCompanyReportableSegmentsMember" />
    <link:loc xlink:type="locator" xlink:href="jpcrp030000-asr-001_E04498-000_2022-03-31_01_2022-06-29.xsd#jpcrp030000-asr_E04498-000_EnergyPartnerCompanyReportableSegmentsMember" xlink:label="EnergyPartnerCompanyReportableSegmentsMember" />
    <link:loc xlink:type="locator" xlink:href="jpcrp030000-asr-001_E04498-000_2022-03-31_01_2022-06-29.xsd#jpcrp030000-asr_E04498-000_RenewablePowerCompanyReportableSegmentsMember" xlink:label="RenewablePowerCompanyReportableSegmentsMember" />
    <link:loc xlink:type="locator" xlink:href="jpcrp030000-asr-001_E04498-000_2022-03-31_01_2022-06-29.xsd#jpcrp030000-asr_E04498-000_DividendIncome" xlink:label="DividendIncome" />
    <link:loc xlink:type="locator" xlink:href="jpcrp030000-asr-001_E04498-000_2022-03-31_01_2022-06-29.xsd#jpcrp030000-asr_E04498-000_ContributionReceivedForNuclearReactorDecommissionORElectricELE" xlink:label="ContributionReceivedForNuclearReactorDecommissionORElectricELE" />
    <link:loc xlink:type="locator" xlink:href="jpcrp030000-asr-001_E04498-000_2022-03-31_01_2022-06-29.xsd#jpcrp030000-asr_E04498-000_OperatingRevenueSharedOfficeBusinessOEIncidentalELE" xlink:label="OperatingRevenueSharedOfficeBusinessOEIncidentalELE" />
    <link:loc xlink:type="locator" xlink:href="jpcrp030000-asr-001_E04498-000_2022-03-31_01_2022-06-29.xsd#jpcrp030000-asr_E04498-000_OperatingExpensesSharedOfficeBusinessOEIncidentalELE" xlink:label="OperatingExpensesSharedOfficeBusinessOEIncidentalELE" />
    <link:loc xlink:type="locator" xlink:href="jpcrp030000-asr-001_E04498-000_2022-03-31_01_2022-06-29.xsd#jpcrp030000-asr_E04498-000_ExtraordinaryLossOnDisasterEL" xlink:label="ExtraordinaryLossOnDisasterEL" />
    <link:loc xlink:type="locator" xlink:href="jpcrp030000-asr-001_E04498-000_2022-03-31_01_2022-06-29.xsd#jpcrp030000-asr_E04498-000_CompensationForNuclearPowerRelatedDamagesELELE" xlink:label="CompensationForNuclearPowerRelatedDamagesELELE" />
    <link:loc xlink:type="locator" xlink:href="jpcrp030000-asr-001_E04498-000_2022-03-31_01_2022-06-29.xsd#jpcrp030000-asr_E04498-000_ClassBPreferredSharesSharesWithNoVotingRightsMember" xlink:label="ClassBPreferredSharesSharesWithNoVotingRightsMember" />
    <link:loc xlink:type="locator" xlink:href="jpcrp030000-asr-001_E04498-000_2022-03-31_01_2022-06-29.xsd#jpcrp030000-asr_E04498-000_ClassAPreferredSharesSharesWithNoVotingRightsMember" xlink:label="ClassAPreferredSharesSharesWithNoVotingRightsMember" />
    <link:loc xlink:type="locator" xlink:href="jpcrp030000-asr-001_E04498-000_2022-03-31_01_2022-06-29.xsd#jpcrp030000-asr_E04498-000_NotesRegardingCompensationForNuclearPowerRelatedDamagesAndGrantsInAidFromNuclearDamageLiabilityFacilitationFund" xlink:label="NotesRegardingCompensationForNuclearPowerRelatedDamagesAndGrantsInAidFromNuclearDamageLiabilityFacilitationFund" />
    <link:loc xlink:type="locator" xlink:href="jpcrp030000-asr-001_E04498-000_2022-03-31_01_2022-06-29.xsd#jpcrp030000-asr_E04498-000_NotesRegardingLossOnDisasterTextBlock" xlink:label="NotesRegardingLossOnDisasterTextBlock" />
    <link:loc xlink:type="locator" xlink:href="jpcrp030000-asr-001_E04498-000_2022-03-31_01_2022-06-29.xsd#jpcrp030000-asr_E04498-000_EmployeesRetirementBenefitExpensesSGAELE" xlink:label="EmployeesRetirementBenefitExpensesSGAELE" />
    <link:loc xlink:type="locator" xlink:href="jpcrp030000-asr-001_E04498-000_2022-03-31_01_2022-06-29.xsd#jpcrp030000-asr_E04498-000_ProvisionsForReservesTextBlock" xlink:label="ProvisionsForReservesTextBlock" />
    <link:loc xlink:type="locator" xlink:href="jpcrp030000-asr-001_E04498-000_2022-03-31_01_2022-06-29.xsd#jpcrp030000-asr_E04498-000_LossOnReturnOfImbalanceIncomeAndExpenditureELELE" xlink:label="LossOnReturnOfImbalanceIncomeAndExpenditureELELE" />
    <link:loc xlink:type="locator" xlink:href="jpcrp030000-asr-001_E04498-000_2022-03-31_01_2022-06-29.xsd#jpcrp030000-asr_E04498-000_LossOnReturnOfImbalanceIncomeAndExpenditureOpeCFELE" xlink:label="LossOnReturnOfImbalanceIncomeAndExpenditureOpeCFELE" />
    <link:loc xlink:type="locator" xlink:href="jpcrp030000-asr-001_E04498-000_2022-03-31_01_2022-06-29.xsd#jpcrp030000-asr_E04498-000_OperatingExpensesEnergyFacilitiesServiceBusinessOEIncidentalELE" xlink:label="OperatingExpensesEnergyFacilitiesServiceBusinessOEIncidentalELE" />
    <link:loc xlink:type="locator" xlink:href="jpcrp030000-asr-001_E04498-000_2022-03-31_01_2022-06-29.xsd#jpcrp030000-asr_E04498-000_KojimaChikaraMember" xlink:label="KojimaChikaraMember" />
    <link:loc xlink:type="locator" xlink:href="jpcrp030000-asr-001_E04498-000_2022-03-31_01_2022-06-29.xsd#jpcrp030000-asr_E04498-000_FukudaToshihikoMember" xlink:label="FukudaToshihikoMember" />
    <link:loc xlink:type="locator" xlink:href="jpcrp030000-asr-001_E04498-000_2022-03-31_01_2022-06-29.xsd#jpcrp030000-asr_E04498-000_SakaiDaisukeMember" xlink:label="SakaiDaisukeMember" />
    <link:loc xlink:type="locator" xlink:href="jpcrp030000-asr-001_E04498-000_2022-03-31_01_2022-06-29.xsd#jpcrp030000-asr_E04498-000_InagakiTakeyukiMember" xlink:label="InagakiTakeyukiMember" />
    <link:loc xlink:type="locator" xlink:href="http://disclosure.edinet-fsa.go.jp/taxonomy/jppfs/2021-11-01/jppfs_cor_2021-11-01.xsd#jppfs_cor_CumulativeEffectsOfChangesInAccountingPolicies" xlink:label="CumulativeEffectsOfChangesInAccountingPolicies" />
    <link:label xlink:type="resource" xlink:label="label_CumulativeEffectsOfChangesInAccountingPolicies" xml:lang="en" xlink:role="http://www.xbrl.org/2003/role/periodStartLabel" id="label_CumulativeEffectsOfChangesInAccountingPolicies">Cumulative effects of changes in accounting policies</link:label>
    <link:labelArc xlink:type="arc" xlink:arcrole="http://www.xbrl.org/2003/arcrole/concept-label" xlink:from="CumulativeEffectsOfChangesInAccountingPolicies" xlink:to="label_CumulativeEffectsOfChangesInAccountingPolicies" />
    <link:loc xlink:type="locator" xlink:href="http://disclosure.edinet-fsa.go.jp/taxonomy/jppfs/2021-11-01/jppfs_cor_2021-11-01.xsd#jppfs_cor_RestatedBalance" xlink:label="RestatedBalance" />
    <link:label xlink:type="resource" xlink:label="label_RestatedBalance" xml:lang="en" xlink:role="http://www.xbrl.org/2003/role/periodStartLabel" id="label_RestatedBalance">Restated balance</link:label>
    <link:labelArc xlink:type="arc" xlink:arcrole="http://www.xbrl.org/2003/arcrole/concept-label" xlink:from="RestatedBalance" xlink:to="label_RestatedBalance" />
    <link:label xlink:type="resource" xlink:label="label_RenewablePowerIncorporatedReportableSegmentsMember" xml:lang="en" xlink:role="http://www.xbrl.org/2003/role/label" id="label_RenewablePowerIncorporatedReportableSegmentsMember">Renewable Power, Incorporated</link:label>
    <link:labelArc xlink:type="arc" xlink:arcrole="http://www.xbrl.org/2003/arcrole/concept-label" xlink:from="RenewablePowerIncorporatedReportableSegmentsMember" xlink:to="label_RenewablePowerIncorporatedReportableSegmentsMember" />
    <link:label xlink:type="resource" xlink:label="label_RenewablePowerIncorporatedReportableSegmentsMember_2" xml:lang="en" xlink:role="http://www.xbrl.org/2003/role/verboseLabel" id="label_RenewablePowerIncorporatedReportableSegmentsMember_2">Renewable Power, Incorporated, Reportable segments [member]</link:label>
    <link:labelArc xlink:type="arc" xlink:arcrole="http://www.xbrl.org/2003/arcrole/concept-label" xlink:from="RenewablePowerIncorporatedReportableSegmentsMember" xlink:to="label_RenewablePowerIncorporatedReportableSegmentsMember_2" />
    <link:label xlink:type="resource" xlink:label="label_NotesRegardingCurrentPortionOfNonCurrentLiabilitiesTextBlock" xml:lang="en" xlink:role="http://www.xbrl.org/2003/role/label" id="label_NotesRegardingCurrentPortionOfNonCurrentLiabilitiesTextBlock">Notes regarding current portion of non-current liabilities</link:label>
    <link:labelArc xlink:type="arc" xlink:arcrole="http://www.xbrl.org/2003/arcrole/concept-label" xlink:from="NotesRegardingCurrentPortionOfNonCurrentLiabilitiesTextBlock" xlink:to="label_NotesRegardingCurrentPortionOfNonCurrentLiabilitiesTextBlock" />
    <link:label xlink:type="resource" xlink:label="label_NotesRegardingCurrentPortionOfNonCurrentLiabilitiesTextBlock_2" xml:lang="en" xlink:role="http://www.xbrl.org/2003/role/verboseLabel" id="label_NotesRegardingCurrentPortionOfNonCurrentLiabilitiesTextBlock_2">Notes regarding current portion of non-current liabilities [text block]</link:label>
    <link:labelArc xlink:type="arc" xlink:arcrole="http://www.xbrl.org/2003/arcrole/concept-label" xlink:from="NotesRegardingCurrentPortionOfNonCurrentLiabilitiesTextBlock" xlink:to="label_NotesRegardingCurrentPortionOfNonCurrentLiabilitiesTextBlock_2" />
    <link:label xlink:type="resource" xlink:label="label_NotesRegardingAccruedTaxesTextBlock" xml:lang="en" xlink:role="http://www.xbrl.org/2003/role/label" id="label_NotesRegardingAccruedTaxesTextBlock">Notes regarding accrued taxes</link:label>
    <link:labelArc xlink:type="arc" xlink:arcrole="http://www.xbrl.org/2003/arcrole/concept-label" xlink:from="NotesRegardingAccruedTaxesTextBlock" xlink:to="label_NotesRegardingAccruedTaxesTextBlock" />
    <link:label xlink:type="resource" xlink:label="label_NotesRegardingAccruedTaxesTextBlock_2" xml:lang="en" xlink:role="http://www.xbrl.org/2003/role/verboseLabel" id="label_NotesRegardingAccruedTaxesTextBlock_2">Notes regarding accrued taxes [text block]</link:label>
    <link:labelArc xlink:type="arc" xlink:arcrole="http://www.xbrl.org/2003/arcrole/concept-label" xlink:from="NotesRegardingAccruedTaxesTextBlock" xlink:to="label_NotesRegardingAccruedTaxesTextBlock_2" />
    <link:label xlink:type="resource" xlink:label="label_NotesRegardingAmountOfNonCurrentAssetsInIncidentalBusinessTextBlock" xml:lang="en" xlink:role="http://www.xbrl.org/2003/role/label" id="label_NotesRegardingAmountOfNonCurrentAssetsInIncidentalBusinessTextBlock">Notes regarding amount of non-current assets in incidental business</link:label>
    <link:labelArc xlink:type="arc" xlink:arcrole="http://www.xbrl.org/2003/arcrole/concept-label" xlink:from="NotesRegardingAmountOfNonCurrentAssetsInIncidentalBusinessTextBlock" xlink:to="label_NotesRegardingAmountOfNonCurrentAssetsInIncidentalBusinessTextBlock" />
    <link:label xlink:type="resource" xlink:label="label_NotesRegardingAmountOfNonCurrentAssetsInIncidentalBusinessTextBlock_2" xml:lang="en" xlink:role="http://www.xbrl.org/2003/role/verboseLabel" id="label_NotesRegardingAmountOfNonCurrentAssetsInIncidentalBusinessTextBlock_2">Notes regarding amount of non-current assets in incidental business [text block]</link:label>
    <link:labelArc xlink:type="arc" xlink:arcrole="http://www.xbrl.org/2003/arcrole/concept-label" xlink:from="NotesRegardingAmountOfNonCurrentAssetsInIncidentalBusinessTextBlock" xlink:to="label_NotesRegardingAmountOfNonCurrentAssetsInIncidentalBusinessTextBlock_2" />
    <link:label xlink:type="resource" xlink:label="label_ReserveFundForNuclearReactorDecommissioningIOAELE" xml:lang="en" xlink:role="http://www.xbrl.org/2003/role/label" id="label_ReserveFundForNuclearReactorDecommissioningIOAELE">Reserve fund for nuclear reactor decommissioning</link:label>
    <link:labelArc xlink:type="arc" xlink:arcrole="http://www.xbrl.org/2003/arcrole/concept-label" xlink:from="ReserveFundForNuclearReactorDecommissioningIOAELE" xlink:to="label_ReserveFundForNuclearReactorDecommissioningIOAELE" />
    <link:label xlink:type="resource" xlink:label="label_ReserveFundForNuclearReactorDecommissioningIOAELE_2" xml:lang="en" xlink:role="http://www.xbrl.org/2003/role/verboseLabel" id="label_ReserveFundForNuclearReactorDecommissioningIOAELE_2">Reserve fund for nuclear reactor decommissioning -IOA-ELE</link:label>
    <link:labelArc xlink:type="arc" xlink:arcrole="http://www.xbrl.org/2003/arcrole/concept-label" xlink:from="ReserveFundForNuclearReactorDecommissioningIOAELE" xlink:to="label_ReserveFundForNuclearReactorDecommissioningIOAELE_2" />
    <link:label xlink:type="resource" xlink:label="label_ProvisionForRemovalOfReactorCoresInSpecifiedNuclearPowerFacilitiesNCLELE" xml:lang="en" xlink:role="http://www.xbrl.org/2003/role/label" id="label_ProvisionForRemovalOfReactorCoresInSpecifiedNuclearPowerFacilitiesNCLELE">Provision for removal of reactor cores in specified nuclear power facilities</link:label>
    <link:labelArc xlink:type="arc" xlink:arcrole="http://www.xbrl.org/2003/arcrole/concept-label" xlink:from="ProvisionForRemovalOfReactorCoresInSpecifiedNuclearPowerFacilitiesNCLELE" xlink:to="label_ProvisionForRemovalOfReactorCoresInSpecifiedNuclearPowerFacilitiesNCLELE" />
    <link:label xlink:type="resource" xlink:label="label_ProvisionForRemovalOfReactorCoresInSpecifiedNuclearPowerFacilitiesNCLELE_2" xml:lang="en" xlink:role="http://www.xbrl.org/2003/role/verboseLabel" id="label_ProvisionForRemovalOfReactorCoresInSpecifiedNuclearPowerFacilitiesNCLELE_2">Provision for removal of reactor cores in specified nuclear power facilities -NCL-ELE</link:label>
    <link:labelArc xlink:type="arc" xlink:arcrole="http://www.xbrl.org/2003/arcrole/concept-label" xlink:from="ProvisionForRemovalOfReactorCoresInSpecifiedNuclearPowerFacilitiesNCLELE" xlink:to="label_ProvisionForRemovalOfReactorCoresInSpecifiedNuclearPowerFacilitiesNCLELE_2" />
    <link:label xlink:type="resource" xlink:label="label_ProvisionForCompensationForNuclearPowerRelatedDamagesNCLELE" xml:lang="en" xlink:role="http://www.xbrl.org/2003/role/label" id="label_ProvisionForCompensationForNuclearPowerRelatedDamagesNCLELE">Provision for compensation for nuclear power-related damages</link:label>
    <link:labelArc xlink:type="arc" xlink:arcrole="http://www.xbrl.org/2003/arcrole/concept-label" xlink:from="ProvisionForCompensationForNuclearPowerRelatedDamagesNCLELE" xlink:to="label_ProvisionForCompensationForNuclearPowerRelatedDamagesNCLELE" />
    <link:label xlink:type="resource" xlink:label="label_ProvisionForCompensationForNuclearPowerRelatedDamagesNCLELE_2" xml:lang="en" xlink:role="http://www.xbrl.org/2003/role/verboseLabel" id="label_ProvisionForCompensationForNuclearPowerRelatedDamagesNCLELE_2">Provision for compensation for nuclear power-related damages-NCL-ELE</link:label>
    <link:labelArc xlink:type="arc" xlink:arcrole="http://www.xbrl.org/2003/arcrole/concept-label" xlink:from="ProvisionForCompensationForNuclearPowerRelatedDamagesNCLELE" xlink:to="label_ProvisionForCompensationForNuclearPowerRelatedDamagesNCLELE_2" />
    <link:label xlink:type="resource" xlink:label="label_IncreaseDecreaseInReserveFundForNuclearReactorDecommissioningOpeCFELE" xml:lang="en" xlink:role="http://www.xbrl.org/2003/role/label" id="label_IncreaseDecreaseInReserveFundForNuclearReactorDecommissioningOpeCFELE">Decrease(increase) in Reserve fund for nuclear reactor decommissioning</link:label>
    <link:labelArc xlink:type="arc" xlink:arcrole="http://www.xbrl.org/2003/arcrole/concept-label" xlink:from="IncreaseDecreaseInReserveFundForNuclearReactorDecommissioningOpeCFELE" xlink:to="label_IncreaseDecreaseInReserveFundForNuclearReactorDecommissioningOpeCFELE" />
    <link:label xlink:type="resource" xlink:label="label_IncreaseDecreaseInReserveFundForNuclearReactorDecommissioningOpeCFELE_2" xml:lang="en" xlink:role="http://www.xbrl.org/2003/role/verboseLabel" id="label_IncreaseDecreaseInReserveFundForNuclearReactorDecommissioningOpeCFELE_2">Increase (decrease) in Reserve fund for nuclear reactor decommissioning -OpeCF-ELE</link:label>
    <link:labelArc xlink:type="arc" xlink:arcrole="http://www.xbrl.org/2003/arcrole/concept-label" xlink:from="IncreaseDecreaseInReserveFundForNuclearReactorDecommissioningOpeCFELE" xlink:to="label_IncreaseDecreaseInReserveFundForNuclearReactorDecommissioningOpeCFELE_2" />
    <link:label xlink:type="resource" xlink:label="label_GrantsInAidFromNuclearDamageLiabilityAndNuclearReactorDecommissionFacilitationFundOpeCF" xml:lang="en" xlink:role="http://www.xbrl.org/2003/role/label" id="label_GrantsInAidFromNuclearDamageLiabilityAndNuclearReactorDecommissionFacilitationFundOpeCF">Grants-in-aid from Nuclear Damage Liability and Nuclear Reactor Decommission Facilitation Fund</link:label>
    <link:labelArc xlink:type="arc" xlink:arcrole="http://www.xbrl.org/2003/arcrole/concept-label" xlink:from="GrantsInAidFromNuclearDamageLiabilityAndNuclearReactorDecommissionFacilitationFundOpeCF" xlink:to="label_GrantsInAidFromNuclearDamageLiabilityAndNuclearReactorDecommissionFacilitationFundOpeCF" />
    <link:label xlink:type="resource" xlink:label="label_GrantsInAidFromNuclearDamageLiabilityAndNuclearReactorDecommissionFacilitationFundOpeCF_2" xml:lang="en" xlink:role="http://www.xbrl.org/2003/role/verboseLabel" id="label_GrantsInAidFromNuclearDamageLiabilityAndNuclearReactorDecommissionFacilitationFundOpeCF_2">Grants-in-aid from Nuclear Damage Liability and Nuclear Reactor Decommission Facilitation Fund-OpeCF</link:label>
    <link:labelArc xlink:type="arc" xlink:arcrole="http://www.xbrl.org/2003/arcrole/concept-label" xlink:from="GrantsInAidFromNuclearDamageLiabilityAndNuclearReactorDecommissionFacilitationFundOpeCF" xlink:to="label_GrantsInAidFromNuclearDamageLiabilityAndNuclearReactorDecommissionFacilitationFundOpeCF_2" />
    <link:label xlink:type="resource" xlink:label="label_CompensationForNuclearPowerRelatedDamagesOpeCFELE" xml:lang="en" xlink:role="http://www.xbrl.org/2003/role/label" id="label_CompensationForNuclearPowerRelatedDamagesOpeCFELE">Compensation for nuclear power-related damages</link:label>
    <link:labelArc xlink:type="arc" xlink:arcrole="http://www.xbrl.org/2003/arcrole/concept-label" xlink:from="CompensationForNuclearPowerRelatedDamagesOpeCFELE" xlink:to="label_CompensationForNuclearPowerRelatedDamagesOpeCFELE" />
    <link:label xlink:type="resource" xlink:label="label_CompensationForNuclearPowerRelatedDamagesOpeCFELE_2" xml:lang="en" xlink:role="http://www.xbrl.org/2003/role/verboseLabel" id="label_CompensationForNuclearPowerRelatedDamagesOpeCFELE_2">Compensation for nuclear power-related damages-OpeCF-ELE</link:label>
    <link:labelArc xlink:type="arc" xlink:arcrole="http://www.xbrl.org/2003/arcrole/concept-label" xlink:from="CompensationForNuclearPowerRelatedDamagesOpeCFELE" xlink:to="label_CompensationForNuclearPowerRelatedDamagesOpeCFELE_2" />
    <link:label xlink:type="resource" xlink:label="label_PaymentsForExtraordinaryLossOnTheTohokuChihouTaiheiyouOkiEarthquakeOpeCF" xml:lang="en" xlink:role="http://www.xbrl.org/2003/role/label" id="label_PaymentsForExtraordinaryLossOnTheTohokuChihouTaiheiyouOkiEarthquakeOpeCF">Payments for extraordinary loss on the Tohoku-Chihou-Taiheiyou-Oki Earthquake</link:label>
    <link:labelArc xlink:type="arc" xlink:arcrole="http://www.xbrl.org/2003/arcrole/concept-label" xlink:from="PaymentsForExtraordinaryLossOnTheTohokuChihouTaiheiyouOkiEarthquakeOpeCF" xlink:to="label_PaymentsForExtraordinaryLossOnTheTohokuChihouTaiheiyouOkiEarthquakeOpeCF" />
    <link:label xlink:type="resource" xlink:label="label_PaymentsForExtraordinaryLossOnTheTohokuChihouTaiheiyouOkiEarthquakeOpeCF_2" xml:lang="en" xlink:role="http://www.xbrl.org/2003/role/verboseLabel" id="label_PaymentsForExtraordinaryLossOnTheTohokuChihouTaiheiyouOkiEarthquakeOpeCF_2">Payments for extraordinary loss on the Tohoku-Chihou-Taiheiyou-Oki Earthquake-OpeCF</link:label>
    <link:labelArc xlink:type="arc" xlink:arcrole="http://www.xbrl.org/2003/arcrole/concept-label" xlink:from="PaymentsForExtraordinaryLossOnTheTohokuChihouTaiheiyouOkiEarthquakeOpeCF" xlink:to="label_PaymentsForExtraordinaryLossOnTheTohokuChihouTaiheiyouOkiEarthquakeOpeCF_2" />
    <link:label xlink:type="resource" xlink:label="label_GrantsInAidFromNuclearDamageLiabilityAndNuclearReactorDecommissionFacilitationFundReceivedOpeCF" xml:lang="en" xlink:role="http://www.xbrl.org/2003/role/label" id="label_GrantsInAidFromNuclearDamageLiabilityAndNuclearReactorDecommissionFacilitationFundReceivedOpeCF">Grants-in-aid from Nuclear Damage Liability and Nuclear Reactor Decommission Facilitation Fund received</link:label>
    <link:labelArc xlink:type="arc" xlink:arcrole="http://www.xbrl.org/2003/arcrole/concept-label" xlink:from="GrantsInAidFromNuclearDamageLiabilityAndNuclearReactorDecommissionFacilitationFundReceivedOpeCF" xlink:to="label_GrantsInAidFromNuclearDamageLiabilityAndNuclearReactorDecommissionFacilitationFundReceivedOpeCF" />
    <link:label xlink:type="resource" xlink:label="label_GrantsInAidFromNuclearDamageLiabilityAndNuclearReactorDecommissionFacilitationFundReceivedOpeCF_2" xml:lang="en" xlink:role="http://www.xbrl.org/2003/role/verboseLabel" id="label_GrantsInAidFromNuclearDamageLiabilityAndNuclearReactorDecommissionFacilitationFundReceivedOpeCF_2">Grants-in-aid from Nuclear Damage Liability and Nuclear Reactor Decommission Facilitation Fund received-OpeCF</link:label>
    <link:labelArc xlink:type="arc" xlink:arcrole="http://www.xbrl.org/2003/arcrole/concept-label" xlink:from="GrantsInAidFromNuclearDamageLiabilityAndNuclearReactorDecommissionFacilitationFundReceivedOpeCF" xlink:to="label_GrantsInAidFromNuclearDamageLiabilityAndNuclearReactorDecommissionFacilitationFundReceivedOpeCF_2" />
    <link:label xlink:type="resource" xlink:label="label_CompensationForNuclearPowerRelatedDamagesPaidOpeCFELE" xml:lang="en" xlink:role="http://www.xbrl.org/2003/role/label" id="label_CompensationForNuclearPowerRelatedDamagesPaidOpeCFELE">Compensation for nuclear power-related damages paid</link:label>
    <link:labelArc xlink:type="arc" xlink:arcrole="http://www.xbrl.org/2003/arcrole/concept-label" xlink:from="CompensationForNuclearPowerRelatedDamagesPaidOpeCFELE" xlink:to="label_CompensationForNuclearPowerRelatedDamagesPaidOpeCFELE" />
    <link:label xlink:type="resource" xlink:label="label_CompensationForNuclearPowerRelatedDamagesPaidOpeCFELE_2" xml:lang="en" xlink:role="http://www.xbrl.org/2003/role/verboseLabel" id="label_CompensationForNuclearPowerRelatedDamagesPaidOpeCFELE_2">Compensation for nuclear power-related damages paid-OpeCF-ELE</link:label>
    <link:labelArc xlink:type="arc" xlink:arcrole="http://www.xbrl.org/2003/arcrole/concept-label" xlink:from="CompensationForNuclearPowerRelatedDamagesPaidOpeCFELE" xlink:to="label_CompensationForNuclearPowerRelatedDamagesPaidOpeCFELE_2" />
    <link:label xlink:type="resource" xlink:label="label_LossOnReturnOfImbalanceIncomeAndExpenditureOpeCFELE" xml:lang="en" xlink:role="http://www.xbrl.org/2003/role/label" id="label_LossOnReturnOfImbalanceIncomeAndExpenditureOpeCFELE">Loss on return of imbalance income and expenditure</link:label>
    <link:labelArc xlink:type="arc" xlink:arcrole="http://www.xbrl.org/2003/arcrole/concept-label" xlink:from="LossOnReturnOfImbalanceIncomeAndExpenditureOpeCFELE" xlink:to="label_LossOnReturnOfImbalanceIncomeAndExpenditureOpeCFELE" />
    <link:label xlink:type="resource" xlink:label="label_LossOnReturnOfImbalanceIncomeAndExpenditureOpeCFELE_2" xml:lang="en" xlink:role="http://www.xbrl.org/2003/role/verboseLabel" id="label_LossOnReturnOfImbalanceIncomeAndExpenditureOpeCFELE_2">Loss on return of imbalance income and expenditure-OpeCF-ELE</link:label>
    <link:labelArc xlink:type="arc" xlink:arcrole="http://www.xbrl.org/2003/arcrole/concept-label" xlink:from="LossOnReturnOfImbalanceIncomeAndExpenditureOpeCFELE" xlink:to="label_LossOnReturnOfImbalanceIncomeAndExpenditureOpeCFELE_2" />
    <link:label xlink:type="resource" xlink:label="label_ClassBPreferredSharesSharesWithNoVotingRightsMember" xml:lang="en" xlink:role="http://www.xbrl.org/2003/role/verboseLabel" id="label_ClassBPreferredSharesSharesWithNoVotingRightsMember">Class B preferred shares, Shares with no voting rights [member]</link:label>
    <link:labelArc xlink:type="arc" xlink:arcrole="http://www.xbrl.org/2003/arcrole/concept-label" xlink:from="ClassBPreferredSharesSharesWithNoVotingRightsMember" xlink:to="label_ClassBPreferredSharesSharesWithNoVotingRightsMember" />
    <link:label xlink:type="resource" xlink:label="label_ClassBPreferredSharesSharesWithNoVotingRightsMember_2" xml:lang="en" xlink:role="http://www.xbrl.org/2003/role/label" id="label_ClassBPreferredSharesSharesWithNoVotingRightsMember_2">Class B preferred shares</link:label>
    <link:labelArc xlink:type="arc" xlink:arcrole="http://www.xbrl.org/2003/arcrole/concept-label" xlink:from="ClassBPreferredSharesSharesWithNoVotingRightsMember" xlink:to="label_ClassBPreferredSharesSharesWithNoVotingRightsMember_2" />
    <link:label xlink:type="resource" xlink:label="label_ClassAPreferredSharesSharesWithNoVotingRightsMember" xml:lang="en" xlink:role="http://www.xbrl.org/2003/role/verboseLabel" id="label_ClassAPreferredSharesSharesWithNoVotingRightsMember">Class A preferred shares, Shares with no voting rights [member]</link:label>
    <link:labelArc xlink:type="arc" xlink:arcrole="http://www.xbrl.org/2003/arcrole/concept-label" xlink:from="ClassAPreferredSharesSharesWithNoVotingRightsMember" xlink:to="label_ClassAPreferredSharesSharesWithNoVotingRightsMember" />
    <link:label xlink:type="resource" xlink:label="label_ClassAPreferredSharesSharesWithNoVotingRightsMember_2" xml:lang="en" xlink:role="http://www.xbrl.org/2003/role/label" id="label_ClassAPreferredSharesSharesWithNoVotingRightsMember_2">Class A preferred shares</link:label>
    <link:labelArc xlink:type="arc" xlink:arcrole="http://www.xbrl.org/2003/arcrole/concept-label" xlink:from="ClassAPreferredSharesSharesWithNoVotingRightsMember" xlink:to="label_ClassAPreferredSharesSharesWithNoVotingRightsMember_2" />
    <link:label xlink:type="resource" xlink:label="label_GuaranteeCompanySubjectToOngoingDisclosureTextBlock" xml:lang="en" xlink:role="http://www.xbrl.org/2003/role/label" id="label_GuaranteeCompanySubjectToOngoingDisclosureTextBlock">Guarantee company subject to ongoing disclosure</link:label>
    <link:labelArc xlink:type="arc" xlink:arcrole="http://www.xbrl.org/2003/arcrole/concept-label" xlink:from="GuaranteeCompanySubjectToOngoingDisclosureTextBlock" xlink:to="label_GuaranteeCompanySubjectToOngoingDisclosureTextBlock" />
    <link:label xlink:type="resource" xlink:label="label_GuaranteeCompanySubjectToOngoingDisclosureTextBlock_2" xml:lang="en" xlink:role="http://www.xbrl.org/2003/role/verboseLabel" id="label_GuaranteeCompanySubjectToOngoingDisclosureTextBlock_2">Guarantee company subject to ongoing disclosure [text block]</link:label>
    <link:labelArc xlink:type="arc" xlink:arcrole="http://www.xbrl.org/2003/arcrole/concept-label" xlink:from="GuaranteeCompanySubjectToOngoingDisclosureTextBlock" xlink:to="label_GuaranteeCompanySubjectToOngoingDisclosureTextBlock_2" />
    <link:label xlink:type="resource" xlink:label="label_TotalNumberOfIssuedSharesSummaryOfBusinessResultsAbstract" xml:lang="en" xlink:role="http://www.xbrl.org/2003/role/label" id="label_TotalNumberOfIssuedSharesSummaryOfBusinessResultsAbstract">Total number of issued shares</link:label>
    <link:labelArc xlink:type="arc" xlink:arcrole="http://www.xbrl.org/2003/arcrole/concept-label" xlink:from="TotalNumberOfIssuedSharesSummaryOfBusinessResultsAbstract" xlink:to="label_TotalNumberOfIssuedSharesSummaryOfBusinessResultsAbstract" />
    <link:label xlink:type="resource" xlink:label="label_TotalNumberOfIssuedSharesSummaryOfBusinessResultsAbstract_2" xml:lang="en" xlink:role="http://www.xbrl.org/2003/role/verboseLabel" id="label_TotalNumberOfIssuedSharesSummaryOfBusinessResultsAbstract_2">Total number of issued shares, Summary of business results [abstract]</link:label>
    <link:labelArc xlink:type="arc" xlink:arcrole="http://www.xbrl.org/2003/arcrole/concept-label" xlink:from="TotalNumberOfIssuedSharesSummaryOfBusinessResultsAbstract" xlink:to="label_TotalNumberOfIssuedSharesSummaryOfBusinessResultsAbstract_2" />
    <link:label xlink:type="resource" xlink:label="label_PreferredStockClassATotalNumberOfIssuedSharesSummaryOfBusinessResult" xml:lang="en" xlink:role="http://www.xbrl.org/2003/role/label" id="label_PreferredStockClassATotalNumberOfIssuedSharesSummaryOfBusinessResult">Preferred stock-ClassA</link:label>
    <link:labelArc xlink:type="arc" xlink:arcrole="http://www.xbrl.org/2003/arcrole/concept-label" xlink:from="PreferredStockClassATotalNumberOfIssuedSharesSummaryOfBusinessResult" xlink:to="label_PreferredStockClassATotalNumberOfIssuedSharesSummaryOfBusinessResult" />
    <link:label xlink:type="resource" xlink:label="label_PreferredStockClassATotalNumberOfIssuedSharesSummaryOfBusinessResult_2" xml:lang="en" xlink:role="http://www.xbrl.org/2003/role/verboseLabel" id="label_PreferredStockClassATotalNumberOfIssuedSharesSummaryOfBusinessResult_2">Preferred stock-ClassA, Total number of issued shares, Summary of business result</link:label>
    <link:labelArc xlink:type="arc" xlink:arcrole="http://www.xbrl.org/2003/arcrole/concept-label" xlink:from="PreferredStockClassATotalNumberOfIssuedSharesSummaryOfBusinessResult" xlink:to="label_PreferredStockClassATotalNumberOfIssuedSharesSummaryOfBusinessResult_2" />
    <link:label xlink:type="resource" xlink:label="label_PreferredStockClassBTotalNumberOfIssuedSharesSummaryOfBusinessResults" xml:lang="en" xlink:role="http://www.xbrl.org/2003/role/label" id="label_PreferredStockClassBTotalNumberOfIssuedSharesSummaryOfBusinessResults">Preferred stock-ClassB</link:label>
    <link:labelArc xlink:type="arc" xlink:arcrole="http://www.xbrl.org/2003/arcrole/concept-label" xlink:from="PreferredStockClassBTotalNumberOfIssuedSharesSummaryOfBusinessResults" xlink:to="label_PreferredStockClassBTotalNumberOfIssuedSharesSummaryOfBusinessResults" />
    <link:label xlink:type="resource" xlink:label="label_PreferredStockClassBTotalNumberOfIssuedSharesSummaryOfBusinessResults_2" xml:lang="en" xlink:role="http://www.xbrl.org/2003/role/verboseLabel" id="label_PreferredStockClassBTotalNumberOfIssuedSharesSummaryOfBusinessResults_2">Preferred stock-ClassB Total number of issued shares, Summary of business results</link:label>
    <link:labelArc xlink:type="arc" xlink:arcrole="http://www.xbrl.org/2003/arcrole/concept-label" xlink:from="PreferredStockClassBTotalNumberOfIssuedSharesSummaryOfBusinessResults" xlink:to="label_PreferredStockClassBTotalNumberOfIssuedSharesSummaryOfBusinessResults_2" />
    <link:label xlink:type="resource" xlink:label="label_DividendPaidPerShareSummaryOfBusinessResultsAbstract" xml:lang="en" xlink:role="http://www.xbrl.org/2003/role/label" id="label_DividendPaidPerShareSummaryOfBusinessResultsAbstract">Dividend paid per share</link:label>
    <link:labelArc xlink:type="arc" xlink:arcrole="http://www.xbrl.org/2003/arcrole/concept-label" xlink:from="DividendPaidPerShareSummaryOfBusinessResultsAbstract" xlink:to="label_DividendPaidPerShareSummaryOfBusinessResultsAbstract" />
    <link:label xlink:type="resource" xlink:label="label_DividendPaidPerShareSummaryOfBusinessResultsAbstract_2" xml:lang="en" xlink:role="http://www.xbrl.org/2003/role/verboseLabel" id="label_DividendPaidPerShareSummaryOfBusinessResultsAbstract_2">Dividend paid per share, Summary of business results [abstract]</link:label>
    <link:labelArc xlink:type="arc" xlink:arcrole="http://www.xbrl.org/2003/arcrole/concept-label" xlink:from="DividendPaidPerShareSummaryOfBusinessResultsAbstract" xlink:to="label_DividendPaidPerShareSummaryOfBusinessResultsAbstract_2" />
    <link:label xlink:type="resource" xlink:label="label_PreferredStockClassADividendPaidPerShareSummaryOfBusinessResults" xml:lang="en" xlink:role="http://www.xbrl.org/2003/role/label" id="label_PreferredStockClassADividendPaidPerShareSummaryOfBusinessResults">Preferred stock-ClassA</link:label>
    <link:labelArc xlink:type="arc" xlink:arcrole="http://www.xbrl.org/2003/arcrole/concept-label" xlink:from="PreferredStockClassADividendPaidPerShareSummaryOfBusinessResults" xlink:to="label_PreferredStockClassADividendPaidPerShareSummaryOfBusinessResults" />
    <link:label xlink:type="resource" xlink:label="label_PreferredStockClassADividendPaidPerShareSummaryOfBusinessResults_2" xml:lang="en" xlink:role="http://www.xbrl.org/2003/role/verboseLabel" id="label_PreferredStockClassADividendPaidPerShareSummaryOfBusinessResults_2">Preferred stock-ClassA, Dividend paid per share, Summary of business results</link:label>
    <link:labelArc xlink:type="arc" xlink:arcrole="http://www.xbrl.org/2003/arcrole/concept-label" xlink:from="PreferredStockClassADividendPaidPerShareSummaryOfBusinessResults" xlink:to="label_PreferredStockClassADividendPaidPerShareSummaryOfBusinessResults_2" />
    <link:label xlink:type="resource" xlink:label="label_PreferredStockClassBDividendPaidPerShareSummaryOfBusinessResults" xml:lang="en" xlink:role="http://www.xbrl.org/2003/role/label" id="label_PreferredStockClassBDividendPaidPerShareSummaryOfBusinessResults">Preferred stock-ClassB</link:label>
    <link:labelArc xlink:type="arc" xlink:arcrole="http://www.xbrl.org/2003/arcrole/concept-label" xlink:from="PreferredStockClassBDividendPaidPerShareSummaryOfBusinessResults" xlink:to="label_PreferredStockClassBDividendPaidPerShareSummaryOfBusinessResults" />
    <link:label xlink:type="resource" xlink:label="label_PreferredStockClassBDividendPaidPerShareSummaryOfBusinessResults_2" xml:lang="en" xlink:role="http://www.xbrl.org/2003/role/verboseLabel" id="label_PreferredStockClassBDividendPaidPerShareSummaryOfBusinessResults_2">Preferred stock-ClassB, Dividend paid per share, Summary of business results</link:label>
    <link:labelArc xlink:type="arc" xlink:arcrole="http://www.xbrl.org/2003/arcrole/concept-label" xlink:from="PreferredStockClassBDividendPaidPerShareSummaryOfBusinessResults" xlink:to="label_PreferredStockClassBDividendPaidPerShareSummaryOfBusinessResults_2" />
    <link:label xlink:type="resource" xlink:label="label_InterimDividendPaidPerShareSummaryOfBusinessResultsAbstract" xml:lang="en" xlink:role="http://www.xbrl.org/2003/role/label" id="label_InterimDividendPaidPerShareSummaryOfBusinessResultsAbstract">Interim dividend paid per share</link:label>
    <link:labelArc xlink:type="arc" xlink:arcrole="http://www.xbrl.org/2003/arcrole/concept-label" xlink:from="InterimDividendPaidPerShareSummaryOfBusinessResultsAbstract" xlink:to="label_InterimDividendPaidPerShareSummaryOfBusinessResultsAbstract" />
    <link:label xlink:type="resource" xlink:label="label_InterimDividendPaidPerShareSummaryOfBusinessResultsAbstract_2" xml:lang="en" xlink:role="http://www.xbrl.org/2003/role/verboseLabel" id="label_InterimDividendPaidPerShareSummaryOfBusinessResultsAbstract_2">Interim dividend paid per share, Summary of business results [abstract]</link:label>
    <link:labelArc xlink:type="arc" xlink:arcrole="http://www.xbrl.org/2003/arcrole/concept-label" xlink:from="InterimDividendPaidPerShareSummaryOfBusinessResultsAbstract" xlink:to="label_InterimDividendPaidPerShareSummaryOfBusinessResultsAbstract_2" />
    <link:label xlink:type="resource" xlink:label="label_PreferredStockClassAInterimDividendPaidPerShareSummaryOfBusinessResults" xml:lang="en" xlink:role="http://www.xbrl.org/2003/role/label" id="label_PreferredStockClassAInterimDividendPaidPerShareSummaryOfBusinessResults">Preferred stock-ClassA</link:label>
    <link:labelArc xlink:type="arc" xlink:arcrole="http://www.xbrl.org/2003/arcrole/concept-label" xlink:from="PreferredStockClassAInterimDividendPaidPerShareSummaryOfBusinessResults" xlink:to="label_PreferredStockClassAInterimDividendPaidPerShareSummaryOfBusinessResults" />
    <link:label xlink:type="resource" xlink:label="label_PreferredStockClassAInterimDividendPaidPerShareSummaryOfBusinessResults_2" xml:lang="en" xlink:role="http://www.xbrl.org/2003/role/verboseLabel" id="label_PreferredStockClassAInterimDividendPaidPerShareSummaryOfBusinessResults_2">Preferred stock-ClassA, Interim dividend paid per share, Summary of business results</link:label>
    <link:labelArc xlink:type="arc" xlink:arcrole="http://www.xbrl.org/2003/arcrole/concept-label" xlink:from="PreferredStockClassAInterimDividendPaidPerShareSummaryOfBusinessResults" xlink:to="label_PreferredStockClassAInterimDividendPaidPerShareSummaryOfBusinessResults_2" />
    <link:label xlink:type="resource" xlink:label="label_PreferredStockClassBInterimDividendPaidPerShareSummaryOfBusinessResults" xml:lang="en" xlink:role="http://www.xbrl.org/2003/role/label" id="label_PreferredStockClassBInterimDividendPaidPerShareSummaryOfBusinessResults">Preferred stock-ClassB</link:label>
    <link:labelArc xlink:type="arc" xlink:arcrole="http://www.xbrl.org/2003/arcrole/concept-label" xlink:from="PreferredStockClassBInterimDividendPaidPerShareSummaryOfBusinessResults" xlink:to="label_PreferredStockClassBInterimDividendPaidPerShareSummaryOfBusinessResults" />
    <link:label xlink:type="resource" xlink:label="label_PreferredStockClassBInterimDividendPaidPerShareSummaryOfBusinessResults_2" xml:lang="en" xlink:role="http://www.xbrl.org/2003/role/verboseLabel" id="label_PreferredStockClassBInterimDividendPaidPerShareSummaryOfBusinessResults_2">Preferred stock-ClassB, Interim dividend paid per share, Summary of business results</link:label>
    <link:labelArc xlink:type="arc" xlink:arcrole="http://www.xbrl.org/2003/arcrole/concept-label" xlink:from="PreferredStockClassBInterimDividendPaidPerShareSummaryOfBusinessResults" xlink:to="label_PreferredStockClassBInterimDividendPaidPerShareSummaryOfBusinessResults_2" />
    <link:label xlink:type="resource" xlink:label="label_ContributionReceivedForNuclearReactorDecommissionORElectricELE" xml:lang="en" xlink:role="http://www.xbrl.org/2003/role/label" id="label_ContributionReceivedForNuclearReactorDecommissionORElectricELE">Contribution received for nuclear reactor decommission</link:label>
    <link:labelArc xlink:type="arc" xlink:arcrole="http://www.xbrl.org/2003/arcrole/concept-label" xlink:from="ContributionReceivedForNuclearReactorDecommissionORElectricELE" xlink:to="label_ContributionReceivedForNuclearReactorDecommissionORElectricELE" />
    <link:label xlink:type="resource" xlink:label="label_ContributionReceivedForNuclearReactorDecommissionORElectricELE_2" xml:lang="en" xlink:role="http://www.xbrl.org/2003/role/verboseLabel" id="label_ContributionReceivedForNuclearReactorDecommissionORElectricELE_2">Contribution received for nuclear reactor decommission-OR-electric-ELE</link:label>
    <link:labelArc xlink:type="arc" xlink:arcrole="http://www.xbrl.org/2003/arcrole/concept-label" xlink:from="ContributionReceivedForNuclearReactorDecommissionORElectricELE" xlink:to="label_ContributionReceivedForNuclearReactorDecommissionORElectricELE_2" />
    <link:label xlink:type="resource" xlink:label="label_OperatingRevenueSharedOfficeBusinessOEIncidentalELE" xml:lang="en" xlink:role="http://www.xbrl.org/2003/role/label" id="label_OperatingRevenueSharedOfficeBusinessOEIncidentalELE">Operating revenue - shared office business</link:label>
    <link:labelArc xlink:type="arc" xlink:arcrole="http://www.xbrl.org/2003/arcrole/concept-label" xlink:from="OperatingRevenueSharedOfficeBusinessOEIncidentalELE" xlink:to="label_OperatingRevenueSharedOfficeBusinessOEIncidentalELE" />
    <link:label xlink:type="resource" xlink:label="label_OperatingRevenueSharedOfficeBusinessOEIncidentalELE_2" xml:lang="en" xlink:role="http://www.xbrl.org/2003/role/verboseLabel" id="label_OperatingRevenueSharedOfficeBusinessOEIncidentalELE_2">Operating revenue-shared office business-OE-incidental-ELE</link:label>
    <link:labelArc xlink:type="arc" xlink:arcrole="http://www.xbrl.org/2003/arcrole/concept-label" xlink:from="OperatingRevenueSharedOfficeBusinessOEIncidentalELE" xlink:to="label_OperatingRevenueSharedOfficeBusinessOEIncidentalELE_2" />
    <link:label xlink:type="resource" xlink:label="label_OperatingExpensesEnergyFacilitiesServiceBusinessOEIncidentalELE_2" xml:lang="en" xlink:role="http://www.xbrl.org/2003/role/label" id="label_OperatingExpensesEnergyFacilitiesServiceBusinessOEIncidentalELE_2">Operating expenses - energy facilities service business</link:label>
    <link:labelArc xlink:type="arc" xlink:arcrole="http://www.xbrl.org/2003/arcrole/concept-label" xlink:from="OperatingExpensesEnergyFacilitiesServiceBusinessOEIncidentalELE" xlink:to="label_OperatingExpensesEnergyFacilitiesServiceBusinessOEIncidentalELE_2" />
    <link:label xlink:type="resource" xlink:label="label_OperatingExpensesEnergyFacilitiesServiceBusinessOEIncidentalELE" xml:lang="en" xlink:role="http://www.xbrl.org/2003/role/verboseLabel" id="label_OperatingExpensesEnergyFacilitiesServiceBusinessOEIncidentalELE">Operating expenses - energy facilities service business-OE-incidental-ELE</link:label>
    <link:labelArc xlink:type="arc" xlink:arcrole="http://www.xbrl.org/2003/arcrole/concept-label" xlink:from="OperatingExpensesEnergyFacilitiesServiceBusinessOEIncidentalELE" xlink:to="label_OperatingExpensesEnergyFacilitiesServiceBusinessOEIncidentalELE" />
    <link:label xlink:type="resource" xlink:label="label_OperatingExpensesSharedOfficeBusinessOEIncidentalELE" xml:lang="en" xlink:role="http://www.xbrl.org/2003/role/label" id="label_OperatingExpensesSharedOfficeBusinessOEIncidentalELE">Operating expenses - shared office business</link:label>
    <link:labelArc xlink:type="arc" xlink:arcrole="http://www.xbrl.org/2003/arcrole/concept-label" xlink:from="OperatingExpensesSharedOfficeBusinessOEIncidentalELE" xlink:to="label_OperatingExpensesSharedOfficeBusinessOEIncidentalELE" />
    <link:label xlink:type="resource" xlink:label="label_OperatingExpensesSharedOfficeBusinessOEIncidentalELE_2" xml:lang="en" xlink:role="http://www.xbrl.org/2003/role/verboseLabel" id="label_OperatingExpensesSharedOfficeBusinessOEIncidentalELE_2">Operating expenses-shared office business-OE-incidental-ELE</link:label>
    <link:labelArc xlink:type="arc" xlink:arcrole="http://www.xbrl.org/2003/arcrole/concept-label" xlink:from="OperatingExpensesSharedOfficeBusinessOEIncidentalELE" xlink:to="label_OperatingExpensesSharedOfficeBusinessOEIncidentalELE_2" />
    <link:label xlink:type="resource" xlink:label="label_ExtraordinaryLossOnDisasterEL" xml:lang="en" xlink:role="http://www.xbrl.org/2003/role/label" id="label_ExtraordinaryLossOnDisasterEL">Extraordinary loss on disaster</link:label>
    <link:labelArc xlink:type="arc" xlink:arcrole="http://www.xbrl.org/2003/arcrole/concept-label" xlink:from="ExtraordinaryLossOnDisasterEL" xlink:to="label_ExtraordinaryLossOnDisasterEL" />
    <link:label xlink:type="resource" xlink:label="label_ExtraordinaryLossOnDisasterEL_2" xml:lang="en" xlink:role="http://www.xbrl.org/2003/role/verboseLabel" id="label_ExtraordinaryLossOnDisasterEL_2">Extraordinary loss on disaster-EL</link:label>
    <link:labelArc xlink:type="arc" xlink:arcrole="http://www.xbrl.org/2003/arcrole/concept-label" xlink:from="ExtraordinaryLossOnDisasterEL" xlink:to="label_ExtraordinaryLossOnDisasterEL_2" />
    <link:label xlink:type="resource" xlink:label="label_CompensationForNuclearPowerRelatedDamagesELELE" xml:lang="en" xlink:role="http://www.xbrl.org/2003/role/label" id="label_CompensationForNuclearPowerRelatedDamagesELELE">Compensation for nuclear power-related damages</link:label>
    <link:labelArc xlink:type="arc" xlink:arcrole="http://www.xbrl.org/2003/arcrole/concept-label" xlink:from="CompensationForNuclearPowerRelatedDamagesELELE" xlink:to="label_CompensationForNuclearPowerRelatedDamagesELELE" />
    <link:label xlink:type="resource" xlink:label="label_CompensationForNuclearPowerRelatedDamagesELELE_2" xml:lang="en" xlink:role="http://www.xbrl.org/2003/role/verboseLabel" id="label_CompensationForNuclearPowerRelatedDamagesELELE_2">Compensation for nuclear power-related damages-EL-ELE</link:label>
    <link:labelArc xlink:type="arc" xlink:arcrole="http://www.xbrl.org/2003/arcrole/concept-label" xlink:from="CompensationForNuclearPowerRelatedDamagesELELE" xlink:to="label_CompensationForNuclearPowerRelatedDamagesELELE_2" />
    <link:label xlink:type="resource" xlink:label="label_LossOnReturnOfImbalanceIncomeAndExpenditureELELE" xml:lang="en" xlink:role="http://www.xbrl.org/2003/role/label" id="label_LossOnReturnOfImbalanceIncomeAndExpenditureELELE">Loss on return of imbalance income and expenditure</link:label>
    <link:labelArc xlink:type="arc" xlink:arcrole="http://www.xbrl.org/2003/arcrole/concept-label" xlink:from="LossOnReturnOfImbalanceIncomeAndExpenditureELELE" xlink:to="label_LossOnReturnOfImbalanceIncomeAndExpenditureELELE" />
    <link:label xlink:type="resource" xlink:label="label_LossOnReturnOfImbalanceIncomeAndExpenditureELELE_2" xml:lang="en" xlink:role="http://www.xbrl.org/2003/role/verboseLabel" id="label_LossOnReturnOfImbalanceIncomeAndExpenditureELELE_2">Loss on return of imbalance income and expenditure-EL-ELE</link:label>
    <link:labelArc xlink:type="arc" xlink:arcrole="http://www.xbrl.org/2003/arcrole/concept-label" xlink:from="LossOnReturnOfImbalanceIncomeAndExpenditureELELE" xlink:to="label_LossOnReturnOfImbalanceIncomeAndExpenditureELELE_2" />
    <link:label xlink:type="resource" xlink:label="label_DividendIncome" xml:lang="en" xlink:role="http://www.xbrl.org/2003/role/label" id="label_DividendIncome">Dividend income</link:label>
    <link:labelArc xlink:type="arc" xlink:arcrole="http://www.xbrl.org/2003/arcrole/concept-label" xlink:from="DividendIncome" xlink:to="label_DividendIncome" />
    <link:label xlink:type="resource" xlink:label="label_DividendIncome_2" xml:lang="en" xlink:role="http://www.xbrl.org/2003/role/verboseLabel" id="label_DividendIncome_2">Dividend income</link:label>
    <link:labelArc xlink:type="arc" xlink:arcrole="http://www.xbrl.org/2003/arcrole/concept-label" xlink:from="DividendIncome" xlink:to="label_DividendIncome_2" />
    <link:label xlink:type="resource" xlink:label="label_HoldingsReportableSegmentsMember" xml:lang="en" xlink:role="http://www.xbrl.org/2003/role/label" id="label_HoldingsReportableSegmentsMember">Holdings</link:label>
    <link:labelArc xlink:type="arc" xlink:arcrole="http://www.xbrl.org/2003/arcrole/concept-label" xlink:from="HoldingsReportableSegmentsMember" xlink:to="label_HoldingsReportableSegmentsMember" />
    <link:label xlink:type="resource" xlink:label="label_HoldingsReportableSegmentsMember_2" xml:lang="en" xlink:role="http://www.xbrl.org/2003/role/verboseLabel" id="label_HoldingsReportableSegmentsMember_2">Holdings, Reportable segments [member]</link:label>
    <link:labelArc xlink:type="arc" xlink:arcrole="http://www.xbrl.org/2003/arcrole/concept-label" xlink:from="HoldingsReportableSegmentsMember" xlink:to="label_HoldingsReportableSegmentsMember_2" />
    <link:label xlink:type="resource" xlink:label="label_FuelAndPowerCompanyReportableSegmentsMember" xml:lang="en" xlink:role="http://www.xbrl.org/2003/role/label" id="label_FuelAndPowerCompanyReportableSegmentsMember">Fuel and Power Company</link:label>
    <link:labelArc xlink:type="arc" xlink:arcrole="http://www.xbrl.org/2003/arcrole/concept-label" xlink:from="FuelAndPowerCompanyReportableSegmentsMember" xlink:to="label_FuelAndPowerCompanyReportableSegmentsMember" />
    <link:label xlink:type="resource" xlink:label="label_FuelAndPowerCompanyReportableSegmentsMember_2" xml:lang="en" xlink:role="http://www.xbrl.org/2003/role/verboseLabel" id="label_FuelAndPowerCompanyReportableSegmentsMember_2">Fuel and Power Company, Reportable segments [member]</link:label>
    <link:labelArc xlink:type="arc" xlink:arcrole="http://www.xbrl.org/2003/arcrole/concept-label" xlink:from="FuelAndPowerCompanyReportableSegmentsMember" xlink:to="label_FuelAndPowerCompanyReportableSegmentsMember_2" />
    <link:label xlink:type="resource" xlink:label="label_PowerGridCompanyReportableSegmentsMember" xml:lang="en" xlink:role="http://www.xbrl.org/2003/role/label" id="label_PowerGridCompanyReportableSegmentsMember">Power Grid Company</link:label>
    <link:labelArc xlink:type="arc" xlink:arcrole="http://www.xbrl.org/2003/arcrole/concept-label" xlink:from="PowerGridCompanyReportableSegmentsMember" xlink:to="label_PowerGridCompanyReportableSegmentsMember" />
    <link:label xlink:type="resource" xlink:label="label_PowerGridCompanyReportableSegmentsMember_2" xml:lang="en" xlink:role="http://www.xbrl.org/2003/role/verboseLabel" id="label_PowerGridCompanyReportableSegmentsMember_2">Power Grid Company, Reportable segments [member]</link:label>
    <link:labelArc xlink:type="arc" xlink:arcrole="http://www.xbrl.org/2003/arcrole/concept-label" xlink:from="PowerGridCompanyReportableSegmentsMember" xlink:to="label_PowerGridCompanyReportableSegmentsMember_2" />
    <link:label xlink:type="resource" xlink:label="label_EnergyPartnerCompanyReportableSegmentsMember" xml:lang="en" xlink:role="http://www.xbrl.org/2003/role/label" id="label_EnergyPartnerCompanyReportableSegmentsMember">Energy Partner Company</link:label>
    <link:labelArc xlink:type="arc" xlink:arcrole="http://www.xbrl.org/2003/arcrole/concept-label" xlink:from="EnergyPartnerCompanyReportableSegmentsMember" xlink:to="label_EnergyPartnerCompanyReportableSegmentsMember" />
    <link:label xlink:type="resource" xlink:label="label_EnergyPartnerCompanyReportableSegmentsMember_2" xml:lang="en" xlink:role="http://www.xbrl.org/2003/role/verboseLabel" id="label_EnergyPartnerCompanyReportableSegmentsMember_2">Energy Partner Company, Reportable segments [member]</link:label>
    <link:labelArc xlink:type="arc" xlink:arcrole="http://www.xbrl.org/2003/arcrole/concept-label" xlink:from="EnergyPartnerCompanyReportableSegmentsMember" xlink:to="label_EnergyPartnerCompanyReportableSegmentsMember_2" />
    <link:label xlink:type="resource" xlink:label="label_RenewablePowerCompanyReportableSegmentsMember" xml:lang="en" xlink:role="http://www.xbrl.org/2003/role/label" id="label_RenewablePowerCompanyReportableSegmentsMember">Renewable Power Company</link:label>
    <link:labelArc xlink:type="arc" xlink:arcrole="http://www.xbrl.org/2003/arcrole/concept-label" xlink:from="RenewablePowerCompanyReportableSegmentsMember" xlink:to="label_RenewablePowerCompanyReportableSegmentsMember" />
    <link:label xlink:type="resource" xlink:label="label_RenewablePowerCompanyReportableSegmentsMember_2" xml:lang="en" xlink:role="http://www.xbrl.org/2003/role/verboseLabel" id="label_RenewablePowerCompanyReportableSegmentsMember_2">Renewable Power Company,Reportable segments [member]</link:label>
    <link:labelArc xlink:type="arc" xlink:arcrole="http://www.xbrl.org/2003/arcrole/concept-label" xlink:from="RenewablePowerCompanyReportableSegmentsMember" xlink:to="label_RenewablePowerCompanyReportableSegmentsMember_2" />
    <link:label xlink:type="resource" xlink:label="label_NotesRegardingFinancialCovenantsTextBlock" xml:lang="en" xlink:role="http://www.xbrl.org/2003/role/label" id="label_NotesRegardingFinancialCovenantsTextBlock">Notes Regarding Financial Covenants</link:label>
    <link:labelArc xlink:type="arc" xlink:arcrole="http://www.xbrl.org/2003/arcrole/concept-label" xlink:from="NotesRegardingFinancialCovenantsTextBlock" xlink:to="label_NotesRegardingFinancialCovenantsTextBlock" />
    <link:label xlink:type="resource" xlink:label="label_NotesRegardingFinancialCovenantsTextBlock_2" xml:lang="en" xlink:role="http://www.xbrl.org/2003/role/verboseLabel" id="label_NotesRegardingFinancialCovenantsTextBlock_2">Notes Regarding Financial Covenants [text block]</link:label>
    <link:labelArc xlink:type="arc" xlink:arcrole="http://www.xbrl.org/2003/arcrole/concept-label" xlink:from="NotesRegardingFinancialCovenantsTextBlock" xlink:to="label_NotesRegardingFinancialCovenantsTextBlock_2" />
    <link:label xlink:type="resource" xlink:label="label_EmployeesRetirementBenefitExpensesSGAELE" xml:lang="en" xlink:role="http://www.xbrl.org/2003/role/label" id="label_EmployeesRetirementBenefitExpensesSGAELE">Employees' retirement benefit expenses</link:label>
    <link:labelArc xlink:type="arc" xlink:arcrole="http://www.xbrl.org/2003/arcrole/concept-label" xlink:from="EmployeesRetirementBenefitExpensesSGAELE" xlink:to="label_EmployeesRetirementBenefitExpensesSGAELE" />
    <link:label xlink:type="resource" xlink:label="label_EmployeesRetirementBenefitExpensesSGAELE_2" xml:lang="en" xlink:role="http://www.xbrl.org/2003/role/verboseLabel" id="label_EmployeesRetirementBenefitExpensesSGAELE_2">Employees' retirement benefit expenses-SGA-ELE</link:label>
    <link:labelArc xlink:type="arc" xlink:arcrole="http://www.xbrl.org/2003/arcrole/concept-label" xlink:from="EmployeesRetirementBenefitExpensesSGAELE" xlink:to="label_EmployeesRetirementBenefitExpensesSGAELE_2" />
    <link:label xlink:type="resource" xlink:label="label_ProvisionsForReservesTextBlock" xml:lang="en" xlink:role="http://www.xbrl.org/2003/role/label" id="label_ProvisionsForReservesTextBlock">Provisions for reserves</link:label>
    <link:labelArc xlink:type="arc" xlink:arcrole="http://www.xbrl.org/2003/arcrole/concept-label" xlink:from="ProvisionsForReservesTextBlock" xlink:to="label_ProvisionsForReservesTextBlock" />
    <link:label xlink:type="resource" xlink:label="label_ProvisionsForReservesTextBlock_2" xml:lang="en" xlink:role="http://www.xbrl.org/2003/role/verboseLabel" id="label_ProvisionsForReservesTextBlock_2">Provisions for reserves [text block]</link:label>
    <link:labelArc xlink:type="arc" xlink:arcrole="http://www.xbrl.org/2003/arcrole/concept-label" xlink:from="ProvisionsForReservesTextBlock" xlink:to="label_ProvisionsForReservesTextBlock_2" />
    <link:label xlink:type="resource" xlink:label="label_NotesRegardingCompensationForNuclearPowerRelatedDamagesAndGrantsInAidFromNuclearDamageLiabilityFacilitationFund" xml:lang="en" xlink:role="http://www.xbrl.org/2003/role/label" id="label_NotesRegardingCompensationForNuclearPowerRelatedDamagesAndGrantsInAidFromNuclearDamageLiabilityFacilitationFund">Notes regarding Compensation for nuclear power-related damages and Grants-in-aid from Nuclear Damage Liability Facilitation Fund</link:label>
    <link:labelArc xlink:type="arc" xlink:arcrole="http://www.xbrl.org/2003/arcrole/concept-label" xlink:from="NotesRegardingCompensationForNuclearPowerRelatedDamagesAndGrantsInAidFromNuclearDamageLiabilityFacilitationFund" xlink:to="label_NotesRegardingCompensationForNuclearPowerRelatedDamagesAndGrantsInAidFromNuclearDamageLiabilityFacilitationFund" />
    <link:label xlink:type="resource" xlink:label="label_NotesRegardingCompensationForNuclearPowerRelatedDamagesAndGrantsInAidFromNuclearDamageLiabilityFacilitationFund_2" xml:lang="en" xlink:role="http://www.xbrl.org/2003/role/verboseLabel" id="label_NotesRegardingCompensationForNuclearPowerRelatedDamagesAndGrantsInAidFromNuclearDamageLiabilityFacilitationFund_2">Notes regarding Compensation for nuclear power-related damages and Grants-in-aid from Nuclear Damage Liability Facilitation Fund</link:label>
    <link:labelArc xlink:type="arc" xlink:arcrole="http://www.xbrl.org/2003/arcrole/concept-label" xlink:from="NotesRegardingCompensationForNuclearPowerRelatedDamagesAndGrantsInAidFromNuclearDamageLiabilityFacilitationFund" xlink:to="label_NotesRegardingCompensationForNuclearPowerRelatedDamagesAndGrantsInAidFromNuclearDamageLiabilityFacilitationFund_2" />
    <link:label xlink:type="resource" xlink:label="label_NotesRegardingLossOnDisasterTextBlock" xml:lang="en" xlink:role="http://www.xbrl.org/2003/role/label" id="label_NotesRegardingLossOnDisasterTextBlock">Notes regarding loss on disaster</link:label>
    <link:labelArc xlink:type="arc" xlink:arcrole="http://www.xbrl.org/2003/arcrole/concept-label" xlink:from="NotesRegardingLossOnDisasterTextBlock" xlink:to="label_NotesRegardingLossOnDisasterTextBlock" />
    <link:label xlink:type="resource" xlink:label="label_NotesRegardingLossOnDisasterTextBlock_2" xml:lang="en" xlink:role="http://www.xbrl.org/2003/role/verboseLabel" id="label_NotesRegardingLossOnDisasterTextBlock_2">Notes regarding loss on disaster [text block]</link:label>
    <link:labelArc xlink:type="arc" xlink:arcrole="http://www.xbrl.org/2003/arcrole/concept-label" xlink:from="NotesRegardingLossOnDisasterTextBlock" xlink:to="label_NotesRegardingLossOnDisasterTextBlock_2" />
    <link:label xlink:type="resource" xlink:label="label_KobayakawaTomoakiMember" xml:lang="en" xlink:role="http://www.xbrl.org/2003/role/verboseLabel" id="label_KobayakawaTomoakiMember">Kobayakawa, Tomoaki [member]</link:label>
    <link:labelArc xlink:type="arc" xlink:arcrole="http://www.xbrl.org/2003/arcrole/concept-label" xlink:from="KobayakawaTomoakiMember" xlink:to="label_KobayakawaTomoakiMember" />
    <link:label xlink:type="resource" xlink:label="label_KobayakawaTomoakiMember_2" xml:lang="en" xlink:role="http://www.xbrl.org/2003/role/label" id="label_KobayakawaTomoakiMember_2">Kobayakawa, Tomoaki</link:label>
    <link:labelArc xlink:type="arc" xlink:arcrole="http://www.xbrl.org/2003/arcrole/concept-label" xlink:from="KobayakawaTomoakiMember" xlink:to="label_KobayakawaTomoakiMember_2" />
    <link:label xlink:type="resource" xlink:label="label_MoriyaSeijiMember" xml:lang="en" xlink:role="http://www.xbrl.org/2003/role/verboseLabel" id="label_MoriyaSeijiMember">Moriya, Seiji [member]</link:label>
    <link:labelArc xlink:type="arc" xlink:arcrole="http://www.xbrl.org/2003/arcrole/concept-label" xlink:from="MoriyaSeijiMember" xlink:to="label_MoriyaSeijiMember" />
    <link:label xlink:type="resource" xlink:label="label_MoriyaSeijiMember_2" xml:lang="en" xlink:role="http://www.xbrl.org/2003/role/label" id="label_MoriyaSeijiMember_2">Moriya, Seiji</link:label>
    <link:labelArc xlink:type="arc" xlink:arcrole="http://www.xbrl.org/2003/arcrole/concept-label" xlink:from="MoriyaSeijiMember" xlink:to="label_MoriyaSeijiMember_2" />
    <link:label xlink:type="resource" xlink:label="label_YamaguchiHiroyukiMember" xml:lang="en" xlink:role="http://www.xbrl.org/2003/role/label" id="label_YamaguchiHiroyukiMember">Yamaguchi, Hiroyuki</link:label>
    <link:labelArc xlink:type="arc" xlink:arcrole="http://www.xbrl.org/2003/arcrole/concept-label" xlink:from="YamaguchiHiroyukiMember" xlink:to="label_YamaguchiHiroyukiMember" />
    <link:label xlink:type="resource" xlink:label="label_YamaguchiHiroyukiMember_2" xml:lang="en" xlink:role="http://www.xbrl.org/2003/role/verboseLabel" id="label_YamaguchiHiroyukiMember_2">Yamaguchi, Hiroyuki [member]</link:label>
    <link:labelArc xlink:type="arc" xlink:arcrole="http://www.xbrl.org/2003/arcrole/concept-label" xlink:from="YamaguchiHiroyukiMember" xlink:to="label_YamaguchiHiroyukiMember_2" />
    <link:label xlink:type="resource" xlink:label="label_SaikiMitsushiMember" xml:lang="en" xlink:role="http://www.xbrl.org/2003/role/label" id="label_SaikiMitsushiMember">Saiki, Mitsushi</link:label>
    <link:labelArc xlink:type="arc" xlink:arcrole="http://www.xbrl.org/2003/arcrole/concept-label" xlink:from="SaikiMitsushiMember" xlink:to="label_SaikiMitsushiMember" />
    <link:label xlink:type="resource" xlink:label="label_SaikiMitsushiMember_2" xml:lang="en" xlink:role="http://www.xbrl.org/2003/role/verboseLabel" id="label_SaikiMitsushiMember_2">Saiki, Mitsushi [member]</link:label>
    <link:labelArc xlink:type="arc" xlink:arcrole="http://www.xbrl.org/2003/arcrole/concept-label" xlink:from="SaikiMitsushiMember" xlink:to="label_SaikiMitsushiMember_2" />
    <link:label xlink:type="resource" xlink:label="label_KojimaChikaraMember" xml:lang="en" xlink:role="http://www.xbrl.org/2003/role/label" id="label_KojimaChikaraMember">Kojima, Chikara</link:label>
    <link:labelArc xlink:type="arc" xlink:arcrole="http://www.xbrl.org/2003/arcrole/concept-label" xlink:from="KojimaChikaraMember" xlink:to="label_KojimaChikaraMember" />
    <link:label xlink:type="resource" xlink:label="label_KojimaChikaraMember_2" xml:lang="en" xlink:role="http://www.xbrl.org/2003/role/verboseLabel" id="label_KojimaChikaraMember_2">Kojima, Chikara [member]</link:label>
    <link:labelArc xlink:type="arc" xlink:arcrole="http://www.xbrl.org/2003/arcrole/concept-label" xlink:from="KojimaChikaraMember" xlink:to="label_KojimaChikaraMember_2" />
    <link:label xlink:type="resource" xlink:label="label_SekiTomomichiMember" xml:lang="en" xlink:role="http://www.xbrl.org/2003/role/label" id="label_SekiTomomichiMember">Seki, Tomomichi</link:label>
    <link:labelArc xlink:type="arc" xlink:arcrole="http://www.xbrl.org/2003/arcrole/concept-label" xlink:from="SekiTomomichiMember" xlink:to="label_SekiTomomichiMember" />
    <link:label xlink:type="resource" xlink:label="label_SekiTomomichiMember_2" xml:lang="en" xlink:role="http://www.xbrl.org/2003/role/verboseLabel" id="label_SekiTomomichiMember_2">Seki, Tomomichi [member]</link:label>
    <link:labelArc xlink:type="arc" xlink:arcrole="http://www.xbrl.org/2003/arcrole/concept-label" xlink:from="SekiTomomichiMember" xlink:to="label_SekiTomomichiMember_2" />
    <link:label xlink:type="resource" xlink:label="label_YamamotoRyutaroMember" xml:lang="en" xlink:role="http://www.xbrl.org/2003/role/label" id="label_YamamotoRyutaroMember">Yamamoto, Ryutaro</link:label>
    <link:labelArc xlink:type="arc" xlink:arcrole="http://www.xbrl.org/2003/arcrole/concept-label" xlink:from="YamamotoRyutaroMember" xlink:to="label_YamamotoRyutaroMember" />
    <link:label xlink:type="resource" xlink:label="label_YamamotoRyutaroMember_2" xml:lang="en" xlink:role="http://www.xbrl.org/2003/role/verboseLabel" id="label_YamamotoRyutaroMember_2">Yamamoto, Ryutaro [member]</link:label>
    <link:labelArc xlink:type="arc" xlink:arcrole="http://www.xbrl.org/2003/arcrole/concept-label" xlink:from="YamamotoRyutaroMember" xlink:to="label_YamamotoRyutaroMember_2" />
    <link:label xlink:type="resource" xlink:label="label_NagasakiMomokoMember" xml:lang="en" xlink:role="http://www.xbrl.org/2003/role/label" id="label_NagasakiMomokoMember">Nagasaki, Momoko</link:label>
    <link:labelArc xlink:type="arc" xlink:arcrole="http://www.xbrl.org/2003/arcrole/concept-label" xlink:from="NagasakiMomokoMember" xlink:to="label_NagasakiMomokoMember" />
    <link:label xlink:type="resource" xlink:label="label_NagasakiMomokoMember_2" xml:lang="en" xlink:role="http://www.xbrl.org/2003/role/verboseLabel" id="label_NagasakiMomokoMember_2">Nagasaki, Momoko [member]</link:label>
    <link:labelArc xlink:type="arc" xlink:arcrole="http://www.xbrl.org/2003/arcrole/concept-label" xlink:from="NagasakiMomokoMember" xlink:to="label_NagasakiMomokoMember_2" />
    <link:label xlink:type="resource" xlink:label="label_SakaiDaisukeMember_2" xml:lang="en" xlink:role="http://www.xbrl.org/2003/role/label" id="label_SakaiDaisukeMember_2">Sakai, Daisuke</link:label>
    <link:labelArc xlink:type="arc" xlink:arcrole="http://www.xbrl.org/2003/arcrole/concept-label" xlink:from="SakaiDaisukeMember" xlink:to="label_SakaiDaisukeMember_2" />
    <link:label xlink:type="resource" xlink:label="label_SakaiDaisukeMember" xml:lang="en" xlink:role="http://www.xbrl.org/2003/role/verboseLabel" id="label_SakaiDaisukeMember">Sakai, Daisuke [member]</link:label>
    <link:labelArc xlink:type="arc" xlink:arcrole="http://www.xbrl.org/2003/arcrole/concept-label" xlink:from="SakaiDaisukeMember" xlink:to="label_SakaiDaisukeMember" />
    <link:label xlink:type="resource" xlink:label="label_OnoAkiraMember" xml:lang="en" xlink:role="http://www.xbrl.org/2003/role/verboseLabel" id="label_OnoAkiraMember">Ono, Akira [member]</link:label>
    <link:labelArc xlink:type="arc" xlink:arcrole="http://www.xbrl.org/2003/arcrole/concept-label" xlink:from="OnoAkiraMember" xlink:to="label_OnoAkiraMember" />
    <link:label xlink:type="resource" xlink:label="label_OnoAkiraMember_2" xml:lang="en" xlink:role="http://www.xbrl.org/2003/role/label" id="label_OnoAkiraMember_2">Ono, Akira</link:label>
    <link:labelArc xlink:type="arc" xlink:arcrole="http://www.xbrl.org/2003/arcrole/concept-label" xlink:from="OnoAkiraMember" xlink:to="label_OnoAkiraMember_2" />
    <link:label xlink:type="resource" xlink:label="label_TakaharaKazuyoshiMember" xml:lang="en" xlink:role="http://www.xbrl.org/2003/role/label" id="label_TakaharaKazuyoshiMember">Takahara, .Kazuyoshi</link:label>
    <link:labelArc xlink:type="arc" xlink:arcrole="http://www.xbrl.org/2003/arcrole/concept-label" xlink:from="TakaharaKazuyoshiMember" xlink:to="label_TakaharaKazuyoshiMember" />
    <link:label xlink:type="resource" xlink:label="label_TakaharaKazuyoshiMember_2" xml:lang="en" xlink:role="http://www.xbrl.org/2003/role/verboseLabel" id="label_TakaharaKazuyoshiMember_2">Takahara, .Kazuyoshi [member]</link:label>
    <link:labelArc xlink:type="arc" xlink:arcrole="http://www.xbrl.org/2003/arcrole/concept-label" xlink:from="TakaharaKazuyoshiMember" xlink:to="label_TakaharaKazuyoshiMember_2" />
    <link:label xlink:type="resource" xlink:label="label_KittaMasayaMember" xml:lang="en" xlink:role="http://www.xbrl.org/2003/role/label" id="label_KittaMasayaMember">Kitta, Masaya</link:label>
    <link:labelArc xlink:type="arc" xlink:arcrole="http://www.xbrl.org/2003/arcrole/concept-label" xlink:from="KittaMasayaMember" xlink:to="label_KittaMasayaMember" />
    <link:label xlink:type="resource" xlink:label="label_KittaMasayaMember_2" xml:lang="en" xlink:role="http://www.xbrl.org/2003/role/verboseLabel" id="label_KittaMasayaMember_2">Kitta, Masaya [member]</link:label>
    <link:labelArc xlink:type="arc" xlink:arcrole="http://www.xbrl.org/2003/arcrole/concept-label" xlink:from="KittaMasayaMember" xlink:to="label_KittaMasayaMember_2" />
    <link:label xlink:type="resource" xlink:label="label_SouIsseiMember" xml:lang="en" xlink:role="http://www.xbrl.org/2003/role/verboseLabel" id="label_SouIsseiMember">Sou, Issei [member]</link:label>
    <link:labelArc xlink:type="arc" xlink:arcrole="http://www.xbrl.org/2003/arcrole/concept-label" xlink:from="SouIsseiMember" xlink:to="label_SouIsseiMember" />
    <link:label xlink:type="resource" xlink:label="label_SouIsseiMember_2" xml:lang="en" xlink:role="http://www.xbrl.org/2003/role/label" id="label_SouIsseiMember_2">Sou, Issei</link:label>
    <link:labelArc xlink:type="arc" xlink:arcrole="http://www.xbrl.org/2003/arcrole/concept-label" xlink:from="SouIsseiMember" xlink:to="label_SouIsseiMember_2" />
    <link:label xlink:type="resource" xlink:label="label_InagakiTakeyukiMember_2" xml:lang="en" xlink:role="http://www.xbrl.org/2003/role/label" id="label_InagakiTakeyukiMember_2">Inagaki, Takeyuki</link:label>
    <link:labelArc xlink:type="arc" xlink:arcrole="http://www.xbrl.org/2003/arcrole/concept-label" xlink:from="InagakiTakeyukiMember" xlink:to="label_InagakiTakeyukiMember_2" />
    <link:label xlink:type="resource" xlink:label="label_InagakiTakeyukiMember" xml:lang="en" xlink:role="http://www.xbrl.org/2003/role/verboseLabel" id="label_InagakiTakeyukiMember">Inagaki, Takeyuki [member]</link:label>
    <link:labelArc xlink:type="arc" xlink:arcrole="http://www.xbrl.org/2003/arcrole/concept-label" xlink:from="InagakiTakeyukiMember" xlink:to="label_InagakiTakeyukiMember" />
    <link:label xlink:type="resource" xlink:label="label_FukudaToshihikoMember_2" xml:lang="en" xlink:role="http://www.xbrl.org/2003/role/label" id="label_FukudaToshihikoMember_2">Fukuda, Toshihiko</link:label>
    <link:labelArc xlink:type="arc" xlink:arcrole="http://www.xbrl.org/2003/arcrole/concept-label" xlink:from="FukudaToshihikoMember" xlink:to="label_FukudaToshihikoMember_2" />
    <link:label xlink:type="resource" xlink:label="label_FukudaToshihikoMember" xml:lang="en" xlink:role="http://www.xbrl.org/2003/role/verboseLabel" id="label_FukudaToshihikoMember">Fukuda, Toshihiko [member]</link:label>
    <link:labelArc xlink:type="arc" xlink:arcrole="http://www.xbrl.org/2003/arcrole/concept-label" xlink:from="FukudaToshihikoMember" xlink:to="label_FukudaToshihikoMember" />
    <link:label xlink:type="resource" xlink:label="label_YoshinoShigehiroMember" xml:lang="en" xlink:role="http://www.xbrl.org/2003/role/label" id="label_YoshinoShigehiroMember">Yoshino, Shigehiro</link:label>
    <link:labelArc xlink:type="arc" xlink:arcrole="http://www.xbrl.org/2003/arcrole/concept-label" xlink:from="YoshinoShigehiroMember" xlink:to="label_YoshinoShigehiroMember" />
    <link:label xlink:type="resource" xlink:label="label_YoshinoShigehiroMember_2" xml:lang="en" xlink:role="http://www.xbrl.org/2003/role/verboseLabel" id="label_YoshinoShigehiroMember_2">Yoshino, Shigehiro [member]</link:label>
    <link:labelArc xlink:type="arc" xlink:arcrole="http://www.xbrl.org/2003/arcrole/concept-label" xlink:from="YoshinoShigehiroMember" xlink:to="label_YoshinoShigehiroMember_2" />
    <link:label xlink:type="resource" xlink:label="label_KobayashiYoshimitsuMember" xml:lang="en" xlink:role="http://www.xbrl.org/2003/role/label" id="label_KobayashiYoshimitsuMember">Kobayashi, Yoshimitsu</link:label>
    <link:labelArc xlink:type="arc" xlink:arcrole="http://www.xbrl.org/2003/arcrole/concept-label" xlink:from="KobayashiYoshimitsuMember" xlink:to="label_KobayashiYoshimitsuMember" />
    <link:label xlink:type="resource" xlink:label="label_KobayashiYoshimitsuMember_2" xml:lang="en" xlink:role="http://www.xbrl.org/2003/role/verboseLabel" id="label_KobayashiYoshimitsuMember_2">Kobayashi, Yoshimitsu [member]</link:label>
    <link:labelArc xlink:type="arc" xlink:arcrole="http://www.xbrl.org/2003/arcrole/concept-label" xlink:from="KobayashiYoshimitsuMember" xlink:to="label_KobayashiYoshimitsuMember_2" />
    <link:label xlink:type="resource" xlink:label="label_KuniiHidekoMember" xml:lang="en" xlink:role="http://www.xbrl.org/2003/role/verboseLabel" id="label_KuniiHidekoMember">Kunii, Hideko [member]</link:label>
    <link:labelArc xlink:type="arc" xlink:arcrole="http://www.xbrl.org/2003/arcrole/concept-label" xlink:from="KuniiHidekoMember" xlink:to="label_KuniiHidekoMember" />
    <link:label xlink:type="resource" xlink:label="label_KuniiHidekoMember_2" xml:lang="en" xlink:role="http://www.xbrl.org/2003/role/label" id="label_KuniiHidekoMember_2">Kunii, Hideko</link:label>
    <link:labelArc xlink:type="arc" xlink:arcrole="http://www.xbrl.org/2003/arcrole/concept-label" xlink:from="KuniiHidekoMember" xlink:to="label_KuniiHidekoMember_2" />
    <link:label xlink:type="resource" xlink:label="label_TakauraHideoMember" xml:lang="en" xlink:role="http://www.xbrl.org/2003/role/verboseLabel" id="label_TakauraHideoMember">Takaura, Hideo [member]</link:label>
    <link:labelArc xlink:type="arc" xlink:arcrole="http://www.xbrl.org/2003/arcrole/concept-label" xlink:from="TakauraHideoMember" xlink:to="label_TakauraHideoMember" />
    <link:label xlink:type="resource" xlink:label="label_TakauraHideoMember_2" xml:lang="en" xlink:role="http://www.xbrl.org/2003/role/label" id="label_TakauraHideoMember_2">Takaura, Hideo</link:label>
    <link:labelArc xlink:type="arc" xlink:arcrole="http://www.xbrl.org/2003/arcrole/concept-label" xlink:from="TakauraHideoMember" xlink:to="label_TakauraHideoMember_2" />
    <link:label xlink:type="resource" xlink:label="label_OhyagiShigeoMember" xml:lang="en" xlink:role="http://www.xbrl.org/2003/role/verboseLabel" id="label_OhyagiShigeoMember">Ohyagi, Shigeo [member]</link:label>
    <link:labelArc xlink:type="arc" xlink:arcrole="http://www.xbrl.org/2003/arcrole/concept-label" xlink:from="OhyagiShigeoMember" xlink:to="label_OhyagiShigeoMember" />
    <link:label xlink:type="resource" xlink:label="label_OhyagiShigeoMember_2" xml:lang="en" xlink:role="http://www.xbrl.org/2003/role/label" id="label_OhyagiShigeoMember_2">Ohyagi, Shigeo</link:label>
    <link:labelArc xlink:type="arc" xlink:arcrole="http://www.xbrl.org/2003/arcrole/concept-label" xlink:from="OhyagiShigeoMember" xlink:to="label_OhyagiShigeoMember_2" />
    <link:label xlink:type="resource" xlink:label="label_OnishiShoichiroMember" xml:lang="en" xlink:role="http://www.xbrl.org/2003/role/verboseLabel" id="label_OnishiShoichiroMember">Onishi, Shoichiro [member]</link:label>
    <link:labelArc xlink:type="arc" xlink:arcrole="http://www.xbrl.org/2003/arcrole/concept-label" xlink:from="OnishiShoichiroMember" xlink:to="label_OnishiShoichiroMember" />
    <link:label xlink:type="resource" xlink:label="label_OnishiShoichiroMember_2" xml:lang="en" xlink:role="http://www.xbrl.org/2003/role/label" id="label_OnishiShoichiroMember_2">Onishi, Shoichiro</link:label>
    <link:labelArc xlink:type="arc" xlink:arcrole="http://www.xbrl.org/2003/arcrole/concept-label" xlink:from="OnishiShoichiroMember" xlink:to="label_OnishiShoichiroMember_2" />
    <link:label xlink:type="resource" xlink:label="label_ShinkawaAsaMember" xml:lang="en" xlink:role="http://www.xbrl.org/2003/role/label" id="label_ShinkawaAsaMember">Shinkawa, Asa</link:label>
    <link:labelArc xlink:type="arc" xlink:arcrole="http://www.xbrl.org/2003/arcrole/concept-label" xlink:from="ShinkawaAsaMember" xlink:to="label_ShinkawaAsaMember" />
    <link:label xlink:type="resource" xlink:label="label_ShinkawaAsaMember_2" xml:lang="en" xlink:role="http://www.xbrl.org/2003/role/verboseLabel" id="label_ShinkawaAsaMember_2">Shinkawa, Asa [member]</link:label>
    <link:labelArc xlink:type="arc" xlink:arcrole="http://www.xbrl.org/2003/arcrole/concept-label" xlink:from="ShinkawaAsaMember" xlink:to="label_ShinkawaAsaMember_2" />
    <link:label xlink:type="resource" xlink:label="label_MorishitaYoshihitoMember" xml:lang="en" xlink:role="http://www.xbrl.org/2003/role/verboseLabel" id="label_MorishitaYoshihitoMember">Morishita, Yoshihito [member]</link:label>
    <link:labelArc xlink:type="arc" xlink:arcrole="http://www.xbrl.org/2003/arcrole/concept-label" xlink:from="MorishitaYoshihitoMember" xlink:to="label_MorishitaYoshihitoMember" />
    <link:label xlink:type="resource" xlink:label="label_MorishitaYoshihitoMember_2" xml:lang="en" xlink:role="http://www.xbrl.org/2003/role/label" id="label_MorishitaYoshihitoMember_2">Morishita, Yoshihito</link:label>
    <link:labelArc xlink:type="arc" xlink:arcrole="http://www.xbrl.org/2003/arcrole/concept-label" xlink:from="MorishitaYoshihitoMember" xlink:to="label_MorishitaYoshihitoMember_2" />
  </link:labelLink>
</link:linkbase>