﻿<?xml version="1.0" encoding="utf-8"?>
<!-- XBRL Document Created with WizLabo Platform -->
<link:linkbase xmlns:xlink="http://www.w3.org/1999/xlink" xmlns:xsi="http://www.w3.org/2001/XMLSchema-instance" xmlns:link="http://www.xbrl.org/2003/linkbase">
  <link:labelLink xlink:type="extended" xlink:role="http://www.xbrl.org/2003/role/link">
    <link:label xml:lang="ja" xlink:type="resource" xlink:label="jpcrp030000-asr_E04502-000_ConsignmemtExpensesElectricUtilityOparatingExpensesSGA_label" xlink:role="http://www.xbrl.org/2003/role/label">委託費</link:label>
    <link:label xml:lang="ja" xlink:type="resource" xlink:label="jpcrp030000-asr_E04502-000_ConsignmemtExpensesElectricUtilityOparatingExpensesSGA_label_1" xlink:role="http://www.xbrl.org/2003/role/verboseLabel">委託費、電気事業営業費用のうち販売費，一般管理費</link:label>
    <link:label xml:lang="ja" xlink:type="resource" xlink:label="jpcrp030000-asr_E04502-000_ConsignmemtExpensesElectricUtilityOperatingExpenses_label" xlink:role="http://www.xbrl.org/2003/role/label">委託費</link:label>
    <link:label xml:lang="ja" xlink:type="resource" xlink:label="jpcrp030000-asr_E04502-000_ConsignmemtExpensesElectricUtilityOperatingExpenses_label_1" xlink:role="http://www.xbrl.org/2003/role/verboseLabel">委託費、電気事業営業費用</link:label>
    <link:label xml:lang="ja" xlink:type="resource" xlink:label="jpcrp030000-asr_E04502-000_CONSIGNMENTCHARGECALCULATION_label" xlink:role="http://www.xbrl.org/2003/role/label">接続供給託送料</link:label>
    <link:label xml:lang="ja" xlink:type="resource" xlink:label="jpcrp030000-asr_E04502-000_CONSIGNMENTCHARGECALCULATION_label_1" xlink:role="http://www.xbrl.org/2003/role/verboseLabel">接続供給託送料　電気事業営業費用</link:label>
    <link:label xml:lang="ja" xlink:type="resource" xlink:label="jpcrp030000-asr_E04502-000_ElectricUtilityOperatingExpenses_label" xlink:role="http://www.xbrl.org/2003/role/label">電気事業営業費用</link:label>
    <link:label xml:lang="ja" xlink:type="resource" xlink:label="jpcrp030000-asr_E04502-000_ElectricUtilityOperatingExpenses_label_1" xlink:role="http://www.xbrl.org/2003/role/verboseLabel">電気事業営業費用</link:label>
    <link:label xml:lang="ja" xlink:type="resource" xlink:label="jpcrp030000-asr_E04502-000_FurutaShinjiMember_label" xlink:role="http://www.xbrl.org/2003/role/label">古田　真二</link:label>
    <link:label xml:lang="ja" xlink:type="resource" xlink:label="jpcrp030000-asr_E04502-000_FurutaShinjiMember_label_1" xlink:role="http://www.xbrl.org/2003/role/verboseLabel">古田　真二 [メンバー]</link:label>
    <link:label xml:lang="ja" xlink:type="resource" xlink:label="jpcrp030000-asr_E04502-000_GainOnSaleOfSecuritiesOpeCF_label" xlink:role="http://www.xbrl.org/2003/role/label">有価証券売却益</link:label>
    <link:label xml:lang="ja" xlink:type="resource" xlink:label="jpcrp030000-asr_E04502-000_GainOnSaleOfSecuritiesOpeCF_label_1" xlink:role="http://www.xbrl.org/2003/role/verboseLabel">有価証券売却益、営業活動によるキャッシュ・フロー</link:label>
    <link:label xml:lang="ja" xlink:type="resource" xlink:label="jpcrp030000-asr_E04502-000_HashimotoTakayukiMember_label" xlink:role="http://www.xbrl.org/2003/role/label">橋本　孝之</link:label>
    <link:label xml:lang="ja" xlink:type="resource" xlink:label="jpcrp030000-asr_E04502-000_HashimotoTakayukiMember_label_1" xlink:role="http://www.xbrl.org/2003/role/verboseLabel">橋本　孝之 [メンバー]</link:label>
    <link:label xml:lang="ja" xlink:type="resource" xlink:label="jpcrp030000-asr_E04502-000_HayashiKingoMember_label" xlink:role="http://www.xbrl.org/2003/role/label">林　欣吾</link:label>
    <link:label xml:lang="ja" xlink:type="resource" xlink:label="jpcrp030000-asr_E04502-000_HayashiKingoMember_label_1" xlink:role="http://www.xbrl.org/2003/role/verboseLabel">林　欣吾 [メンバー]</link:label>
    <link:label xml:lang="ja" xlink:type="resource" xlink:label="jpcrp030000-asr_E04502-000_IncreaseDecreaseInNetDefinedBenefitLiabilityAndAssetOpeCF_label_1" xlink:role="http://www.xbrl.org/2003/role/label">退職給付に係る負債及び資産の増減額</link:label>
    <link:label xml:lang="ja" xlink:type="resource" xlink:label="jpcrp030000-asr_E04502-000_IncreaseDecreaseInNetDefinedBenefitLiabilityAndAssetOpeCF_label_2" xlink:role="http://www.xbrl.org/2003/role/verboseLabel">退職給付に係る負債及び資産の増減額、営業活動によるキャッシュ・フロー</link:label>
    <link:label xml:lang="ja" xlink:type="resource" xlink:label="jpcrp030000-asr_E04502-000_IncreaseDecreaseInNetDefinedBenefitLiabilityAndAssetOpeCF_label" xlink:role="http://www.xbrl.org/2003/role/documentation">退職給付に係る負債及び資産の増減額、営業活動によるキャッシュ・フロー</link:label>
    <link:label xml:lang="ja" xlink:type="resource" xlink:label="jpcrp030000-asr_E04502-000_IncreaseDecreaseInProvisionForLossInConjunctionWithDiscontinuedOperationsOfNuclearPowerPlantsOpeCFELE_label_1" xlink:role="http://www.xbrl.org/2003/role/label">原子力発電所運転終了関連損失引当金の増減額（△は減少）</link:label>
    <link:label xml:lang="ja" xlink:type="resource" xlink:label="jpcrp030000-asr_E04502-000_IncreaseDecreaseInProvisionForLossInConjunctionWithDiscontinuedOperationsOfNuclearPowerPlantsOpeCFELE_label_2" xlink:role="http://www.xbrl.org/2003/role/verboseLabel">原子力発電所運転終了関連損失引当金の増減額（△は減少）、営業活動によるキャッシュ・フロー、電気事業</link:label>
    <link:label xml:lang="ja" xlink:type="resource" xlink:label="jpcrp030000-asr_E04502-000_IncreaseDecreaseInProvisionForLossInConjunctionWithDiscontinuedOperationsOfNuclearPowerPlantsOpeCFELE_label" xlink:role="http://www.xbrl.org/2003/role/documentation">原子力発電所運転終了関連損失引当金の増減額（△は減少）、営業活動によるキャッシュ・フロー、電気事業</link:label>
    <link:label xml:lang="ja" xlink:type="resource" xlink:label="jpcrp030000-asr_E04502-000_InternalTransactionCancellationElectricUtilityOperatingExpenses_label" xlink:role="http://www.xbrl.org/2003/role/label">内部取引の消去</link:label>
    <link:label xml:lang="ja" xlink:type="resource" xlink:label="jpcrp030000-asr_E04502-000_InternalTransactionCancellationElectricUtilityOperatingExpenses_label_1" xlink:role="http://www.xbrl.org/2003/role/verboseLabel">内部取引の消去、電気事業営業費用</link:label>
    <link:label xml:lang="ja" xlink:type="resource" xlink:label="jpcrp030000-asr_E04502-000_JERAReportableSegmentMember_label" xlink:role="http://www.xbrl.org/2003/role/label">ＪＥＲＡ</link:label>
    <link:label xml:lang="ja" xlink:type="resource" xlink:label="jpcrp030000-asr_E04502-000_JERAReportableSegmentMember_label_1" xlink:role="http://www.xbrl.org/2003/role/verboseLabel">ＪＥＲＡ、報告セグメント [メンバー]</link:label>
    <link:label xml:lang="ja" xlink:type="resource" xlink:label="jpcrp030000-asr_E04502-000_KatsunoSatoruMember_label" xlink:role="http://www.xbrl.org/2003/role/label">勝野　哲</link:label>
    <link:label xml:lang="ja" xlink:type="resource" xlink:label="jpcrp030000-asr_E04502-000_KatsunoSatoruMember_label_1" xlink:role="http://www.xbrl.org/2003/role/verboseLabel">勝野　哲 [メンバー]</link:label>
    <link:label xml:lang="ja" xlink:type="resource" xlink:label="jpcrp030000-asr_E04502-000_KudoYokoMember_label" xlink:role="http://www.xbrl.org/2003/role/label">工藤　陽子</link:label>
    <link:label xml:lang="ja" xlink:type="resource" xlink:label="jpcrp030000-asr_E04502-000_KudoYokoMember_label_1" xlink:role="http://www.xbrl.org/2003/role/verboseLabel">工藤　陽子 [メンバー]</link:label>
    <link:label xml:lang="ja" xlink:type="resource" xlink:label="jpcrp030000-asr_E04502-000_KuriharaMitsueMember_label" xlink:role="http://www.xbrl.org/2003/role/label">栗原　美津枝</link:label>
    <link:label xml:lang="ja" xlink:type="resource" xlink:label="jpcrp030000-asr_E04502-000_KuriharaMitsueMember_label_1" xlink:role="http://www.xbrl.org/2003/role/verboseLabel">栗原　美津枝 [メンバー]</link:label>
    <link:label xml:lang="ja" xlink:type="resource" xlink:label="jpcrp030000-asr_E04502-000_LossOnAntiMonopolyActEL_label" xlink:role="http://www.xbrl.org/2003/role/label">独占禁止法関連損失</link:label>
    <link:label xml:lang="ja" xlink:type="resource" xlink:label="jpcrp030000-asr_E04502-000_LossOnAntiMonopolyActEL_label_1" xlink:role="http://www.xbrl.org/2003/role/verboseLabel">独占禁止法関連損失、特別損失</link:label>
    <link:label xml:lang="ja" xlink:type="resource" xlink:label="jpcrp030000-asr_E04502-000_LossRelatedToTheAntimonopolyActOpeCF_label" xlink:role="http://www.xbrl.org/2003/role/label">独占禁止法関連損失</link:label>
    <link:label xml:lang="ja" xlink:type="resource" xlink:label="jpcrp030000-asr_E04502-000_LossRelatedToTheAntimonopolyActOpeCF_label_1" xlink:role="http://www.xbrl.org/2003/role/verboseLabel">独占禁止法関連損失、営業活動によるキャッシュ・フロー</link:label>
    <link:label xml:lang="ja" xlink:type="resource" xlink:label="jpcrp030000-asr_E04502-000_MetricsAndTargetsInitiativesToRealizeADecarbonizedSocietyTextBlock_label" xlink:role="http://www.xbrl.org/2003/role/label">指標及び目標</link:label>
    <link:label xml:lang="ja" xlink:type="resource" xlink:label="jpcrp030000-asr_E04502-000_MetricsAndTargetsInitiativesToRealizeADecarbonizedSocietyTextBlock_label_1" xlink:role="http://www.xbrl.org/2003/role/verboseLabel">指標及び目標、脱炭素社会実現に向けた取り組み [テキストブロック]</link:label>
    <link:label xml:lang="ja" xlink:type="resource" xlink:label="jpcrp030000-asr_E04502-000_MiraizReportableSegmentMember_label" xlink:role="http://www.xbrl.org/2003/role/label">ミライズ</link:label>
    <link:label xml:lang="ja" xlink:type="resource" xlink:label="jpcrp030000-asr_E04502-000_MiraizReportableSegmentMember_label_1" xlink:role="http://www.xbrl.org/2003/role/verboseLabel">ミライズ、報告セグメント [メンバー]</link:label>
    <link:label xml:lang="ja" xlink:type="resource" xlink:label="jpcrp030000-asr_E04502-000_MizutaniHitoshiMember_label" xlink:role="http://www.xbrl.org/2003/role/label">水谷　仁</link:label>
    <link:label xml:lang="ja" xlink:type="resource" xlink:label="jpcrp030000-asr_E04502-000_MizutaniHitoshiMember_label_1" xlink:role="http://www.xbrl.org/2003/role/verboseLabel">水谷　仁 [メンバー]</link:label>
    <link:label xml:lang="ja" xlink:type="resource" xlink:label="jpcrp030000-asr_E04502-000_MonthlyCompensationsMonthlyRemunerationEtcByCategoryOfDirectorsAndOtherOfficers_label" xlink:role="http://www.xbrl.org/2003/role/label">月例報酬</link:label>
    <link:label xml:lang="ja" xlink:type="resource" xlink:label="jpcrp030000-asr_E04502-000_MonthlyCompensationsMonthlyRemunerationEtcByCategoryOfDirectorsAndOtherOfficers_label_1" xlink:role="http://www.xbrl.org/2003/role/verboseLabel">月例報酬、役員区分ごとの月例報酬等</link:label>
    <link:label xml:lang="ja" xlink:type="resource" xlink:label="jpcrp030000-asr_E04502-000_MuraseMomokoMember_label" xlink:role="http://www.xbrl.org/2003/role/label">村瀬　桃子</link:label>
    <link:label xml:lang="ja" xlink:type="resource" xlink:label="jpcrp030000-asr_E04502-000_MuraseMomokoMember_label_1" xlink:role="http://www.xbrl.org/2003/role/verboseLabel">村瀬　桃子 [メンバー]</link:label>
    <link:label xml:lang="ja" xlink:type="resource" xlink:label="jpcrp030000-asr_E04502-000_NabetaKazuhiroMember_label" xlink:role="http://www.xbrl.org/2003/role/label">鍋田　和宏</link:label>
    <link:label xml:lang="ja" xlink:type="resource" xlink:label="jpcrp030000-asr_E04502-000_NabetaKazuhiroMember_label_1" xlink:role="http://www.xbrl.org/2003/role/verboseLabel">鍋田　和宏 [メンバー]</link:label>
    <link:label xml:lang="ja" xlink:type="resource" xlink:label="jpcrp030000-asr_E04502-000_NakagawaSeimeiMember_label" xlink:role="http://www.xbrl.org/2003/role/label">中川　清明</link:label>
    <link:label xml:lang="ja" xlink:type="resource" xlink:label="jpcrp030000-asr_E04502-000_NakagawaSeimeiMember_label_1" xlink:role="http://www.xbrl.org/2003/role/verboseLabel">中川　清明 [メンバー]</link:label>
    <link:label xml:lang="ja" xlink:type="resource" xlink:label="jpcrp030000-asr_E04502-000_NotesLossOnAntiMonopolyActTextBlock_label" xlink:role="http://www.xbrl.org/2003/role/label">独占禁止法関連損失に関する注記</link:label>
    <link:label xml:lang="ja" xlink:type="resource" xlink:label="jpcrp030000-asr_E04502-000_NotesLossOnAntiMonopolyActTextBlock_label_1" xlink:role="http://www.xbrl.org/2003/role/verboseLabel">独占禁止法関連損失に関する注記 [テキストブロック]</link:label>
    <link:label xml:lang="ja" xlink:type="resource" xlink:label="jpcrp030000-asr_E04502-000_NotesOnLossOnValuationOfInvestmentSecuritiesTextBlock_label" xlink:role="http://www.xbrl.org/2003/role/label">有価証券評価損に関する注記</link:label>
    <link:label xml:lang="ja" xlink:type="resource" xlink:label="jpcrp030000-asr_E04502-000_NotesOnLossOnValuationOfInvestmentSecuritiesTextBlock_label_1" xlink:role="http://www.xbrl.org/2003/role/verboseLabel">有価証券評価損に関する注記 [テキストブロック]</link:label>
    <link:label xml:lang="ja" xlink:type="resource" xlink:label="jpcrp030000-asr_E04502-000_NotesRegardingAccruedTaxesTextBlock_label" xlink:role="http://www.xbrl.org/2003/role/label">未払税金に関する注記</link:label>
    <link:label xml:lang="ja" xlink:type="resource" xlink:label="jpcrp030000-asr_E04502-000_NotesRegardingAccruedTaxesTextBlock_label_1" xlink:role="http://www.xbrl.org/2003/role/verboseLabel">未払税金に関する注記[テキストブロック]</link:label>
    <link:label xml:lang="ja" xlink:type="resource" xlink:label="jpcrp030000-asr_E04502-000_NotesRegardingAmountsOfReductionEntryOfNonCurrentAssetsTextBlock_label" xlink:role="http://www.xbrl.org/2003/role/label">固定資産の圧縮記帳額に関する注記</link:label>
    <link:label xml:lang="ja" xlink:type="resource" xlink:label="jpcrp030000-asr_E04502-000_NotesRegardingAmountsOfReductionEntryOfNonCurrentAssetsTextBlock_label_1" xlink:role="http://www.xbrl.org/2003/role/verboseLabel">固定資産の圧縮記帳額に関する注記[テキストブロック]</link:label>
    <link:label xml:lang="ja" xlink:type="resource" xlink:label="jpcrp030000-asr_E04502-000_NotesRegardingCurrentPortionOfNoncurrentLiabilitiesTextBlock_label" xlink:role="http://www.xbrl.org/2003/role/label">1年以内に期限到来の固定負債に関する注記</link:label>
    <link:label xml:lang="ja" xlink:type="resource" xlink:label="jpcrp030000-asr_E04502-000_NotesRegardingCurrentPortionOfNoncurrentLiabilitiesTextBlock_label_1" xlink:role="http://www.xbrl.org/2003/role/verboseLabel">1年以内に期限到来の固定負債に関する注記[テキストブロック]</link:label>
    <link:label xml:lang="ja" xlink:type="resource" xlink:label="jpcrp030000-asr_E04502-000_NotesRegardingIncidentalBusinessFacilitiesInStatementOfIncomeTextBlock_label" xlink:role="http://www.xbrl.org/2003/role/label">損益計算書に記載されている附帯事業に係る固定資産の金額に関する注記</link:label>
    <link:label xml:lang="ja" xlink:type="resource" xlink:label="jpcrp030000-asr_E04502-000_NotesRegardingIncidentalBusinessFacilitiesInStatementOfIncomeTextBlock_label_1" xlink:role="http://www.xbrl.org/2003/role/verboseLabel">損益計算書に記載されている附帯事業に係る固定資産の金額に関する注記[テキストブロック]</link:label>
    <link:label xml:lang="ja" xlink:type="resource" xlink:label="jpcrp030000-asr_E04502-000_NotesRegardingLoansPayableToDevelopmentBankOfJapanIncTextBlock_label" xlink:role="http://www.xbrl.org/2003/role/label">株式会社日本政策投資銀行借入金に関する注記</link:label>
    <link:label xml:lang="ja" xlink:type="resource" xlink:label="jpcrp030000-asr_E04502-000_NotesRegardingLoansPayableToDevelopmentBankOfJapanIncTextBlock_label_1" xlink:role="http://www.xbrl.org/2003/role/verboseLabel">株式会社日本政策投資銀行借入金に関する注記[テキストブロック]</link:label>
    <link:label xml:lang="ja" xlink:type="resource" xlink:label="jpcrp030000-asr_E04502-000_NotesRegardingProvisionOfAllowanceIncludedInOperatingExpensesTextBlock_label" xlink:role="http://www.xbrl.org/2003/role/label">営業費用に含まれる引当金繰入額に関する注記</link:label>
    <link:label xml:lang="ja" xlink:type="resource" xlink:label="jpcrp030000-asr_E04502-000_NotesRegardingProvisionOfAllowanceIncludedInOperatingExpensesTextBlock_label_1" xlink:role="http://www.xbrl.org/2003/role/verboseLabel">営業費用に含まれる引当金繰入額に関する注記[テキストブロック]</link:label>
    <link:label xml:lang="ja" xlink:type="resource" xlink:label="jpcrp030000-asr_E04502-000_NotesRegardingResearchAndDevelopmentCostsIncludedInOperatingExpensesTextBlock_label" xlink:role="http://www.xbrl.org/2003/role/label">営業費用の含まれる研究開発費の総額に関する注記</link:label>
    <link:label xml:lang="ja" xlink:type="resource" xlink:label="jpcrp030000-asr_E04502-000_NotesRegardingResearchAndDevelopmentCostsIncludedInOperatingExpensesTextBlock_label_1" xlink:role="http://www.xbrl.org/2003/role/verboseLabel">営業費用の含まれる研究開発費の総額に関する注記[テキストブロック]</link:label>
    <link:label xml:lang="ja" xlink:type="resource" xlink:label="jpcrp030000-asr_E04502-000_OperatingRevenueOverseasEnergy_label" xlink:role="http://www.xbrl.org/2003/role/label">海外エネルギー事業営業収益</link:label>
    <link:label xml:lang="ja" xlink:type="resource" xlink:label="jpcrp030000-asr_E04502-000_OperatingRevenueOverseasEnergy_label_1" xlink:role="http://www.xbrl.org/2003/role/verboseLabel">海外エネルギー事業営業収益</link:label>
    <link:label xml:lang="ja" xlink:type="resource" xlink:label="jpcrp030000-asr_E04502-000_OperatingRevenueRegionalServiceIncidentalBusinessOperatingRevenue_label" xlink:role="http://www.xbrl.org/2003/role/label">地域サービス事業営業収益</link:label>
    <link:label xml:lang="ja" xlink:type="resource" xlink:label="jpcrp030000-asr_E04502-000_OperatingRevenueRegionalServiceIncidentalBusinessOperatingRevenue_label_1" xlink:role="http://www.xbrl.org/2003/role/verboseLabel">地域サービス事業営業収益、附帯事業営業収益</link:label>
    <link:label xml:lang="ja" xlink:type="resource" xlink:label="jpcrp030000-asr_E04502-000_OtherElectricUtilityOparatingExpensesSGA_label" xlink:role="http://www.xbrl.org/2003/role/label">その他</link:label>
    <link:label xml:lang="ja" xlink:type="resource" xlink:label="jpcrp030000-asr_E04502-000_OtherElectricUtilityOparatingExpensesSGA_label_1" xlink:role="http://www.xbrl.org/2003/role/verboseLabel">その他、電気事業営業費用のうち販売費，一般管理費</link:label>
    <link:label xml:lang="ja" xlink:type="resource" xlink:label="jpcrp030000-asr_E04502-000_OtherElectricUtilityOperatingExpenses_label" xlink:role="http://www.xbrl.org/2003/role/label">その他</link:label>
    <link:label xml:lang="ja" xlink:type="resource" xlink:label="jpcrp030000-asr_E04502-000_OtherElectricUtilityOperatingExpenses_label_1" xlink:role="http://www.xbrl.org/2003/role/verboseLabel">その他、電気事業営業費用</link:label>
    <link:label xml:lang="ja" xlink:type="resource" xlink:label="jpcrp030000-asr_E04502-000_PaymentsRelatedToAntiMonopolyActOpeCF_label" xlink:role="http://www.xbrl.org/2003/role/label">独占禁止法関連支払額</link:label>
    <link:label xml:lang="ja" xlink:type="resource" xlink:label="jpcrp030000-asr_E04502-000_PaymentsRelatedToAntiMonopolyActOpeCF_label_1" xlink:role="http://www.xbrl.org/2003/role/verboseLabel">独占禁止法関連支払額、営業活動によるキャッシュ・フロー</link:label>
    <link:label xml:lang="ja" xlink:type="resource" xlink:label="jpcrp030000-asr_E04502-000_PerformanceLinkedBonusesPerformanceLinkedRemunerationEtcByCategoryOfDirectorsAndOtherOfficers_label" xlink:role="http://www.xbrl.org/2003/role/label">業績連動賞与</link:label>
    <link:label xml:lang="ja" xlink:type="resource" xlink:label="jpcrp030000-asr_E04502-000_PerformanceLinkedBonusesPerformanceLinkedRemunerationEtcByCategoryOfDirectorsAndOtherOfficers_label_1" xlink:role="http://www.xbrl.org/2003/role/verboseLabel">業績連動賞与、役員区分ごとの業績連動賞与等</link:label>
    <link:label xml:lang="ja" xlink:type="resource" xlink:label="jpcrp030000-asr_E04502-000_PowergridReportableSegmentMember_label" xlink:role="http://www.xbrl.org/2003/role/label">パワーグリッド</link:label>
    <link:label xml:lang="ja" xlink:type="resource" xlink:label="jpcrp030000-asr_E04502-000_PowergridReportableSegmentMember_label_1" xlink:role="http://www.xbrl.org/2003/role/verboseLabel">パワーグリッド、報告セグメント [メンバー]</link:label>
    <link:label xml:lang="ja" xlink:type="resource" xlink:label="jpcrp030000-asr_E04502-000_PowerPurchaseExpensesPaidToOtherSuppliersElectricUtilityOperatingExpenses_label" xlink:role="http://www.xbrl.org/2003/role/label">他社購入電源費</link:label>
    <link:label xml:lang="ja" xlink:type="resource" xlink:label="jpcrp030000-asr_E04502-000_PowerPurchaseExpensesPaidToOtherSuppliersElectricUtilityOperatingExpenses_label_1" xlink:role="http://www.xbrl.org/2003/role/verboseLabel">他社購入電源費、電気事業営業費用</link:label>
    <link:label xml:lang="ja" xlink:type="resource" xlink:label="jpcrp030000-asr_E04502-000_PowerPurchaseExpensesPaidToOtherSuppliersElectricUtilityOperatingExpensesSGA_label" xlink:role="http://www.xbrl.org/2003/role/label">他社購入電源費</link:label>
    <link:label xml:lang="ja" xlink:type="resource" xlink:label="jpcrp030000-asr_E04502-000_PowerPurchaseExpensesPaidToOtherSuppliersElectricUtilityOperatingExpensesSGA_label_1" xlink:role="http://www.xbrl.org/2003/role/verboseLabel">他社購入電源費、一般管理費</link:label>
    <link:label xml:lang="ja" xlink:type="resource" xlink:label="jpcrp030000-asr_E04502-000_ProvisionForLossInConjunctionWithDiscontinuedOperationsOfNuclearPowerPlantsNCLELE_label_1" xlink:role="http://www.xbrl.org/2003/role/label">原子力発電所運転終了関連損失引当金</link:label>
    <link:label xml:lang="ja" xlink:type="resource" xlink:label="jpcrp030000-asr_E04502-000_ProvisionForLossInConjunctionWithDiscontinuedOperationsOfNuclearPowerPlantsNCLELE_label_2" xlink:role="http://www.xbrl.org/2003/role/verboseLabel">原子力発電所運転終了関連損失引当金、固定負債、電気事業</link:label>
    <link:label xml:lang="ja" xlink:type="resource" xlink:label="jpcrp030000-asr_E04502-000_ProvisionForLossInConjunctionWithDiscontinuedOperationsOfNuclearPowerPlantsNCLELE_label" xlink:role="http://www.xbrl.org/2003/role/documentation">原子力発電所運転終了関連損失引当金、固定負債、電気事業</link:label>
    <link:label xml:lang="ja" xlink:type="resource" xlink:label="jpcrp030000-asr_E04502-000_ReferenceToOtherInformation2MetricsAndTargets_label" xlink:role="http://www.xbrl.org/2003/role/label">他の記載への参照２</link:label>
    <link:label xml:lang="ja" xlink:type="resource" xlink:label="jpcrp030000-asr_E04502-000_ReferenceToOtherInformation2MetricsAndTargets_label_1" xlink:role="http://www.xbrl.org/2003/role/verboseLabel">他の記載への参照２、指標及び目標</link:label>
    <link:label xml:lang="ja" xlink:type="resource" xlink:label="jpcrp030000-asr_E04502-000_ReferenceToOtherInformation2RiskManagement_label" xlink:role="http://www.xbrl.org/2003/role/label">他の記載への参照２</link:label>
    <link:label xml:lang="ja" xlink:type="resource" xlink:label="jpcrp030000-asr_E04502-000_ReferenceToOtherInformation2RiskManagement_label_1" xlink:role="http://www.xbrl.org/2003/role/verboseLabel">他の記載への参照２、リスク管理</link:label>
    <link:label xml:lang="ja" xlink:type="resource" xlink:label="jpcrp030000-asr_E04502-000_RenewablePowerProductionAndRelatedExpensesElectricUtilityOperatingExpenses_label" xlink:role="http://www.xbrl.org/2003/role/label">新エネルギー等発電等費</link:label>
    <link:label xml:lang="ja" xlink:type="resource" xlink:label="jpcrp030000-asr_E04502-000_RenewablePowerProductionAndRelatedExpensesElectricUtilityOperatingExpenses_label_1" xlink:role="http://www.xbrl.org/2003/role/verboseLabel">新エネルギー等発電等費、電気事業営業費用</link:label>
    <link:label xml:lang="ja" xlink:type="resource" xlink:label="jpcrp030000-asr_E04502-000_RenewablePowerProductionAndRelatedFacilitiesElectricUtilityPlantAndEquipment_label" xlink:role="http://www.xbrl.org/2003/role/label">新エネルギー等発電等設備</link:label>
    <link:label xml:lang="ja" xlink:type="resource" xlink:label="jpcrp030000-asr_E04502-000_RenewablePowerProductionAndRelatedFacilitiesElectricUtilityPlantAndEquipment_label_1" xlink:role="http://www.xbrl.org/2003/role/verboseLabel">新エネルギー等発電等設備、電気事業固定資産</link:label>
    <link:label xml:lang="ja" xlink:type="resource" xlink:label="jpcrp030000-asr_E04502-000_RetirementBenefitExpensesElectricUtilityOparatingExpensesSGA_label" xlink:role="http://www.xbrl.org/2003/role/label">退職給与金</link:label>
    <link:label xml:lang="ja" xlink:type="resource" xlink:label="jpcrp030000-asr_E04502-000_RetirementBenefitExpensesElectricUtilityOparatingExpensesSGA_label_1" xlink:role="http://www.xbrl.org/2003/role/verboseLabel">退職給与金、電気事業営業費用のうち販売費，一般管理費</link:label>
    <link:label xml:lang="ja" xlink:type="resource" xlink:label="jpcrp030000-asr_E04502-000_RetirementBenefitExpensesElectricUtilityOperatingExpenses_label" xlink:role="http://www.xbrl.org/2003/role/label">退職給与金</link:label>
    <link:label xml:lang="ja" xlink:type="resource" xlink:label="jpcrp030000-asr_E04502-000_RetirementBenefitExpensesElectricUtilityOperatingExpenses_label_1" xlink:role="http://www.xbrl.org/2003/role/verboseLabel">退職給与金、電気事業営業費用</link:label>
    <link:label xml:lang="ja" xlink:type="resource" xlink:label="jpcrp030000-asr_E04502-000_RevenueEquivalentToContributionForNuclearDamageCompensation_label" xlink:role="http://www.xbrl.org/2003/role/label">賠償負担金相当収益</link:label>
    <link:label xml:lang="ja" xlink:type="resource" xlink:label="jpcrp030000-asr_E04502-000_RevenueEquivalentToContributionForNuclearDamageCompensation_label_1" xlink:role="http://www.xbrl.org/2003/role/verboseLabel">賠償負担金相当収益</link:label>
    <link:label xml:lang="ja" xlink:type="resource" xlink:label="jpcrp030000-asr_E04502-000_SalariesAndAllowancesElectricUtilityOparatingExpensesSGA_label" xlink:role="http://www.xbrl.org/2003/role/label">給料手当</link:label>
    <link:label xml:lang="ja" xlink:type="resource" xlink:label="jpcrp030000-asr_E04502-000_SalariesAndAllowancesElectricUtilityOparatingExpensesSGA_label_1" xlink:role="http://www.xbrl.org/2003/role/verboseLabel">給料手当、電気事業営業費用のうち販売費，一般管理費</link:label>
    <link:label xml:lang="ja" xlink:type="resource" xlink:label="jpcrp030000-asr_E04502-000_SalariesAndAllowancesElectricUtilityOperatingExpenses_label" xlink:role="http://www.xbrl.org/2003/role/label">給料手当</link:label>
    <link:label xml:lang="ja" xlink:type="resource" xlink:label="jpcrp030000-asr_E04502-000_SalariesAndAllowancesElectricUtilityOperatingExpenses_label_1" xlink:role="http://www.xbrl.org/2003/role/verboseLabel">給料手当、電気事業営業費用</link:label>
    <link:label xml:lang="ja" xlink:type="resource" xlink:label="jpcrp030000-asr_E04502-000_SawayanagiTomoyukiMember_label" xlink:role="http://www.xbrl.org/2003/role/label">澤栁　友之</link:label>
    <link:label xml:lang="ja" xlink:type="resource" xlink:label="jpcrp030000-asr_E04502-000_SawayanagiTomoyukiMember_label_1" xlink:role="http://www.xbrl.org/2003/role/verboseLabel">澤栁　友之 [メンバー]</link:label>
    <link:label xml:lang="ja" xlink:type="resource" xlink:label="jpcrp030000-asr_E04502-000_SellingGeneralAndAdministrativeExpensesElectricUtilityOperatingExpenses_label" xlink:role="http://www.xbrl.org/2003/role/label">小計</link:label>
    <link:label xml:lang="ja" xlink:type="resource" xlink:label="jpcrp030000-asr_E04502-000_SellingGeneralAndAdministrativeExpensesElectricUtilityOperatingExpenses_label_1" xlink:role="http://www.xbrl.org/2003/role/verboseLabel">小計、電気事業営業費用のうち販売費、一般管理費の計</link:label>
    <link:label xml:lang="ja" xlink:type="resource" xlink:label="jpcrp030000-asr_E04502-000_ShimaoTadashiMember_label" xlink:role="http://www.xbrl.org/2003/role/label">嶋尾　正</link:label>
    <link:label xml:lang="ja" xlink:type="resource" xlink:label="jpcrp030000-asr_E04502-000_ShimaoTadashiMember_label_1" xlink:role="http://www.xbrl.org/2003/role/verboseLabel">嶋尾　正 [メンバー]</link:label>
    <link:label xml:lang="ja" xlink:type="resource" xlink:label="jpcrp030000-asr_E04502-000_StrategyInitiativesToRealizeADecarbonizedSocietyTextBlock_label" xlink:role="http://www.xbrl.org/2003/role/label">戦略</link:label>
    <link:label xml:lang="ja" xlink:type="resource" xlink:label="jpcrp030000-asr_E04502-000_StrategyInitiativesToRealizeADecarbonizedSocietyTextBlock_label_1" xlink:role="http://www.xbrl.org/2003/role/verboseLabel">戦略 、脱炭素社会実現に向けた取り組み [テキストブロック]</link:label>
    <link:label xml:lang="ja" xlink:type="resource" xlink:label="jpcrp030000-asr_E04502-000_SubtotalElectricUtilityOperatingExpenses_label" xlink:role="http://www.xbrl.org/2003/role/label">小計</link:label>
    <link:label xml:lang="ja" xlink:type="resource" xlink:label="jpcrp030000-asr_E04502-000_SubtotalElectricUtilityOperatingExpenses_label_1" xlink:role="http://www.xbrl.org/2003/role/verboseLabel">小計、電気事業営業費用</link:label>
    <link:label xml:lang="ja" xlink:type="resource" xlink:label="jpcrp030000-asr_E04502-000_WorkingExpensesOverseasEnergy_label" xlink:role="http://www.xbrl.org/2003/role/label">海外エネルギー事業営業費用</link:label>
    <link:label xml:lang="ja" xlink:type="resource" xlink:label="jpcrp030000-asr_E04502-000_WorkingExpensesOverseasEnergy_label_1" xlink:role="http://www.xbrl.org/2003/role/verboseLabel">海外エネルギー事業営業費用</link:label>
    <link:label xml:lang="ja" xlink:type="resource" xlink:label="jpcrp030000-asr_E04502-000_WorkingExpensesRegionalServiceIncidentalBusinessOperatingExpenses_label" xlink:role="http://www.xbrl.org/2003/role/label">地域サービス事業営業費用</link:label>
    <link:label xml:lang="ja" xlink:type="resource" xlink:label="jpcrp030000-asr_E04502-000_WorkingExpensesRegionalServiceIncidentalBusinessOperatingExpenses_label_1" xlink:role="http://www.xbrl.org/2003/role/verboseLabel">地域サービス事業営業費用、附帯事業営業費用</link:label>
    <link:label xml:lang="ja" xlink:type="resource" xlink:label="jpcrp030000-asr_E04502-000_YamagataMitsumasaMember_label" xlink:role="http://www.xbrl.org/2003/role/label">山形　光正</link:label>
    <link:label xml:lang="ja" xlink:type="resource" xlink:label="jpcrp030000-asr_E04502-000_YamagataMitsumasaMember_label_1" xlink:role="http://www.xbrl.org/2003/role/verboseLabel">山形　光正 [メンバー]</link:label>
    <link:loc xlink:type="locator" xlink:href="jpcrp030000-asr-001_E04502-000_2024-03-31_01_2024-06-27.xsd#jpcrp030000-asr_E04502-000_ConsignmemtExpensesElectricUtilityOparatingExpensesSGA" xlink:label="jpcrp030000-asr_E04502-000_ConsignmemtExpensesElectricUtilityOparatingExpensesSGA" />
    <link:loc xlink:type="locator" xlink:href="jpcrp030000-asr-001_E04502-000_2024-03-31_01_2024-06-27.xsd#jpcrp030000-asr_E04502-000_ConsignmemtExpensesElectricUtilityOperatingExpenses" xlink:label="jpcrp030000-asr_E04502-000_ConsignmemtExpensesElectricUtilityOperatingExpenses" />
    <link:loc xlink:type="locator" xlink:href="jpcrp030000-asr-001_E04502-000_2024-03-31_01_2024-06-27.xsd#jpcrp030000-asr_E04502-000_CONSIGNMENTCHARGECALCULATION" xlink:label="jpcrp030000-asr_E04502-000_CONSIGNMENTCHARGECALCULATION" />
    <link:loc xlink:type="locator" xlink:href="jpcrp030000-asr-001_E04502-000_2024-03-31_01_2024-06-27.xsd#jpcrp030000-asr_E04502-000_ElectricUtilityOperatingExpenses" xlink:label="jpcrp030000-asr_E04502-000_ElectricUtilityOperatingExpenses" />
    <link:loc xlink:type="locator" xlink:href="jpcrp030000-asr-001_E04502-000_2024-03-31_01_2024-06-27.xsd#jpcrp030000-asr_E04502-000_FurutaShinjiMember" xlink:label="jpcrp030000-asr_E04502-000_FurutaShinjiMember" />
    <link:loc xlink:type="locator" xlink:href="jpcrp030000-asr-001_E04502-000_2024-03-31_01_2024-06-27.xsd#jpcrp030000-asr_E04502-000_GainOnSaleOfSecuritiesOpeCF" xlink:label="jpcrp030000-asr_E04502-000_GainOnSaleOfSecuritiesOpeCF" />
    <link:loc xlink:type="locator" xlink:href="jpcrp030000-asr-001_E04502-000_2024-03-31_01_2024-06-27.xsd#jpcrp030000-asr_E04502-000_HashimotoTakayukiMember" xlink:label="jpcrp030000-asr_E04502-000_HashimotoTakayukiMember" />
    <link:loc xlink:type="locator" xlink:href="jpcrp030000-asr-001_E04502-000_2024-03-31_01_2024-06-27.xsd#jpcrp030000-asr_E04502-000_HayashiKingoMember" xlink:label="jpcrp030000-asr_E04502-000_HayashiKingoMember" />
    <link:loc xlink:type="locator" xlink:href="jpcrp030000-asr-001_E04502-000_2024-03-31_01_2024-06-27.xsd#jpcrp030000-asr_E04502-000_IncreaseDecreaseInNetDefinedBenefitLiabilityAndAssetOpeCF" xlink:label="jpcrp030000-asr_E04502-000_IncreaseDecreaseInNetDefinedBenefitLiabilityAndAssetOpeCF" />
    <link:loc xlink:type="locator" xlink:href="jpcrp030000-asr-001_E04502-000_2024-03-31_01_2024-06-27.xsd#jpcrp030000-asr_E04502-000_IncreaseDecreaseInProvisionForLossInConjunctionWithDiscontinuedOperationsOfNuclearPowerPlantsOpeCFELE" xlink:label="jpcrp030000-asr_E04502-000_IncreaseDecreaseInProvisionForLossInConjunctionWithDiscontinuedOperationsOfNuclearPowerPlantsOpeCFELE" />
    <link:loc xlink:type="locator" xlink:href="jpcrp030000-asr-001_E04502-000_2024-03-31_01_2024-06-27.xsd#jpcrp030000-asr_E04502-000_InternalTransactionCancellationElectricUtilityOperatingExpenses" xlink:label="jpcrp030000-asr_E04502-000_InternalTransactionCancellationElectricUtilityOperatingExpenses" />
    <link:loc xlink:type="locator" xlink:href="jpcrp030000-asr-001_E04502-000_2024-03-31_01_2024-06-27.xsd#jpcrp030000-asr_E04502-000_JERAReportableSegmentMember" xlink:label="jpcrp030000-asr_E04502-000_JERAReportableSegmentMember" />
    <link:loc xlink:type="locator" xlink:href="jpcrp030000-asr-001_E04502-000_2024-03-31_01_2024-06-27.xsd#jpcrp030000-asr_E04502-000_KatsunoSatoruMember" xlink:label="jpcrp030000-asr_E04502-000_KatsunoSatoruMember" />
    <link:loc xlink:type="locator" xlink:href="jpcrp030000-asr-001_E04502-000_2024-03-31_01_2024-06-27.xsd#jpcrp030000-asr_E04502-000_KudoYokoMember" xlink:label="jpcrp030000-asr_E04502-000_KudoYokoMember" />
    <link:loc xlink:type="locator" xlink:href="jpcrp030000-asr-001_E04502-000_2024-03-31_01_2024-06-27.xsd#jpcrp030000-asr_E04502-000_KuriharaMitsueMember" xlink:label="jpcrp030000-asr_E04502-000_KuriharaMitsueMember" />
    <link:loc xlink:type="locator" xlink:href="jpcrp030000-asr-001_E04502-000_2024-03-31_01_2024-06-27.xsd#jpcrp030000-asr_E04502-000_LossOnAntiMonopolyActEL" xlink:label="jpcrp030000-asr_E04502-000_LossOnAntiMonopolyActEL" />
    <link:loc xlink:type="locator" xlink:href="jpcrp030000-asr-001_E04502-000_2024-03-31_01_2024-06-27.xsd#jpcrp030000-asr_E04502-000_LossRelatedToTheAntimonopolyActOpeCF" xlink:label="jpcrp030000-asr_E04502-000_LossRelatedToTheAntimonopolyActOpeCF" />
    <link:loc xlink:type="locator" xlink:href="jpcrp030000-asr-001_E04502-000_2024-03-31_01_2024-06-27.xsd#jpcrp030000-asr_E04502-000_MetricsAndTargetsInitiativesToRealizeADecarbonizedSocietyTextBlock" xlink:label="jpcrp030000-asr_E04502-000_MetricsAndTargetsInitiativesToRealizeADecarbonizedSocietyTextBlock" />
    <link:loc xlink:type="locator" xlink:href="jpcrp030000-asr-001_E04502-000_2024-03-31_01_2024-06-27.xsd#jpcrp030000-asr_E04502-000_MiraizReportableSegmentMember" xlink:label="jpcrp030000-asr_E04502-000_MiraizReportableSegmentMember" />
    <link:loc xlink:type="locator" xlink:href="jpcrp030000-asr-001_E04502-000_2024-03-31_01_2024-06-27.xsd#jpcrp030000-asr_E04502-000_MizutaniHitoshiMember" xlink:label="jpcrp030000-asr_E04502-000_MizutaniHitoshiMember" />
    <link:loc xlink:type="locator" xlink:href="jpcrp030000-asr-001_E04502-000_2024-03-31_01_2024-06-27.xsd#jpcrp030000-asr_E04502-000_MonthlyCompensationsMonthlyRemunerationEtcByCategoryOfDirectorsAndOtherOfficers" xlink:label="jpcrp030000-asr_E04502-000_MonthlyCompensationsMonthlyRemunerationEtcByCategoryOfDirectorsAndOtherOfficers" />
    <link:loc xlink:type="locator" xlink:href="jpcrp030000-asr-001_E04502-000_2024-03-31_01_2024-06-27.xsd#jpcrp030000-asr_E04502-000_MuraseMomokoMember" xlink:label="jpcrp030000-asr_E04502-000_MuraseMomokoMember" />
    <link:loc xlink:type="locator" xlink:href="jpcrp030000-asr-001_E04502-000_2024-03-31_01_2024-06-27.xsd#jpcrp030000-asr_E04502-000_NabetaKazuhiroMember" xlink:label="jpcrp030000-asr_E04502-000_NabetaKazuhiroMember" />
    <link:loc xlink:type="locator" xlink:href="jpcrp030000-asr-001_E04502-000_2024-03-31_01_2024-06-27.xsd#jpcrp030000-asr_E04502-000_NakagawaSeimeiMember" xlink:label="jpcrp030000-asr_E04502-000_NakagawaSeimeiMember" />
    <link:loc xlink:type="locator" xlink:href="jpcrp030000-asr-001_E04502-000_2024-03-31_01_2024-06-27.xsd#jpcrp030000-asr_E04502-000_NotesLossOnAntiMonopolyActTextBlock" xlink:label="jpcrp030000-asr_E04502-000_NotesLossOnAntiMonopolyActTextBlock" />
    <link:loc xlink:type="locator" xlink:href="jpcrp030000-asr-001_E04502-000_2024-03-31_01_2024-06-27.xsd#jpcrp030000-asr_E04502-000_NotesOnLossOnValuationOfInvestmentSecuritiesTextBlock" xlink:label="jpcrp030000-asr_E04502-000_NotesOnLossOnValuationOfInvestmentSecuritiesTextBlock" />
    <link:loc xlink:type="locator" xlink:href="jpcrp030000-asr-001_E04502-000_2024-03-31_01_2024-06-27.xsd#jpcrp030000-asr_E04502-000_NotesRegardingAccruedTaxesTextBlock" xlink:label="jpcrp030000-asr_E04502-000_NotesRegardingAccruedTaxesTextBlock" />
    <link:loc xlink:type="locator" xlink:href="jpcrp030000-asr-001_E04502-000_2024-03-31_01_2024-06-27.xsd#jpcrp030000-asr_E04502-000_NotesRegardingAmountsOfReductionEntryOfNonCurrentAssetsTextBlock" xlink:label="jpcrp030000-asr_E04502-000_NotesRegardingAmountsOfReductionEntryOfNonCurrentAssetsTextBlock" />
    <link:loc xlink:type="locator" xlink:href="jpcrp030000-asr-001_E04502-000_2024-03-31_01_2024-06-27.xsd#jpcrp030000-asr_E04502-000_NotesRegardingCurrentPortionOfNoncurrentLiabilitiesTextBlock" xlink:label="jpcrp030000-asr_E04502-000_NotesRegardingCurrentPortionOfNoncurrentLiabilitiesTextBlock" />
    <link:loc xlink:type="locator" xlink:href="jpcrp030000-asr-001_E04502-000_2024-03-31_01_2024-06-27.xsd#jpcrp030000-asr_E04502-000_NotesRegardingIncidentalBusinessFacilitiesInStatementOfIncomeTextBlock" xlink:label="jpcrp030000-asr_E04502-000_NotesRegardingIncidentalBusinessFacilitiesInStatementOfIncomeTextBlock" />
    <link:loc xlink:type="locator" xlink:href="jpcrp030000-asr-001_E04502-000_2024-03-31_01_2024-06-27.xsd#jpcrp030000-asr_E04502-000_NotesRegardingLoansPayableToDevelopmentBankOfJapanIncTextBlock" xlink:label="jpcrp030000-asr_E04502-000_NotesRegardingLoansPayableToDevelopmentBankOfJapanIncTextBlock" />
    <link:loc xlink:type="locator" xlink:href="jpcrp030000-asr-001_E04502-000_2024-03-31_01_2024-06-27.xsd#jpcrp030000-asr_E04502-000_NotesRegardingProvisionOfAllowanceIncludedInOperatingExpensesTextBlock" xlink:label="jpcrp030000-asr_E04502-000_NotesRegardingProvisionOfAllowanceIncludedInOperatingExpensesTextBlock" />
    <link:loc xlink:type="locator" xlink:href="jpcrp030000-asr-001_E04502-000_2024-03-31_01_2024-06-27.xsd#jpcrp030000-asr_E04502-000_NotesRegardingResearchAndDevelopmentCostsIncludedInOperatingExpensesTextBlock" xlink:label="jpcrp030000-asr_E04502-000_NotesRegardingResearchAndDevelopmentCostsIncludedInOperatingExpensesTextBlock" />
    <link:loc xlink:type="locator" xlink:href="jpcrp030000-asr-001_E04502-000_2024-03-31_01_2024-06-27.xsd#jpcrp030000-asr_E04502-000_OperatingRevenueOverseasEnergy" xlink:label="jpcrp030000-asr_E04502-000_OperatingRevenueOverseasEnergy" />
    <link:loc xlink:type="locator" xlink:href="jpcrp030000-asr-001_E04502-000_2024-03-31_01_2024-06-27.xsd#jpcrp030000-asr_E04502-000_OperatingRevenueRegionalServiceIncidentalBusinessOperatingRevenue" xlink:label="jpcrp030000-asr_E04502-000_OperatingRevenueRegionalServiceIncidentalBusinessOperatingRevenue" />
    <link:loc xlink:type="locator" xlink:href="jpcrp030000-asr-001_E04502-000_2024-03-31_01_2024-06-27.xsd#jpcrp030000-asr_E04502-000_OtherElectricUtilityOparatingExpensesSGA" xlink:label="jpcrp030000-asr_E04502-000_OtherElectricUtilityOparatingExpensesSGA" />
    <link:loc xlink:type="locator" xlink:href="jpcrp030000-asr-001_E04502-000_2024-03-31_01_2024-06-27.xsd#jpcrp030000-asr_E04502-000_OtherElectricUtilityOperatingExpenses" xlink:label="jpcrp030000-asr_E04502-000_OtherElectricUtilityOperatingExpenses" />
    <link:loc xlink:type="locator" xlink:href="jpcrp030000-asr-001_E04502-000_2024-03-31_01_2024-06-27.xsd#jpcrp030000-asr_E04502-000_PaymentsRelatedToAntiMonopolyActOpeCF" xlink:label="jpcrp030000-asr_E04502-000_PaymentsRelatedToAntiMonopolyActOpeCF" />
    <link:loc xlink:type="locator" xlink:href="jpcrp030000-asr-001_E04502-000_2024-03-31_01_2024-06-27.xsd#jpcrp030000-asr_E04502-000_PerformanceLinkedBonusesPerformanceLinkedRemunerationEtcByCategoryOfDirectorsAndOtherOfficers" xlink:label="jpcrp030000-asr_E04502-000_PerformanceLinkedBonusesPerformanceLinkedRemunerationEtcByCategoryOfDirectorsAndOtherOfficers" />
    <link:loc xlink:type="locator" xlink:href="jpcrp030000-asr-001_E04502-000_2024-03-31_01_2024-06-27.xsd#jpcrp030000-asr_E04502-000_PowergridReportableSegmentMember" xlink:label="jpcrp030000-asr_E04502-000_PowergridReportableSegmentMember" />
    <link:loc xlink:type="locator" xlink:href="jpcrp030000-asr-001_E04502-000_2024-03-31_01_2024-06-27.xsd#jpcrp030000-asr_E04502-000_PowerPurchaseExpensesPaidToOtherSuppliersElectricUtilityOperatingExpenses" xlink:label="jpcrp030000-asr_E04502-000_PowerPurchaseExpensesPaidToOtherSuppliersElectricUtilityOperatingExpenses" />
    <link:loc xlink:type="locator" xlink:href="jpcrp030000-asr-001_E04502-000_2024-03-31_01_2024-06-27.xsd#jpcrp030000-asr_E04502-000_PowerPurchaseExpensesPaidToOtherSuppliersElectricUtilityOperatingExpensesSGA" xlink:label="jpcrp030000-asr_E04502-000_PowerPurchaseExpensesPaidToOtherSuppliersElectricUtilityOperatingExpensesSGA" />
    <link:loc xlink:type="locator" xlink:href="jpcrp030000-asr-001_E04502-000_2024-03-31_01_2024-06-27.xsd#jpcrp030000-asr_E04502-000_ProvisionForLossInConjunctionWithDiscontinuedOperationsOfNuclearPowerPlantsNCLELE" xlink:label="jpcrp030000-asr_E04502-000_ProvisionForLossInConjunctionWithDiscontinuedOperationsOfNuclearPowerPlantsNCLELE" />
    <link:loc xlink:type="locator" xlink:href="jpcrp030000-asr-001_E04502-000_2024-03-31_01_2024-06-27.xsd#jpcrp030000-asr_E04502-000_ReferenceToOtherInformation2MetricsAndTargets" xlink:label="jpcrp030000-asr_E04502-000_ReferenceToOtherInformation2MetricsAndTargets" />
    <link:loc xlink:type="locator" xlink:href="jpcrp030000-asr-001_E04502-000_2024-03-31_01_2024-06-27.xsd#jpcrp030000-asr_E04502-000_ReferenceToOtherInformation2RiskManagement" xlink:label="jpcrp030000-asr_E04502-000_ReferenceToOtherInformation2RiskManagement" />
    <link:loc xlink:type="locator" xlink:href="jpcrp030000-asr-001_E04502-000_2024-03-31_01_2024-06-27.xsd#jpcrp030000-asr_E04502-000_RenewablePowerProductionAndRelatedExpensesElectricUtilityOperatingExpenses" xlink:label="jpcrp030000-asr_E04502-000_RenewablePowerProductionAndRelatedExpensesElectricUtilityOperatingExpenses" />
    <link:loc xlink:type="locator" xlink:href="jpcrp030000-asr-001_E04502-000_2024-03-31_01_2024-06-27.xsd#jpcrp030000-asr_E04502-000_RenewablePowerProductionAndRelatedFacilitiesElectricUtilityPlantAndEquipment" xlink:label="jpcrp030000-asr_E04502-000_RenewablePowerProductionAndRelatedFacilitiesElectricUtilityPlantAndEquipment" />
    <link:loc xlink:type="locator" xlink:href="jpcrp030000-asr-001_E04502-000_2024-03-31_01_2024-06-27.xsd#jpcrp030000-asr_E04502-000_RetirementBenefitExpensesElectricUtilityOparatingExpensesSGA" xlink:label="jpcrp030000-asr_E04502-000_RetirementBenefitExpensesElectricUtilityOparatingExpensesSGA" />
    <link:loc xlink:type="locator" xlink:href="jpcrp030000-asr-001_E04502-000_2024-03-31_01_2024-06-27.xsd#jpcrp030000-asr_E04502-000_RetirementBenefitExpensesElectricUtilityOperatingExpenses" xlink:label="jpcrp030000-asr_E04502-000_RetirementBenefitExpensesElectricUtilityOperatingExpenses" />
    <link:loc xlink:type="locator" xlink:href="jpcrp030000-asr-001_E04502-000_2024-03-31_01_2024-06-27.xsd#jpcrp030000-asr_E04502-000_RevenueEquivalentToContributionForNuclearDamageCompensation" xlink:label="jpcrp030000-asr_E04502-000_RevenueEquivalentToContributionForNuclearDamageCompensation" />
    <link:loc xlink:type="locator" xlink:href="jpcrp030000-asr-001_E04502-000_2024-03-31_01_2024-06-27.xsd#jpcrp030000-asr_E04502-000_SalariesAndAllowancesElectricUtilityOparatingExpensesSGA" xlink:label="jpcrp030000-asr_E04502-000_SalariesAndAllowancesElectricUtilityOparatingExpensesSGA" />
    <link:loc xlink:type="locator" xlink:href="jpcrp030000-asr-001_E04502-000_2024-03-31_01_2024-06-27.xsd#jpcrp030000-asr_E04502-000_SalariesAndAllowancesElectricUtilityOperatingExpenses" xlink:label="jpcrp030000-asr_E04502-000_SalariesAndAllowancesElectricUtilityOperatingExpenses" />
    <link:loc xlink:type="locator" xlink:href="jpcrp030000-asr-001_E04502-000_2024-03-31_01_2024-06-27.xsd#jpcrp030000-asr_E04502-000_SawayanagiTomoyukiMember" xlink:label="jpcrp030000-asr_E04502-000_SawayanagiTomoyukiMember" />
    <link:loc xlink:type="locator" xlink:href="jpcrp030000-asr-001_E04502-000_2024-03-31_01_2024-06-27.xsd#jpcrp030000-asr_E04502-000_SellingGeneralAndAdministrativeExpensesElectricUtilityOperatingExpenses" xlink:label="jpcrp030000-asr_E04502-000_SellingGeneralAndAdministrativeExpensesElectricUtilityOperatingExpenses" />
    <link:loc xlink:type="locator" xlink:href="jpcrp030000-asr-001_E04502-000_2024-03-31_01_2024-06-27.xsd#jpcrp030000-asr_E04502-000_ShimaoTadashiMember" xlink:label="jpcrp030000-asr_E04502-000_ShimaoTadashiMember" />
    <link:loc xlink:type="locator" xlink:href="jpcrp030000-asr-001_E04502-000_2024-03-31_01_2024-06-27.xsd#jpcrp030000-asr_E04502-000_StrategyInitiativesToRealizeADecarbonizedSocietyTextBlock" xlink:label="jpcrp030000-asr_E04502-000_StrategyInitiativesToRealizeADecarbonizedSocietyTextBlock" />
    <link:loc xlink:type="locator" xlink:href="jpcrp030000-asr-001_E04502-000_2024-03-31_01_2024-06-27.xsd#jpcrp030000-asr_E04502-000_SubtotalElectricUtilityOperatingExpenses" xlink:label="jpcrp030000-asr_E04502-000_SubtotalElectricUtilityOperatingExpenses" />
    <link:loc xlink:type="locator" xlink:href="jpcrp030000-asr-001_E04502-000_2024-03-31_01_2024-06-27.xsd#jpcrp030000-asr_E04502-000_WorkingExpensesOverseasEnergy" xlink:label="jpcrp030000-asr_E04502-000_WorkingExpensesOverseasEnergy" />
    <link:loc xlink:type="locator" xlink:href="jpcrp030000-asr-001_E04502-000_2024-03-31_01_2024-06-27.xsd#jpcrp030000-asr_E04502-000_WorkingExpensesRegionalServiceIncidentalBusinessOperatingExpenses" xlink:label="jpcrp030000-asr_E04502-000_WorkingExpensesRegionalServiceIncidentalBusinessOperatingExpenses" />
    <link:loc xlink:type="locator" xlink:href="jpcrp030000-asr-001_E04502-000_2024-03-31_01_2024-06-27.xsd#jpcrp030000-asr_E04502-000_YamagataMitsumasaMember" xlink:label="jpcrp030000-asr_E04502-000_YamagataMitsumasaMember" />
    <link:labelArc xlink:type="arc" xlink:from="jpcrp030000-asr_E04502-000_ConsignmemtExpensesElectricUtilityOparatingExpensesSGA" xlink:to="jpcrp030000-asr_E04502-000_ConsignmemtExpensesElectricUtilityOparatingExpensesSGA_label" xlink:arcrole="http://www.xbrl.org/2003/arcrole/concept-label" order="1" />
    <link:labelArc xlink:type="arc" xlink:from="jpcrp030000-asr_E04502-000_ConsignmemtExpensesElectricUtilityOparatingExpensesSGA" xlink:to="jpcrp030000-asr_E04502-000_ConsignmemtExpensesElectricUtilityOparatingExpensesSGA_label_1" xlink:arcrole="http://www.xbrl.org/2003/arcrole/concept-label" order="1" />
    <link:labelArc xlink:type="arc" xlink:from="jpcrp030000-asr_E04502-000_ConsignmemtExpensesElectricUtilityOperatingExpenses" xlink:to="jpcrp030000-asr_E04502-000_ConsignmemtExpensesElectricUtilityOperatingExpenses_label" xlink:arcrole="http://www.xbrl.org/2003/arcrole/concept-label" order="1" />
    <link:labelArc xlink:type="arc" xlink:from="jpcrp030000-asr_E04502-000_ConsignmemtExpensesElectricUtilityOperatingExpenses" xlink:to="jpcrp030000-asr_E04502-000_ConsignmemtExpensesElectricUtilityOperatingExpenses_label_1" xlink:arcrole="http://www.xbrl.org/2003/arcrole/concept-label" order="1" />
    <link:labelArc xlink:type="arc" xlink:from="jpcrp030000-asr_E04502-000_CONSIGNMENTCHARGECALCULATION" xlink:to="jpcrp030000-asr_E04502-000_CONSIGNMENTCHARGECALCULATION_label" xlink:arcrole="http://www.xbrl.org/2003/arcrole/concept-label" order="1" />
    <link:labelArc xlink:type="arc" xlink:from="jpcrp030000-asr_E04502-000_CONSIGNMENTCHARGECALCULATION" xlink:to="jpcrp030000-asr_E04502-000_CONSIGNMENTCHARGECALCULATION_label_1" xlink:arcrole="http://www.xbrl.org/2003/arcrole/concept-label" order="1" />
    <link:labelArc xlink:type="arc" xlink:from="jpcrp030000-asr_E04502-000_ElectricUtilityOperatingExpenses" xlink:to="jpcrp030000-asr_E04502-000_ElectricUtilityOperatingExpenses_label" xlink:arcrole="http://www.xbrl.org/2003/arcrole/concept-label" order="1" />
    <link:labelArc xlink:type="arc" xlink:from="jpcrp030000-asr_E04502-000_ElectricUtilityOperatingExpenses" xlink:to="jpcrp030000-asr_E04502-000_ElectricUtilityOperatingExpenses_label_1" xlink:arcrole="http://www.xbrl.org/2003/arcrole/concept-label" order="1" />
    <link:labelArc xlink:type="arc" xlink:from="jpcrp030000-asr_E04502-000_FurutaShinjiMember" xlink:to="jpcrp030000-asr_E04502-000_FurutaShinjiMember_label" xlink:arcrole="http://www.xbrl.org/2003/arcrole/concept-label" order="1" />
    <link:labelArc xlink:type="arc" xlink:from="jpcrp030000-asr_E04502-000_FurutaShinjiMember" xlink:to="jpcrp030000-asr_E04502-000_FurutaShinjiMember_label_1" xlink:arcrole="http://www.xbrl.org/2003/arcrole/concept-label" order="1" />
    <link:labelArc xlink:type="arc" xlink:from="jpcrp030000-asr_E04502-000_GainOnSaleOfSecuritiesOpeCF" xlink:to="jpcrp030000-asr_E04502-000_GainOnSaleOfSecuritiesOpeCF_label" xlink:arcrole="http://www.xbrl.org/2003/arcrole/concept-label" order="1" />
    <link:labelArc xlink:type="arc" xlink:from="jpcrp030000-asr_E04502-000_GainOnSaleOfSecuritiesOpeCF" xlink:to="jpcrp030000-asr_E04502-000_GainOnSaleOfSecuritiesOpeCF_label_1" xlink:arcrole="http://www.xbrl.org/2003/arcrole/concept-label" order="1" />
    <link:labelArc xlink:type="arc" xlink:from="jpcrp030000-asr_E04502-000_HashimotoTakayukiMember" xlink:to="jpcrp030000-asr_E04502-000_HashimotoTakayukiMember_label_1" xlink:arcrole="http://www.xbrl.org/2003/arcrole/concept-label" order="1" />
    <link:labelArc xlink:type="arc" xlink:from="jpcrp030000-asr_E04502-000_HashimotoTakayukiMember" xlink:to="jpcrp030000-asr_E04502-000_HashimotoTakayukiMember_label" xlink:arcrole="http://www.xbrl.org/2003/arcrole/concept-label" order="1" />
    <link:labelArc xlink:type="arc" xlink:from="jpcrp030000-asr_E04502-000_HayashiKingoMember" xlink:to="jpcrp030000-asr_E04502-000_HayashiKingoMember_label" xlink:arcrole="http://www.xbrl.org/2003/arcrole/concept-label" order="1" />
    <link:labelArc xlink:type="arc" xlink:from="jpcrp030000-asr_E04502-000_HayashiKingoMember" xlink:to="jpcrp030000-asr_E04502-000_HayashiKingoMember_label_1" xlink:arcrole="http://www.xbrl.org/2003/arcrole/concept-label" order="1" />
    <link:labelArc xlink:type="arc" xlink:from="jpcrp030000-asr_E04502-000_IncreaseDecreaseInNetDefinedBenefitLiabilityAndAssetOpeCF" xlink:to="jpcrp030000-asr_E04502-000_IncreaseDecreaseInNetDefinedBenefitLiabilityAndAssetOpeCF_label" xlink:arcrole="http://www.xbrl.org/2003/arcrole/concept-label" order="1" />
    <link:labelArc xlink:type="arc" xlink:from="jpcrp030000-asr_E04502-000_IncreaseDecreaseInNetDefinedBenefitLiabilityAndAssetOpeCF" xlink:to="jpcrp030000-asr_E04502-000_IncreaseDecreaseInNetDefinedBenefitLiabilityAndAssetOpeCF_label_1" xlink:arcrole="http://www.xbrl.org/2003/arcrole/concept-label" order="1" />
    <link:labelArc xlink:type="arc" xlink:from="jpcrp030000-asr_E04502-000_IncreaseDecreaseInNetDefinedBenefitLiabilityAndAssetOpeCF" xlink:to="jpcrp030000-asr_E04502-000_IncreaseDecreaseInNetDefinedBenefitLiabilityAndAssetOpeCF_label_2" xlink:arcrole="http://www.xbrl.org/2003/arcrole/concept-label" order="1" />
    <link:labelArc xlink:type="arc" xlink:from="jpcrp030000-asr_E04502-000_IncreaseDecreaseInProvisionForLossInConjunctionWithDiscontinuedOperationsOfNuclearPowerPlantsOpeCFELE" xlink:to="jpcrp030000-asr_E04502-000_IncreaseDecreaseInProvisionForLossInConjunctionWithDiscontinuedOperationsOfNuclearPowerPlantsOpeCFELE_label" xlink:arcrole="http://www.xbrl.org/2003/arcrole/concept-label" order="1" />
    <link:labelArc xlink:type="arc" xlink:from="jpcrp030000-asr_E04502-000_IncreaseDecreaseInProvisionForLossInConjunctionWithDiscontinuedOperationsOfNuclearPowerPlantsOpeCFELE" xlink:to="jpcrp030000-asr_E04502-000_IncreaseDecreaseInProvisionForLossInConjunctionWithDiscontinuedOperationsOfNuclearPowerPlantsOpeCFELE_label_1" xlink:arcrole="http://www.xbrl.org/2003/arcrole/concept-label" order="1" />
    <link:labelArc xlink:type="arc" xlink:from="jpcrp030000-asr_E04502-000_IncreaseDecreaseInProvisionForLossInConjunctionWithDiscontinuedOperationsOfNuclearPowerPlantsOpeCFELE" xlink:to="jpcrp030000-asr_E04502-000_IncreaseDecreaseInProvisionForLossInConjunctionWithDiscontinuedOperationsOfNuclearPowerPlantsOpeCFELE_label_2" xlink:arcrole="http://www.xbrl.org/2003/arcrole/concept-label" order="1" />
    <link:labelArc xlink:type="arc" xlink:from="jpcrp030000-asr_E04502-000_InternalTransactionCancellationElectricUtilityOperatingExpenses" xlink:to="jpcrp030000-asr_E04502-000_InternalTransactionCancellationElectricUtilityOperatingExpenses_label" xlink:arcrole="http://www.xbrl.org/2003/arcrole/concept-label" order="1" />
    <link:labelArc xlink:type="arc" xlink:from="jpcrp030000-asr_E04502-000_InternalTransactionCancellationElectricUtilityOperatingExpenses" xlink:to="jpcrp030000-asr_E04502-000_InternalTransactionCancellationElectricUtilityOperatingExpenses_label_1" xlink:arcrole="http://www.xbrl.org/2003/arcrole/concept-label" order="1" />
    <link:labelArc xlink:type="arc" xlink:from="jpcrp030000-asr_E04502-000_JERAReportableSegmentMember" xlink:to="jpcrp030000-asr_E04502-000_JERAReportableSegmentMember_label" xlink:arcrole="http://www.xbrl.org/2003/arcrole/concept-label" order="1" />
    <link:labelArc xlink:type="arc" xlink:from="jpcrp030000-asr_E04502-000_JERAReportableSegmentMember" xlink:to="jpcrp030000-asr_E04502-000_JERAReportableSegmentMember_label_1" xlink:arcrole="http://www.xbrl.org/2003/arcrole/concept-label" order="1" />
    <link:labelArc xlink:type="arc" xlink:from="jpcrp030000-asr_E04502-000_KatsunoSatoruMember" xlink:to="jpcrp030000-asr_E04502-000_KatsunoSatoruMember_label" xlink:arcrole="http://www.xbrl.org/2003/arcrole/concept-label" order="1" />
    <link:labelArc xlink:type="arc" xlink:from="jpcrp030000-asr_E04502-000_KatsunoSatoruMember" xlink:to="jpcrp030000-asr_E04502-000_KatsunoSatoruMember_label_1" xlink:arcrole="http://www.xbrl.org/2003/arcrole/concept-label" order="1" />
    <link:labelArc xlink:type="arc" xlink:from="jpcrp030000-asr_E04502-000_KudoYokoMember" xlink:to="jpcrp030000-asr_E04502-000_KudoYokoMember_label_1" xlink:arcrole="http://www.xbrl.org/2003/arcrole/concept-label" order="1" />
    <link:labelArc xlink:type="arc" xlink:from="jpcrp030000-asr_E04502-000_KudoYokoMember" xlink:to="jpcrp030000-asr_E04502-000_KudoYokoMember_label" xlink:arcrole="http://www.xbrl.org/2003/arcrole/concept-label" order="1" />
    <link:labelArc xlink:type="arc" xlink:from="jpcrp030000-asr_E04502-000_KuriharaMitsueMember" xlink:to="jpcrp030000-asr_E04502-000_KuriharaMitsueMember_label" xlink:arcrole="http://www.xbrl.org/2003/arcrole/concept-label" order="1" />
    <link:labelArc xlink:type="arc" xlink:from="jpcrp030000-asr_E04502-000_KuriharaMitsueMember" xlink:to="jpcrp030000-asr_E04502-000_KuriharaMitsueMember_label_1" xlink:arcrole="http://www.xbrl.org/2003/arcrole/concept-label" order="1" />
    <link:labelArc xlink:type="arc" xlink:from="jpcrp030000-asr_E04502-000_LossOnAntiMonopolyActEL" xlink:to="jpcrp030000-asr_E04502-000_LossOnAntiMonopolyActEL_label" xlink:arcrole="http://www.xbrl.org/2003/arcrole/concept-label" order="1" />
    <link:labelArc xlink:type="arc" xlink:from="jpcrp030000-asr_E04502-000_LossOnAntiMonopolyActEL" xlink:to="jpcrp030000-asr_E04502-000_LossOnAntiMonopolyActEL_label_1" xlink:arcrole="http://www.xbrl.org/2003/arcrole/concept-label" order="1" />
    <link:labelArc xlink:type="arc" xlink:from="jpcrp030000-asr_E04502-000_LossRelatedToTheAntimonopolyActOpeCF" xlink:to="jpcrp030000-asr_E04502-000_LossRelatedToTheAntimonopolyActOpeCF_label" xlink:arcrole="http://www.xbrl.org/2003/arcrole/concept-label" order="1" />
    <link:labelArc xlink:type="arc" xlink:from="jpcrp030000-asr_E04502-000_LossRelatedToTheAntimonopolyActOpeCF" xlink:to="jpcrp030000-asr_E04502-000_LossRelatedToTheAntimonopolyActOpeCF_label_1" xlink:arcrole="http://www.xbrl.org/2003/arcrole/concept-label" order="1" />
    <link:labelArc xlink:type="arc" xlink:from="jpcrp030000-asr_E04502-000_MetricsAndTargetsInitiativesToRealizeADecarbonizedSocietyTextBlock" xlink:to="jpcrp030000-asr_E04502-000_MetricsAndTargetsInitiativesToRealizeADecarbonizedSocietyTextBlock_label" xlink:arcrole="http://www.xbrl.org/2003/arcrole/concept-label" order="1" />
    <link:labelArc xlink:type="arc" xlink:from="jpcrp030000-asr_E04502-000_MetricsAndTargetsInitiativesToRealizeADecarbonizedSocietyTextBlock" xlink:to="jpcrp030000-asr_E04502-000_MetricsAndTargetsInitiativesToRealizeADecarbonizedSocietyTextBlock_label_1" xlink:arcrole="http://www.xbrl.org/2003/arcrole/concept-label" order="1" />
    <link:labelArc xlink:type="arc" xlink:from="jpcrp030000-asr_E04502-000_MiraizReportableSegmentMember" xlink:to="jpcrp030000-asr_E04502-000_MiraizReportableSegmentMember_label" xlink:arcrole="http://www.xbrl.org/2003/arcrole/concept-label" order="1" />
    <link:labelArc xlink:type="arc" xlink:from="jpcrp030000-asr_E04502-000_MiraizReportableSegmentMember" xlink:to="jpcrp030000-asr_E04502-000_MiraizReportableSegmentMember_label_1" xlink:arcrole="http://www.xbrl.org/2003/arcrole/concept-label" order="1" />
    <link:labelArc xlink:type="arc" xlink:from="jpcrp030000-asr_E04502-000_MizutaniHitoshiMember" xlink:to="jpcrp030000-asr_E04502-000_MizutaniHitoshiMember_label" xlink:arcrole="http://www.xbrl.org/2003/arcrole/concept-label" order="1" />
    <link:labelArc xlink:type="arc" xlink:from="jpcrp030000-asr_E04502-000_MizutaniHitoshiMember" xlink:to="jpcrp030000-asr_E04502-000_MizutaniHitoshiMember_label_1" xlink:arcrole="http://www.xbrl.org/2003/arcrole/concept-label" order="1" />
    <link:labelArc xlink:type="arc" xlink:from="jpcrp030000-asr_E04502-000_MonthlyCompensationsMonthlyRemunerationEtcByCategoryOfDirectorsAndOtherOfficers" xlink:to="jpcrp030000-asr_E04502-000_MonthlyCompensationsMonthlyRemunerationEtcByCategoryOfDirectorsAndOtherOfficers_label_1" xlink:arcrole="http://www.xbrl.org/2003/arcrole/concept-label" order="1" />
    <link:labelArc xlink:type="arc" xlink:from="jpcrp030000-asr_E04502-000_MonthlyCompensationsMonthlyRemunerationEtcByCategoryOfDirectorsAndOtherOfficers" xlink:to="jpcrp030000-asr_E04502-000_MonthlyCompensationsMonthlyRemunerationEtcByCategoryOfDirectorsAndOtherOfficers_label" xlink:arcrole="http://www.xbrl.org/2003/arcrole/concept-label" order="1" />
    <link:labelArc xlink:type="arc" xlink:from="jpcrp030000-asr_E04502-000_MuraseMomokoMember" xlink:to="jpcrp030000-asr_E04502-000_MuraseMomokoMember_label_1" xlink:arcrole="http://www.xbrl.org/2003/arcrole/concept-label" order="1" />
    <link:labelArc xlink:type="arc" xlink:from="jpcrp030000-asr_E04502-000_MuraseMomokoMember" xlink:to="jpcrp030000-asr_E04502-000_MuraseMomokoMember_label" xlink:arcrole="http://www.xbrl.org/2003/arcrole/concept-label" order="1" />
    <link:labelArc xlink:type="arc" xlink:from="jpcrp030000-asr_E04502-000_NabetaKazuhiroMember" xlink:to="jpcrp030000-asr_E04502-000_NabetaKazuhiroMember_label" xlink:arcrole="http://www.xbrl.org/2003/arcrole/concept-label" order="1" />
    <link:labelArc xlink:type="arc" xlink:from="jpcrp030000-asr_E04502-000_NabetaKazuhiroMember" xlink:to="jpcrp030000-asr_E04502-000_NabetaKazuhiroMember_label_1" xlink:arcrole="http://www.xbrl.org/2003/arcrole/concept-label" order="1" />
    <link:labelArc xlink:type="arc" xlink:from="jpcrp030000-asr_E04502-000_NakagawaSeimeiMember" xlink:to="jpcrp030000-asr_E04502-000_NakagawaSeimeiMember_label" xlink:arcrole="http://www.xbrl.org/2003/arcrole/concept-label" order="1" />
    <link:labelArc xlink:type="arc" xlink:from="jpcrp030000-asr_E04502-000_NakagawaSeimeiMember" xlink:to="jpcrp030000-asr_E04502-000_NakagawaSeimeiMember_label_1" xlink:arcrole="http://www.xbrl.org/2003/arcrole/concept-label" order="1" />
    <link:labelArc xlink:type="arc" xlink:from="jpcrp030000-asr_E04502-000_NotesLossOnAntiMonopolyActTextBlock" xlink:to="jpcrp030000-asr_E04502-000_NotesLossOnAntiMonopolyActTextBlock_label" xlink:arcrole="http://www.xbrl.org/2003/arcrole/concept-label" order="1" />
    <link:labelArc xlink:type="arc" xlink:from="jpcrp030000-asr_E04502-000_NotesLossOnAntiMonopolyActTextBlock" xlink:to="jpcrp030000-asr_E04502-000_NotesLossOnAntiMonopolyActTextBlock_label_1" xlink:arcrole="http://www.xbrl.org/2003/arcrole/concept-label" order="1" />
    <link:labelArc xlink:type="arc" xlink:from="jpcrp030000-asr_E04502-000_NotesOnLossOnValuationOfInvestmentSecuritiesTextBlock" xlink:to="jpcrp030000-asr_E04502-000_NotesOnLossOnValuationOfInvestmentSecuritiesTextBlock_label" xlink:arcrole="http://www.xbrl.org/2003/arcrole/concept-label" order="1" />
    <link:labelArc xlink:type="arc" xlink:from="jpcrp030000-asr_E04502-000_NotesOnLossOnValuationOfInvestmentSecuritiesTextBlock" xlink:to="jpcrp030000-asr_E04502-000_NotesOnLossOnValuationOfInvestmentSecuritiesTextBlock_label_1" xlink:arcrole="http://www.xbrl.org/2003/arcrole/concept-label" order="1" />
    <link:labelArc xlink:type="arc" xlink:from="jpcrp030000-asr_E04502-000_NotesRegardingAccruedTaxesTextBlock" xlink:to="jpcrp030000-asr_E04502-000_NotesRegardingAccruedTaxesTextBlock_label" xlink:arcrole="http://www.xbrl.org/2003/arcrole/concept-label" order="1" />
    <link:labelArc xlink:type="arc" xlink:from="jpcrp030000-asr_E04502-000_NotesRegardingAccruedTaxesTextBlock" xlink:to="jpcrp030000-asr_E04502-000_NotesRegardingAccruedTaxesTextBlock_label_1" xlink:arcrole="http://www.xbrl.org/2003/arcrole/concept-label" order="1" />
    <link:labelArc xlink:type="arc" xlink:from="jpcrp030000-asr_E04502-000_NotesRegardingAmountsOfReductionEntryOfNonCurrentAssetsTextBlock" xlink:to="jpcrp030000-asr_E04502-000_NotesRegardingAmountsOfReductionEntryOfNonCurrentAssetsTextBlock_label" xlink:arcrole="http://www.xbrl.org/2003/arcrole/concept-label" order="1" />
    <link:labelArc xlink:type="arc" xlink:from="jpcrp030000-asr_E04502-000_NotesRegardingAmountsOfReductionEntryOfNonCurrentAssetsTextBlock" xlink:to="jpcrp030000-asr_E04502-000_NotesRegardingAmountsOfReductionEntryOfNonCurrentAssetsTextBlock_label_1" xlink:arcrole="http://www.xbrl.org/2003/arcrole/concept-label" order="1" />
    <link:labelArc xlink:type="arc" xlink:from="jpcrp030000-asr_E04502-000_NotesRegardingCurrentPortionOfNoncurrentLiabilitiesTextBlock" xlink:to="jpcrp030000-asr_E04502-000_NotesRegardingCurrentPortionOfNoncurrentLiabilitiesTextBlock_label" xlink:arcrole="http://www.xbrl.org/2003/arcrole/concept-label" order="1" />
    <link:labelArc xlink:type="arc" xlink:from="jpcrp030000-asr_E04502-000_NotesRegardingCurrentPortionOfNoncurrentLiabilitiesTextBlock" xlink:to="jpcrp030000-asr_E04502-000_NotesRegardingCurrentPortionOfNoncurrentLiabilitiesTextBlock_label_1" xlink:arcrole="http://www.xbrl.org/2003/arcrole/concept-label" order="1" />
    <link:labelArc xlink:type="arc" xlink:from="jpcrp030000-asr_E04502-000_NotesRegardingIncidentalBusinessFacilitiesInStatementOfIncomeTextBlock" xlink:to="jpcrp030000-asr_E04502-000_NotesRegardingIncidentalBusinessFacilitiesInStatementOfIncomeTextBlock_label_1" xlink:arcrole="http://www.xbrl.org/2003/arcrole/concept-label" order="1" />
    <link:labelArc xlink:type="arc" xlink:from="jpcrp030000-asr_E04502-000_NotesRegardingIncidentalBusinessFacilitiesInStatementOfIncomeTextBlock" xlink:to="jpcrp030000-asr_E04502-000_NotesRegardingIncidentalBusinessFacilitiesInStatementOfIncomeTextBlock_label" xlink:arcrole="http://www.xbrl.org/2003/arcrole/concept-label" order="1" />
    <link:labelArc xlink:type="arc" xlink:from="jpcrp030000-asr_E04502-000_NotesRegardingLoansPayableToDevelopmentBankOfJapanIncTextBlock" xlink:to="jpcrp030000-asr_E04502-000_NotesRegardingLoansPayableToDevelopmentBankOfJapanIncTextBlock_label" xlink:arcrole="http://www.xbrl.org/2003/arcrole/concept-label" order="1" />
    <link:labelArc xlink:type="arc" xlink:from="jpcrp030000-asr_E04502-000_NotesRegardingLoansPayableToDevelopmentBankOfJapanIncTextBlock" xlink:to="jpcrp030000-asr_E04502-000_NotesRegardingLoansPayableToDevelopmentBankOfJapanIncTextBlock_label_1" xlink:arcrole="http://www.xbrl.org/2003/arcrole/concept-label" order="1" />
    <link:labelArc xlink:type="arc" xlink:from="jpcrp030000-asr_E04502-000_NotesRegardingProvisionOfAllowanceIncludedInOperatingExpensesTextBlock" xlink:to="jpcrp030000-asr_E04502-000_NotesRegardingProvisionOfAllowanceIncludedInOperatingExpensesTextBlock_label" xlink:arcrole="http://www.xbrl.org/2003/arcrole/concept-label" order="1" />
    <link:labelArc xlink:type="arc" xlink:from="jpcrp030000-asr_E04502-000_NotesRegardingProvisionOfAllowanceIncludedInOperatingExpensesTextBlock" xlink:to="jpcrp030000-asr_E04502-000_NotesRegardingProvisionOfAllowanceIncludedInOperatingExpensesTextBlock_label_1" xlink:arcrole="http://www.xbrl.org/2003/arcrole/concept-label" order="1" />
    <link:labelArc xlink:type="arc" xlink:from="jpcrp030000-asr_E04502-000_NotesRegardingResearchAndDevelopmentCostsIncludedInOperatingExpensesTextBlock" xlink:to="jpcrp030000-asr_E04502-000_NotesRegardingResearchAndDevelopmentCostsIncludedInOperatingExpensesTextBlock_label" xlink:arcrole="http://www.xbrl.org/2003/arcrole/concept-label" order="1" />
    <link:labelArc xlink:type="arc" xlink:from="jpcrp030000-asr_E04502-000_NotesRegardingResearchAndDevelopmentCostsIncludedInOperatingExpensesTextBlock" xlink:to="jpcrp030000-asr_E04502-000_NotesRegardingResearchAndDevelopmentCostsIncludedInOperatingExpensesTextBlock_label_1" xlink:arcrole="http://www.xbrl.org/2003/arcrole/concept-label" order="1" />
    <link:labelArc xlink:type="arc" xlink:from="jpcrp030000-asr_E04502-000_OperatingRevenueOverseasEnergy" xlink:to="jpcrp030000-asr_E04502-000_OperatingRevenueOverseasEnergy_label" xlink:arcrole="http://www.xbrl.org/2003/arcrole/concept-label" order="1" />
    <link:labelArc xlink:type="arc" xlink:from="jpcrp030000-asr_E04502-000_OperatingRevenueOverseasEnergy" xlink:to="jpcrp030000-asr_E04502-000_OperatingRevenueOverseasEnergy_label_1" xlink:arcrole="http://www.xbrl.org/2003/arcrole/concept-label" order="1" />
    <link:labelArc xlink:type="arc" xlink:from="jpcrp030000-asr_E04502-000_OperatingRevenueRegionalServiceIncidentalBusinessOperatingRevenue" xlink:to="jpcrp030000-asr_E04502-000_OperatingRevenueRegionalServiceIncidentalBusinessOperatingRevenue_label" xlink:arcrole="http://www.xbrl.org/2003/arcrole/concept-label" order="1" />
    <link:labelArc xlink:type="arc" xlink:from="jpcrp030000-asr_E04502-000_OperatingRevenueRegionalServiceIncidentalBusinessOperatingRevenue" xlink:to="jpcrp030000-asr_E04502-000_OperatingRevenueRegionalServiceIncidentalBusinessOperatingRevenue_label_1" xlink:arcrole="http://www.xbrl.org/2003/arcrole/concept-label" order="1" />
    <link:labelArc xlink:type="arc" xlink:from="jpcrp030000-asr_E04502-000_OtherElectricUtilityOparatingExpensesSGA" xlink:to="jpcrp030000-asr_E04502-000_OtherElectricUtilityOparatingExpensesSGA_label" xlink:arcrole="http://www.xbrl.org/2003/arcrole/concept-label" order="1" />
    <link:labelArc xlink:type="arc" xlink:from="jpcrp030000-asr_E04502-000_OtherElectricUtilityOparatingExpensesSGA" xlink:to="jpcrp030000-asr_E04502-000_OtherElectricUtilityOparatingExpensesSGA_label_1" xlink:arcrole="http://www.xbrl.org/2003/arcrole/concept-label" order="1" />
    <link:labelArc xlink:type="arc" xlink:from="jpcrp030000-asr_E04502-000_OtherElectricUtilityOperatingExpenses" xlink:to="jpcrp030000-asr_E04502-000_OtherElectricUtilityOperatingExpenses_label" xlink:arcrole="http://www.xbrl.org/2003/arcrole/concept-label" order="1" />
    <link:labelArc xlink:type="arc" xlink:from="jpcrp030000-asr_E04502-000_OtherElectricUtilityOperatingExpenses" xlink:to="jpcrp030000-asr_E04502-000_OtherElectricUtilityOperatingExpenses_label_1" xlink:arcrole="http://www.xbrl.org/2003/arcrole/concept-label" order="1" />
    <link:labelArc xlink:type="arc" xlink:from="jpcrp030000-asr_E04502-000_PaymentsRelatedToAntiMonopolyActOpeCF" xlink:to="jpcrp030000-asr_E04502-000_PaymentsRelatedToAntiMonopolyActOpeCF_label_1" xlink:arcrole="http://www.xbrl.org/2003/arcrole/concept-label" order="1" />
    <link:labelArc xlink:type="arc" xlink:from="jpcrp030000-asr_E04502-000_PaymentsRelatedToAntiMonopolyActOpeCF" xlink:to="jpcrp030000-asr_E04502-000_PaymentsRelatedToAntiMonopolyActOpeCF_label" xlink:arcrole="http://www.xbrl.org/2003/arcrole/concept-label" order="1" />
    <link:labelArc xlink:type="arc" xlink:from="jpcrp030000-asr_E04502-000_PerformanceLinkedBonusesPerformanceLinkedRemunerationEtcByCategoryOfDirectorsAndOtherOfficers" xlink:to="jpcrp030000-asr_E04502-000_PerformanceLinkedBonusesPerformanceLinkedRemunerationEtcByCategoryOfDirectorsAndOtherOfficers_label" xlink:arcrole="http://www.xbrl.org/2003/arcrole/concept-label" order="1" />
    <link:labelArc xlink:type="arc" xlink:from="jpcrp030000-asr_E04502-000_PerformanceLinkedBonusesPerformanceLinkedRemunerationEtcByCategoryOfDirectorsAndOtherOfficers" xlink:to="jpcrp030000-asr_E04502-000_PerformanceLinkedBonusesPerformanceLinkedRemunerationEtcByCategoryOfDirectorsAndOtherOfficers_label_1" xlink:arcrole="http://www.xbrl.org/2003/arcrole/concept-label" order="1" />
    <link:labelArc xlink:type="arc" xlink:from="jpcrp030000-asr_E04502-000_PowergridReportableSegmentMember" xlink:to="jpcrp030000-asr_E04502-000_PowergridReportableSegmentMember_label" xlink:arcrole="http://www.xbrl.org/2003/arcrole/concept-label" order="1" />
    <link:labelArc xlink:type="arc" xlink:from="jpcrp030000-asr_E04502-000_PowergridReportableSegmentMember" xlink:to="jpcrp030000-asr_E04502-000_PowergridReportableSegmentMember_label_1" xlink:arcrole="http://www.xbrl.org/2003/arcrole/concept-label" order="1" />
    <link:labelArc xlink:type="arc" xlink:from="jpcrp030000-asr_E04502-000_PowerPurchaseExpensesPaidToOtherSuppliersElectricUtilityOperatingExpenses" xlink:to="jpcrp030000-asr_E04502-000_PowerPurchaseExpensesPaidToOtherSuppliersElectricUtilityOperatingExpenses_label" xlink:arcrole="http://www.xbrl.org/2003/arcrole/concept-label" order="1" />
    <link:labelArc xlink:type="arc" xlink:from="jpcrp030000-asr_E04502-000_PowerPurchaseExpensesPaidToOtherSuppliersElectricUtilityOperatingExpenses" xlink:to="jpcrp030000-asr_E04502-000_PowerPurchaseExpensesPaidToOtherSuppliersElectricUtilityOperatingExpenses_label_1" xlink:arcrole="http://www.xbrl.org/2003/arcrole/concept-label" order="1" />
    <link:labelArc xlink:type="arc" xlink:from="jpcrp030000-asr_E04502-000_PowerPurchaseExpensesPaidToOtherSuppliersElectricUtilityOperatingExpensesSGA" xlink:to="jpcrp030000-asr_E04502-000_PowerPurchaseExpensesPaidToOtherSuppliersElectricUtilityOperatingExpensesSGA_label" xlink:arcrole="http://www.xbrl.org/2003/arcrole/concept-label" order="1" />
    <link:labelArc xlink:type="arc" xlink:from="jpcrp030000-asr_E04502-000_PowerPurchaseExpensesPaidToOtherSuppliersElectricUtilityOperatingExpensesSGA" xlink:to="jpcrp030000-asr_E04502-000_PowerPurchaseExpensesPaidToOtherSuppliersElectricUtilityOperatingExpensesSGA_label_1" xlink:arcrole="http://www.xbrl.org/2003/arcrole/concept-label" order="1" />
    <link:labelArc xlink:type="arc" xlink:from="jpcrp030000-asr_E04502-000_ProvisionForLossInConjunctionWithDiscontinuedOperationsOfNuclearPowerPlantsNCLELE" xlink:to="jpcrp030000-asr_E04502-000_ProvisionForLossInConjunctionWithDiscontinuedOperationsOfNuclearPowerPlantsNCLELE_label" xlink:arcrole="http://www.xbrl.org/2003/arcrole/concept-label" order="1" />
    <link:labelArc xlink:type="arc" xlink:from="jpcrp030000-asr_E04502-000_ProvisionForLossInConjunctionWithDiscontinuedOperationsOfNuclearPowerPlantsNCLELE" xlink:to="jpcrp030000-asr_E04502-000_ProvisionForLossInConjunctionWithDiscontinuedOperationsOfNuclearPowerPlantsNCLELE_label_1" xlink:arcrole="http://www.xbrl.org/2003/arcrole/concept-label" order="1" />
    <link:labelArc xlink:type="arc" xlink:from="jpcrp030000-asr_E04502-000_ProvisionForLossInConjunctionWithDiscontinuedOperationsOfNuclearPowerPlantsNCLELE" xlink:to="jpcrp030000-asr_E04502-000_ProvisionForLossInConjunctionWithDiscontinuedOperationsOfNuclearPowerPlantsNCLELE_label_2" xlink:arcrole="http://www.xbrl.org/2003/arcrole/concept-label" order="1" />
    <link:labelArc xlink:type="arc" xlink:from="jpcrp030000-asr_E04502-000_ReferenceToOtherInformation2MetricsAndTargets" xlink:to="jpcrp030000-asr_E04502-000_ReferenceToOtherInformation2MetricsAndTargets_label" xlink:arcrole="http://www.xbrl.org/2003/arcrole/concept-label" order="1" />
    <link:labelArc xlink:type="arc" xlink:from="jpcrp030000-asr_E04502-000_ReferenceToOtherInformation2MetricsAndTargets" xlink:to="jpcrp030000-asr_E04502-000_ReferenceToOtherInformation2MetricsAndTargets_label_1" xlink:arcrole="http://www.xbrl.org/2003/arcrole/concept-label" order="1" />
    <link:labelArc xlink:type="arc" xlink:from="jpcrp030000-asr_E04502-000_ReferenceToOtherInformation2RiskManagement" xlink:to="jpcrp030000-asr_E04502-000_ReferenceToOtherInformation2RiskManagement_label_1" xlink:arcrole="http://www.xbrl.org/2003/arcrole/concept-label" order="1" />
    <link:labelArc xlink:type="arc" xlink:from="jpcrp030000-asr_E04502-000_ReferenceToOtherInformation2RiskManagement" xlink:to="jpcrp030000-asr_E04502-000_ReferenceToOtherInformation2RiskManagement_label" xlink:arcrole="http://www.xbrl.org/2003/arcrole/concept-label" order="1" />
    <link:labelArc xlink:type="arc" xlink:from="jpcrp030000-asr_E04502-000_RenewablePowerProductionAndRelatedExpensesElectricUtilityOperatingExpenses" xlink:to="jpcrp030000-asr_E04502-000_RenewablePowerProductionAndRelatedExpensesElectricUtilityOperatingExpenses_label" xlink:arcrole="http://www.xbrl.org/2003/arcrole/concept-label" order="1" />
    <link:labelArc xlink:type="arc" xlink:from="jpcrp030000-asr_E04502-000_RenewablePowerProductionAndRelatedExpensesElectricUtilityOperatingExpenses" xlink:to="jpcrp030000-asr_E04502-000_RenewablePowerProductionAndRelatedExpensesElectricUtilityOperatingExpenses_label_1" xlink:arcrole="http://www.xbrl.org/2003/arcrole/concept-label" order="1" />
    <link:labelArc xlink:type="arc" xlink:from="jpcrp030000-asr_E04502-000_RenewablePowerProductionAndRelatedFacilitiesElectricUtilityPlantAndEquipment" xlink:to="jpcrp030000-asr_E04502-000_RenewablePowerProductionAndRelatedFacilitiesElectricUtilityPlantAndEquipment_label" xlink:arcrole="http://www.xbrl.org/2003/arcrole/concept-label" order="1" />
    <link:labelArc xlink:type="arc" xlink:from="jpcrp030000-asr_E04502-000_RenewablePowerProductionAndRelatedFacilitiesElectricUtilityPlantAndEquipment" xlink:to="jpcrp030000-asr_E04502-000_RenewablePowerProductionAndRelatedFacilitiesElectricUtilityPlantAndEquipment_label_1" xlink:arcrole="http://www.xbrl.org/2003/arcrole/concept-label" order="1" />
    <link:labelArc xlink:type="arc" xlink:from="jpcrp030000-asr_E04502-000_RetirementBenefitExpensesElectricUtilityOparatingExpensesSGA" xlink:to="jpcrp030000-asr_E04502-000_RetirementBenefitExpensesElectricUtilityOparatingExpensesSGA_label" xlink:arcrole="http://www.xbrl.org/2003/arcrole/concept-label" order="1" />
    <link:labelArc xlink:type="arc" xlink:from="jpcrp030000-asr_E04502-000_RetirementBenefitExpensesElectricUtilityOparatingExpensesSGA" xlink:to="jpcrp030000-asr_E04502-000_RetirementBenefitExpensesElectricUtilityOparatingExpensesSGA_label_1" xlink:arcrole="http://www.xbrl.org/2003/arcrole/concept-label" order="1" />
    <link:labelArc xlink:type="arc" xlink:from="jpcrp030000-asr_E04502-000_RetirementBenefitExpensesElectricUtilityOperatingExpenses" xlink:to="jpcrp030000-asr_E04502-000_RetirementBenefitExpensesElectricUtilityOperatingExpenses_label" xlink:arcrole="http://www.xbrl.org/2003/arcrole/concept-label" order="1" />
    <link:labelArc xlink:type="arc" xlink:from="jpcrp030000-asr_E04502-000_RetirementBenefitExpensesElectricUtilityOperatingExpenses" xlink:to="jpcrp030000-asr_E04502-000_RetirementBenefitExpensesElectricUtilityOperatingExpenses_label_1" xlink:arcrole="http://www.xbrl.org/2003/arcrole/concept-label" order="1" />
    <link:labelArc xlink:type="arc" xlink:from="jpcrp030000-asr_E04502-000_RevenueEquivalentToContributionForNuclearDamageCompensation" xlink:to="jpcrp030000-asr_E04502-000_RevenueEquivalentToContributionForNuclearDamageCompensation_label" xlink:arcrole="http://www.xbrl.org/2003/arcrole/concept-label" order="1" />
    <link:labelArc xlink:type="arc" xlink:from="jpcrp030000-asr_E04502-000_RevenueEquivalentToContributionForNuclearDamageCompensation" xlink:to="jpcrp030000-asr_E04502-000_RevenueEquivalentToContributionForNuclearDamageCompensation_label_1" xlink:arcrole="http://www.xbrl.org/2003/arcrole/concept-label" order="1" />
    <link:labelArc xlink:type="arc" xlink:from="jpcrp030000-asr_E04502-000_SalariesAndAllowancesElectricUtilityOparatingExpensesSGA" xlink:to="jpcrp030000-asr_E04502-000_SalariesAndAllowancesElectricUtilityOparatingExpensesSGA_label" xlink:arcrole="http://www.xbrl.org/2003/arcrole/concept-label" order="1" />
    <link:labelArc xlink:type="arc" xlink:from="jpcrp030000-asr_E04502-000_SalariesAndAllowancesElectricUtilityOparatingExpensesSGA" xlink:to="jpcrp030000-asr_E04502-000_SalariesAndAllowancesElectricUtilityOparatingExpensesSGA_label_1" xlink:arcrole="http://www.xbrl.org/2003/arcrole/concept-label" order="1" />
    <link:labelArc xlink:type="arc" xlink:from="jpcrp030000-asr_E04502-000_SalariesAndAllowancesElectricUtilityOperatingExpenses" xlink:to="jpcrp030000-asr_E04502-000_SalariesAndAllowancesElectricUtilityOperatingExpenses_label_1" xlink:arcrole="http://www.xbrl.org/2003/arcrole/concept-label" order="1" />
    <link:labelArc xlink:type="arc" xlink:from="jpcrp030000-asr_E04502-000_SalariesAndAllowancesElectricUtilityOperatingExpenses" xlink:to="jpcrp030000-asr_E04502-000_SalariesAndAllowancesElectricUtilityOperatingExpenses_label" xlink:arcrole="http://www.xbrl.org/2003/arcrole/concept-label" order="1" />
    <link:labelArc xlink:type="arc" xlink:from="jpcrp030000-asr_E04502-000_SawayanagiTomoyukiMember" xlink:to="jpcrp030000-asr_E04502-000_SawayanagiTomoyukiMember_label" xlink:arcrole="http://www.xbrl.org/2003/arcrole/concept-label" order="1" />
    <link:labelArc xlink:type="arc" xlink:from="jpcrp030000-asr_E04502-000_SawayanagiTomoyukiMember" xlink:to="jpcrp030000-asr_E04502-000_SawayanagiTomoyukiMember_label_1" xlink:arcrole="http://www.xbrl.org/2003/arcrole/concept-label" order="1" />
    <link:labelArc xlink:type="arc" xlink:from="jpcrp030000-asr_E04502-000_SellingGeneralAndAdministrativeExpensesElectricUtilityOperatingExpenses" xlink:to="jpcrp030000-asr_E04502-000_SellingGeneralAndAdministrativeExpensesElectricUtilityOperatingExpenses_label" xlink:arcrole="http://www.xbrl.org/2003/arcrole/concept-label" order="1" />
    <link:labelArc xlink:type="arc" xlink:from="jpcrp030000-asr_E04502-000_SellingGeneralAndAdministrativeExpensesElectricUtilityOperatingExpenses" xlink:to="jpcrp030000-asr_E04502-000_SellingGeneralAndAdministrativeExpensesElectricUtilityOperatingExpenses_label_1" xlink:arcrole="http://www.xbrl.org/2003/arcrole/concept-label" order="1" />
    <link:labelArc xlink:type="arc" xlink:from="jpcrp030000-asr_E04502-000_ShimaoTadashiMember" xlink:to="jpcrp030000-asr_E04502-000_ShimaoTadashiMember_label" xlink:arcrole="http://www.xbrl.org/2003/arcrole/concept-label" order="1" />
    <link:labelArc xlink:type="arc" xlink:from="jpcrp030000-asr_E04502-000_ShimaoTadashiMember" xlink:to="jpcrp030000-asr_E04502-000_ShimaoTadashiMember_label_1" xlink:arcrole="http://www.xbrl.org/2003/arcrole/concept-label" order="1" />
    <link:labelArc xlink:type="arc" xlink:from="jpcrp030000-asr_E04502-000_StrategyInitiativesToRealizeADecarbonizedSocietyTextBlock" xlink:to="jpcrp030000-asr_E04502-000_StrategyInitiativesToRealizeADecarbonizedSocietyTextBlock_label" xlink:arcrole="http://www.xbrl.org/2003/arcrole/concept-label" order="1" />
    <link:labelArc xlink:type="arc" xlink:from="jpcrp030000-asr_E04502-000_StrategyInitiativesToRealizeADecarbonizedSocietyTextBlock" xlink:to="jpcrp030000-asr_E04502-000_StrategyInitiativesToRealizeADecarbonizedSocietyTextBlock_label_1" xlink:arcrole="http://www.xbrl.org/2003/arcrole/concept-label" order="1" />
    <link:labelArc xlink:type="arc" xlink:from="jpcrp030000-asr_E04502-000_SubtotalElectricUtilityOperatingExpenses" xlink:to="jpcrp030000-asr_E04502-000_SubtotalElectricUtilityOperatingExpenses_label" xlink:arcrole="http://www.xbrl.org/2003/arcrole/concept-label" order="1" />
    <link:labelArc xlink:type="arc" xlink:from="jpcrp030000-asr_E04502-000_SubtotalElectricUtilityOperatingExpenses" xlink:to="jpcrp030000-asr_E04502-000_SubtotalElectricUtilityOperatingExpenses_label_1" xlink:arcrole="http://www.xbrl.org/2003/arcrole/concept-label" order="1" />
    <link:labelArc xlink:type="arc" xlink:from="jpcrp030000-asr_E04502-000_WorkingExpensesOverseasEnergy" xlink:to="jpcrp030000-asr_E04502-000_WorkingExpensesOverseasEnergy_label" xlink:arcrole="http://www.xbrl.org/2003/arcrole/concept-label" order="1" />
    <link:labelArc xlink:type="arc" xlink:from="jpcrp030000-asr_E04502-000_WorkingExpensesOverseasEnergy" xlink:to="jpcrp030000-asr_E04502-000_WorkingExpensesOverseasEnergy_label_1" xlink:arcrole="http://www.xbrl.org/2003/arcrole/concept-label" order="1" />
    <link:labelArc xlink:type="arc" xlink:from="jpcrp030000-asr_E04502-000_WorkingExpensesRegionalServiceIncidentalBusinessOperatingExpenses" xlink:to="jpcrp030000-asr_E04502-000_WorkingExpensesRegionalServiceIncidentalBusinessOperatingExpenses_label" xlink:arcrole="http://www.xbrl.org/2003/arcrole/concept-label" order="1" />
    <link:labelArc xlink:type="arc" xlink:from="jpcrp030000-asr_E04502-000_WorkingExpensesRegionalServiceIncidentalBusinessOperatingExpenses" xlink:to="jpcrp030000-asr_E04502-000_WorkingExpensesRegionalServiceIncidentalBusinessOperatingExpenses_label_1" xlink:arcrole="http://www.xbrl.org/2003/arcrole/concept-label" order="1" />
    <link:labelArc xlink:type="arc" xlink:from="jpcrp030000-asr_E04502-000_YamagataMitsumasaMember" xlink:to="jpcrp030000-asr_E04502-000_YamagataMitsumasaMember_label" xlink:arcrole="http://www.xbrl.org/2003/arcrole/concept-label" order="1" />
    <link:labelArc xlink:type="arc" xlink:from="jpcrp030000-asr_E04502-000_YamagataMitsumasaMember" xlink:to="jpcrp030000-asr_E04502-000_YamagataMitsumasaMember_label_1" xlink:arcrole="http://www.xbrl.org/2003/arcrole/concept-label" order="1" />
  </link:labelLink>
</link:linkbase>