<?xml version="1.0" encoding="utf-8"?>
<!-- Generated by PRONEXUS WORKS -->
<link:linkbase xmlns:link="http://www.xbrl.org/2003/linkbase" xmlns:xsi="http://www.w3.org/2001/XMLSchema-instance" xmlns:xbrli="http://www.xbrl.org/2003/instance" xmlns:xlink="http://www.w3.org/1999/xlink">
  <link:labelLink xlink:type="extended" xlink:role="http://www.xbrl.org/2003/role/link">
    <link:loc xlink:type="locator" xlink:href="jpcrp030000-asr-001_E04498-000_2020-03-31_01_2020-06-26.xsd#jpcrp030000-asr_E04498-000_IncreaseDecreaseInProvisionForPreparationOfRemovalOfReactorCoresInSpecifiedNuclearPowerFacilitiesOpeCFELE" xlink:label="IncreaseDecreaseInProvisionForPreparationOfRemovalOfReactorCoresInSpecifiedNuclearPowerFacilitiesOpeCFELE" />
    <link:loc xlink:type="locator" xlink:href="jpcrp030000-asr-001_E04498-000_2020-03-31_01_2020-06-26.xsd#jpcrp030000-asr_E04498-000_IncreaseDecreaseInReserveFundForNuclearReactorDecommissioningOpeCFELE" xlink:label="IncreaseDecreaseInReserveFundForNuclearReactorDecommissioningOpeCFELE" />
    <link:loc xlink:type="locator" xlink:href="jpcrp030000-asr-001_E04498-000_2020-03-31_01_2020-06-26.xsd#jpcrp030000-asr_E04498-000_GrantsInAidFromNuclearDamageLiabilityAndNuclearReactorDecommissionFacilitationFundOpeCF" xlink:label="GrantsInAidFromNuclearDamageLiabilityAndNuclearReactorDecommissionFacilitationFundOpeCF" />
    <link:loc xlink:type="locator" xlink:href="jpcrp030000-asr-001_E04498-000_2020-03-31_01_2020-06-26.xsd#jpcrp030000-asr_E04498-000_CompensationForNuclearPowerRelatedDamagesOpeCFELE" xlink:label="CompensationForNuclearPowerRelatedDamagesOpeCFELE" />
    <link:loc xlink:type="locator" xlink:href="jpcrp030000-asr-001_E04498-000_2020-03-31_01_2020-06-26.xsd#jpcrp030000-asr_E04498-000_PaymentsForExtraordinaryLossOnTheTohokuChihouTaiheiyouOkiEarthquakeOpeCF" xlink:label="PaymentsForExtraordinaryLossOnTheTohokuChihouTaiheiyouOkiEarthquakeOpeCF" />
    <link:loc xlink:type="locator" xlink:href="jpcrp030000-asr-001_E04498-000_2020-03-31_01_2020-06-26.xsd#jpcrp030000-asr_E04498-000_GrantsInAidFromNuclearDamageLiabilityAndNuclearReactorDecommissionFacilitationFundReceivedOpeCF" xlink:label="GrantsInAidFromNuclearDamageLiabilityAndNuclearReactorDecommissionFacilitationFundReceivedOpeCF" />
    <link:loc xlink:type="locator" xlink:href="jpcrp030000-asr-001_E04498-000_2020-03-31_01_2020-06-26.xsd#jpcrp030000-asr_E04498-000_CompensationForNuclearPowerRelatedDamagesPaidOpeCFELE" xlink:label="CompensationForNuclearPowerRelatedDamagesPaidOpeCFELE" />
    <link:loc xlink:type="locator" xlink:href="jpcrp030000-asr-001_E04498-000_2020-03-31_01_2020-06-26.xsd#jpcrp030000-asr_E04498-000_ContributionReceivedForNuclearReactorDecommissionORElectricELE" xlink:label="ContributionReceivedForNuclearReactorDecommissionORElectricELE" />
    <link:loc xlink:type="locator" xlink:href="jpcrp030000-asr-001_E04498-000_2020-03-31_01_2020-06-26.xsd#jpcrp030000-asr_E04498-000_OperatingExpensesSharedOfficeBusinessOEIncidentalELE" xlink:label="OperatingExpensesSharedOfficeBusinessOEIncidentalELE" />
    <link:loc xlink:type="locator" xlink:href="jpcrp030000-asr-001_E04498-000_2020-03-31_01_2020-06-26.xsd#jpcrp030000-asr_E04498-000_ExtraordinaryLossOnDisasterEL" xlink:label="ExtraordinaryLossOnDisasterEL" />
    <link:loc xlink:type="locator" xlink:href="jpcrp030000-asr-001_E04498-000_2020-03-31_01_2020-06-26.xsd#jpcrp030000-asr_E04498-000_CompensationForNuclearPowerRelatedDamagesELELE" xlink:label="CompensationForNuclearPowerRelatedDamagesELELE" />
    <link:loc xlink:type="locator" xlink:href="jpcrp030000-asr-001_E04498-000_2020-03-31_01_2020-06-26.xsd#jpcrp030000-asr_E04498-000_ReserveFundForNuclearReactorDecommissioningIOAELE" xlink:label="ReserveFundForNuclearReactorDecommissioningIOAELE" />
    <link:loc xlink:type="locator" xlink:href="jpcrp030000-asr-001_E04498-000_2020-03-31_01_2020-06-26.xsd#jpcrp030000-asr_E04498-000_ProvisionForPreparationOfRemovalOfReactorCoresInSpecifiedNuclearPowerFacilitiesNCLELE" xlink:label="ProvisionForPreparationOfRemovalOfReactorCoresInSpecifiedNuclearPowerFacilitiesNCLELE" />
    <link:loc xlink:type="locator" xlink:href="jpcrp030000-asr-001_E04498-000_2020-03-31_01_2020-06-26.xsd#jpcrp030000-asr_E04498-000_ProvisionForRemovalOfReactorCoresInSpecifiedNuclearPowerFacilitiesNCLELE" xlink:label="ProvisionForRemovalOfReactorCoresInSpecifiedNuclearPowerFacilitiesNCLELE" />
    <link:loc xlink:type="locator" xlink:href="jpcrp030000-asr-001_E04498-000_2020-03-31_01_2020-06-26.xsd#jpcrp030000-asr_E04498-000_ProvisionForCompensationForNuclearPowerRelatedDamagesNCLELE" xlink:label="ProvisionForCompensationForNuclearPowerRelatedDamagesNCLELE" />
    <link:loc xlink:type="locator" xlink:href="jpcrp030000-asr-001_E04498-000_2020-03-31_01_2020-06-26.xsd#jpcrp030000-asr_E04498-000_HidekoKuniiMember" xlink:label="HidekoKuniiMember" />
    <link:loc xlink:type="locator" xlink:href="jpcrp030000-asr-001_E04498-000_2020-03-31_01_2020-06-26.xsd#jpcrp030000-asr_E04498-000_ShoeiUtsudaMember" xlink:label="ShoeiUtsudaMember" />
    <link:loc xlink:type="locator" xlink:href="jpcrp030000-asr-001_E04498-000_2020-03-31_01_2020-06-26.xsd#jpcrp030000-asr_E04498-000_HideoTakauraMember" xlink:label="HideoTakauraMember" />
    <link:loc xlink:type="locator" xlink:href="jpcrp030000-asr-001_E04498-000_2020-03-31_01_2020-06-26.xsd#jpcrp030000-asr_E04498-000_JunjiAnnenMember" xlink:label="JunjiAnnenMember" />
    <link:loc xlink:type="locator" xlink:href="jpcrp030000-asr-001_E04498-000_2020-03-31_01_2020-06-26.xsd#jpcrp030000-asr_E04498-000_TomoakiKobayakawaMember" xlink:label="TomoakiKobayakawaMember" />
    <link:loc xlink:type="locator" xlink:href="jpcrp030000-asr-001_E04498-000_2020-03-31_01_2020-06-26.xsd#jpcrp030000-asr_E04498-000_SeiichiFubasamiMember" xlink:label="SeiichiFubasamiMember" />
    <link:loc xlink:type="locator" xlink:href="jpcrp030000-asr-001_E04498-000_2020-03-31_01_2020-06-26.xsd#jpcrp030000-asr_E04498-000_SeijiMoriyaMember" xlink:label="SeijiMoriyaMember" />
    <link:loc xlink:type="locator" xlink:href="jpcrp030000-asr-001_E04498-000_2020-03-31_01_2020-06-26.xsd#jpcrp030000-asr_E04498-000_NobuhideAkimotoMember" xlink:label="NobuhideAkimotoMember" />
    <link:loc xlink:type="locator" xlink:href="jpcrp030000-asr-001_E04498-000_2020-03-31_01_2020-06-26.xsd#jpcrp030000-asr_E04498-000_ShigenoriMakinoMember" xlink:label="ShigenoriMakinoMember" />
    <link:loc xlink:type="locator" xlink:href="jpcrp030000-asr-001_E04498-000_2020-03-31_01_2020-06-26.xsd#jpcrp030000-asr_E04498-000_YoshihitoMorishitaMember" xlink:label="YoshihitoMorishitaMember" />
    <link:loc xlink:type="locator" xlink:href="jpcrp030000-asr-001_E04498-000_2020-03-31_01_2020-06-26.xsd#jpcrp030000-asr_E04498-000_MitsushiSaikiMember" xlink:label="MitsushiSaikiMember" />
    <link:loc xlink:type="locator" xlink:href="jpcrp030000-asr-001_E04498-000_2020-03-31_01_2020-06-26.xsd#jpcrp030000-asr_E04498-000_TomomichiSekiMember" xlink:label="TomomichiSekiMember" />
    <link:loc xlink:type="locator" xlink:href="jpcrp030000-asr-001_E04498-000_2020-03-31_01_2020-06-26.xsd#jpcrp030000-asr_E04498-000_RyutaroYamamotoMember" xlink:label="RyutaroYamamotoMember" />
    <link:loc xlink:type="locator" xlink:href="jpcrp030000-asr-001_E04498-000_2020-03-31_01_2020-06-26.xsd#jpcrp030000-asr_E04498-000_RikuoOhtsukiMember" xlink:label="RikuoOhtsukiMember" />
    <link:loc xlink:type="locator" xlink:href="jpcrp030000-asr-001_E04498-000_2020-03-31_01_2020-06-26.xsd#jpcrp030000-asr_E04498-000_MasashiNagasawaMember" xlink:label="MasashiNagasawaMember" />
    <link:loc xlink:type="locator" xlink:href="jpcrp030000-asr-001_E04498-000_2020-03-31_01_2020-06-26.xsd#jpcrp030000-asr_E04498-000_AkiraOnoMember" xlink:label="AkiraOnoMember" />
    <link:loc xlink:type="locator" xlink:href="jpcrp030000-asr-001_E04498-000_2020-03-31_01_2020-06-26.xsd#jpcrp030000-asr_E04498-000_MakotoOkuraMember" xlink:label="MakotoOkuraMember" />
    <link:loc xlink:type="locator" xlink:href="jpcrp030000-asr-001_E04498-000_2020-03-31_01_2020-06-26.xsd#jpcrp030000-asr_E04498-000_MasayaKittaMember" xlink:label="MasayaKittaMember" />
    <link:loc xlink:type="locator" xlink:href="jpcrp030000-asr-001_E04498-000_2020-03-31_01_2020-06-26.xsd#jpcrp030000-asr_E04498-000_IsseiSouMember" xlink:label="IsseiSouMember" />
    <link:loc xlink:type="locator" xlink:href="jpcrp030000-asr-001_E04498-000_2020-03-31_01_2020-06-26.xsd#jpcrp030000-asr_E04498-000_ClassBPreferredSharesSharesWithNoVotingRightsMember" xlink:label="ClassBPreferredSharesSharesWithNoVotingRightsMember" />
    <link:loc xlink:type="locator" xlink:href="jpcrp030000-asr-001_E04498-000_2020-03-31_01_2020-06-26.xsd#jpcrp030000-asr_E04498-000_ClassAPreferredSharesSharesWithNoVotingRightsMember" xlink:label="ClassAPreferredSharesSharesWithNoVotingRightsMember" />
    <link:loc xlink:type="locator" xlink:href="jpcrp030000-asr-001_E04498-000_2020-03-31_01_2020-06-26.xsd#jpcrp030000-asr_E04498-000_HoldingsReportableSegmentsMember" xlink:label="HoldingsReportableSegmentsMember" />
    <link:loc xlink:type="locator" xlink:href="jpcrp030000-asr-001_E04498-000_2020-03-31_01_2020-06-26.xsd#jpcrp030000-asr_E04498-000_FuelAndPowerCompanyReportableSegmentsMember" xlink:label="FuelAndPowerCompanyReportableSegmentsMember" />
    <link:loc xlink:type="locator" xlink:href="jpcrp030000-asr-001_E04498-000_2020-03-31_01_2020-06-26.xsd#jpcrp030000-asr_E04498-000_PowerGridCompanyReportableSegmentsMember" xlink:label="PowerGridCompanyReportableSegmentsMember" />
    <link:loc xlink:type="locator" xlink:href="jpcrp030000-asr-001_E04498-000_2020-03-31_01_2020-06-26.xsd#jpcrp030000-asr_E04498-000_EnergyPartnerCompanyReportableSegmentsMember" xlink:label="EnergyPartnerCompanyReportableSegmentsMember" />
    <link:loc xlink:type="locator" xlink:href="jpcrp030000-asr-001_E04498-000_2020-03-31_01_2020-06-26.xsd#jpcrp030000-asr_E04498-000_AccountingPolicyForSpentFuelReprocessingSuchAsContributionsCostsTextBlock" xlink:label="AccountingPolicyForSpentFuelReprocessingSuchAsContributionsCostsTextBlock" />
    <link:loc xlink:type="locator" xlink:href="jpcrp030000-asr-001_E04498-000_2020-03-31_01_2020-06-26.xsd#jpcrp030000-asr_E04498-000_AccountingPolicyForDecommissioningCostsOfNuclearPowerUnitsTextBlock" xlink:label="AccountingPolicyForDecommissioningCostsOfNuclearPowerUnitsTextBlock" />
    <link:loc xlink:type="locator" xlink:href="jpcrp030000-asr-001_E04498-000_2020-03-31_01_2020-06-26.xsd#jpcrp030000-asr_E04498-000_DividendIncome" xlink:label="DividendIncome" />
    <link:loc xlink:type="locator" xlink:href="jpcrp030000-asr-001_E04498-000_2020-03-31_01_2020-06-26.xsd#jpcrp030000-asr_E04498-000_EmployeesRetirementBenefitExpensesSGAELE" xlink:label="EmployeesRetirementBenefitExpensesSGAELE" />
    <link:loc xlink:type="locator" xlink:href="jpcrp030000-asr-001_E04498-000_2020-03-31_01_2020-06-26.xsd#jpcrp030000-asr_E04498-000_ProvisionsForReservesTextBlock" xlink:label="ProvisionsForReservesTextBlock" />
    <link:loc xlink:type="locator" xlink:href="jpcrp030000-asr-001_E04498-000_2020-03-31_01_2020-06-26.xsd#jpcrp030000-asr_E04498-000_NotesRegardingCompensationForNuclearPowerRelatedDamagesAndGrantsInAidFromNuclearDamageLiabilityFacilitationFund" xlink:label="NotesRegardingCompensationForNuclearPowerRelatedDamagesAndGrantsInAidFromNuclearDamageLiabilityFacilitationFund" />
    <link:loc xlink:type="locator" xlink:href="jpcrp030000-asr-001_E04498-000_2020-03-31_01_2020-06-26.xsd#jpcrp030000-asr_E04498-000_NotesRegardingLossOnDisasterTextBlock" xlink:label="NotesRegardingLossOnDisasterTextBlock" />
    <link:loc xlink:type="locator" xlink:href="jpcrp030000-asr-001_E04498-000_2020-03-31_01_2020-06-26.xsd#jpcrp030000-asr_E04498-000_NotesRegardingFinancialCovenantsTextBlock" xlink:label="NotesRegardingFinancialCovenantsTextBlock" />
    <link:loc xlink:type="locator" xlink:href="jpcrp030000-asr-001_E04498-000_2020-03-31_01_2020-06-26.xsd#jpcrp030000-asr_E04498-000_NotesRegardingCurrentPortionOfNonCurrentLiabilitiesTextBlock" xlink:label="NotesRegardingCurrentPortionOfNonCurrentLiabilitiesTextBlock" />
    <link:loc xlink:type="locator" xlink:href="jpcrp030000-asr-001_E04498-000_2020-03-31_01_2020-06-26.xsd#jpcrp030000-asr_E04498-000_NotesRegardingAccruedTaxesTextBlock" xlink:label="NotesRegardingAccruedTaxesTextBlock" />
    <link:loc xlink:type="locator" xlink:href="jpcrp030000-asr-001_E04498-000_2020-03-31_01_2020-06-26.xsd#jpcrp030000-asr_E04498-000_NotesRegardingAmountOfNonCurrentAssetsInIncidentalBusinessTextBlock" xlink:label="NotesRegardingAmountOfNonCurrentAssetsInIncidentalBusinessTextBlock" />
    <link:loc xlink:type="locator" xlink:href="jpcrp030000-asr-001_E04498-000_2020-03-31_01_2020-06-26.xsd#jpcrp030000-asr_E04498-000_TotalNumberOfIssuedSharesSummaryOfBusinessResultsAbstract" xlink:label="TotalNumberOfIssuedSharesSummaryOfBusinessResultsAbstract" />
    <link:loc xlink:type="locator" xlink:href="jpcrp030000-asr-001_E04498-000_2020-03-31_01_2020-06-26.xsd#jpcrp030000-asr_E04498-000_PreferredStockClassATotalNumberOfIssuedSharesSummaryOfBusinessResult" xlink:label="PreferredStockClassATotalNumberOfIssuedSharesSummaryOfBusinessResult" />
    <link:loc xlink:type="locator" xlink:href="jpcrp030000-asr-001_E04498-000_2020-03-31_01_2020-06-26.xsd#jpcrp030000-asr_E04498-000_PreferredStockClassBTotalNumberOfIssuedSharesSummaryOfBusinessResults" xlink:label="PreferredStockClassBTotalNumberOfIssuedSharesSummaryOfBusinessResults" />
    <link:loc xlink:type="locator" xlink:href="jpcrp030000-asr-001_E04498-000_2020-03-31_01_2020-06-26.xsd#jpcrp030000-asr_E04498-000_DividendPaidPerShareSummaryOfBusinessResultsAbstract" xlink:label="DividendPaidPerShareSummaryOfBusinessResultsAbstract" />
    <link:loc xlink:type="locator" xlink:href="jpcrp030000-asr-001_E04498-000_2020-03-31_01_2020-06-26.xsd#jpcrp030000-asr_E04498-000_PreferredStockClassADividendPaidPerShareSummaryOfBusinessResults" xlink:label="PreferredStockClassADividendPaidPerShareSummaryOfBusinessResults" />
    <link:loc xlink:type="locator" xlink:href="jpcrp030000-asr-001_E04498-000_2020-03-31_01_2020-06-26.xsd#jpcrp030000-asr_E04498-000_PreferredStockClassBDividendPaidPerShareSummaryOfBusinessResults" xlink:label="PreferredStockClassBDividendPaidPerShareSummaryOfBusinessResults" />
    <link:loc xlink:type="locator" xlink:href="jpcrp030000-asr-001_E04498-000_2020-03-31_01_2020-06-26.xsd#jpcrp030000-asr_E04498-000_InterimDividendPaidPerShareSummaryOfBusinessResultsAbstract" xlink:label="InterimDividendPaidPerShareSummaryOfBusinessResultsAbstract" />
    <link:loc xlink:type="locator" xlink:href="jpcrp030000-asr-001_E04498-000_2020-03-31_01_2020-06-26.xsd#jpcrp030000-asr_E04498-000_PreferredStockClassAInterimDividendPaidPerShareSummaryOfBusinessResults" xlink:label="PreferredStockClassAInterimDividendPaidPerShareSummaryOfBusinessResults" />
    <link:loc xlink:type="locator" xlink:href="jpcrp030000-asr-001_E04498-000_2020-03-31_01_2020-06-26.xsd#jpcrp030000-asr_E04498-000_PreferredStockClassBInterimDividendPaidPerShareSummaryOfBusinessResults" xlink:label="PreferredStockClassBInterimDividendPaidPerShareSummaryOfBusinessResults" />
    <link:loc xlink:type="locator" xlink:href="jpcrp030000-asr-001_E04498-000_2020-03-31_01_2020-06-26.xsd#jpcrp030000-asr_E04498-000_GuaranteeCompanySubjectToOngoingDisclosureTextBlock" xlink:label="GuaranteeCompanySubjectToOngoingDisclosureTextBlock" />
    <link:loc xlink:type="locator" xlink:href="jpcrp030000-asr-001_E04498-000_2020-03-31_01_2020-06-26.xsd#jpcrp030000-asr_E04498-000_LossOnDecommissioningOfTEPCOFukushimaDainiNuclearPowerStationEL" xlink:label="LossOnDecommissioningOfTEPCOFukushimaDainiNuclearPowerStationEL" />
    <link:loc xlink:type="locator" xlink:href="jpcrp030000-asr-001_E04498-000_2020-03-31_01_2020-06-26.xsd#jpcrp030000-asr_E04498-000_GainOnReversalOfProvisionForLossOnDisasterOpeCF" xlink:label="GainOnReversalOfProvisionForLossOnDisasterOpeCF" />
    <link:loc xlink:type="locator" xlink:href="jpcrp030000-asr-001_E04498-000_2020-03-31_01_2020-06-26.xsd#jpcrp030000-asr_E04498-000_LossOnDecommissioningOfTEPCOFukushimaDainiNuclearPowerStationOpeCF" xlink:label="LossOnDecommissioningOfTEPCOFukushimaDainiNuclearPowerStationOpeCF" />
    <link:loc xlink:type="locator" xlink:href="jpcrp030000-asr-001_E04498-000_2020-03-31_01_2020-06-26.xsd#jpcrp030000-asr_E04498-000_DecreaseInCashAndCashEquivalentsDueToChangeInScopeOfConsolidation" xlink:label="DecreaseInCashAndCashEquivalentsDueToChangeInScopeOfConsolidation" />
    <link:loc xlink:type="locator" xlink:href="jpcrp030000-asr-001_E04498-000_2020-03-31_01_2020-06-26.xsd#jpcrp030000-asr_E04498-000_OperatingRevenueSharedOfficeBusinessOEIncidentalELE" xlink:label="OperatingRevenueSharedOfficeBusinessOEIncidentalELE" />
    <link:loc xlink:type="locator" xlink:href="jpcrp030000-asr-001_E04498-000_2020-03-31_01_2020-06-26.xsd#jpcrp030000-asr_E04498-000_NotesRegardingLossOnDecommissioningOfTEPCOFukushimaDainiNuclearPowerStationAndGainOnReversalOfProvisionForLossOnDisasterTextBlock" xlink:label="NotesRegardingLossOnDecommissioningOfTEPCOFukushimaDainiNuclearPowerStationAndGainOnReversalOfProvisionForLossOnDisasterTextBlock" />
    <link:loc xlink:type="locator" xlink:href="jpcrp030000-asr-001_E04498-000_2020-03-31_01_2020-06-26.xsd#jpcrp030000-asr_E04498-000_MomokoNagasakiMember" xlink:label="MomokoNagasakiMember" />
    <link:loc xlink:type="locator" xlink:href="jpcrp030000-asr-001_E04498-000_2020-03-31_01_2020-06-26.xsd#jpcrp030000-asr_E04498-000_LossOnDecommissioningOfTEPCOFukushimaDainiNuclearPowerStationSegmentInformation" xlink:label="LossOnDecommissioningOfTEPCOFukushimaDainiNuclearPowerStationSegmentInformation" />
    <link:loc xlink:type="locator" xlink:href="jpcrp030000-asr-001_E04498-000_2020-03-31_01_2020-06-26.xsd#jpcrp030000-asr_E04498-000_ShigehiroYoshinoMember" xlink:label="ShigehiroYoshinoMember" />
    <link:loc xlink:type="locator" xlink:href="jpcrp030000-asr-001_E04498-000_2020-03-31_01_2020-06-26.xsd#jpcrp030000-asr_E04498-000_ShoichiroOnishiMember" xlink:label="ShoichiroOnishiMember" />
    <link:loc xlink:type="locator" xlink:href="jpcrp030000-asr-001_E04498-000_2020-03-31_01_2020-06-26.xsd#jpcrp030000-asr_E04498-000_KotaroTanakaMember" xlink:label="KotaroTanakaMember" />
    <link:loc xlink:type="locator" xlink:href="jpcrp030000-asr-001_E04498-000_2020-03-31_01_2020-06-26.xsd#jpcrp030000-asr_E04498-000_ShigeoOhyagiMember" xlink:label="ShigeoOhyagiMember" />
    <link:label xlink:type="resource" xlink:label="label_NotesRegardingCurrentPortionOfNonCurrentLiabilitiesTextBlock" xml:lang="ja" xlink:role="http://www.xbrl.org/2003/role/label" id="label_NotesRegardingCurrentPortionOfNonCurrentLiabilitiesTextBlock">１年以内に期限到来の固定負債に関する注記</link:label>
    <link:labelArc xlink:type="arc" xlink:arcrole="http://www.xbrl.org/2003/arcrole/concept-label" xlink:from="NotesRegardingCurrentPortionOfNonCurrentLiabilitiesTextBlock" xlink:to="label_NotesRegardingCurrentPortionOfNonCurrentLiabilitiesTextBlock" />
    <link:label xlink:type="resource" xlink:label="label_NotesRegardingCurrentPortionOfNonCurrentLiabilitiesTextBlock_2" xml:lang="ja" xlink:role="http://www.xbrl.org/2003/role/verboseLabel" id="label_NotesRegardingCurrentPortionOfNonCurrentLiabilitiesTextBlock_2">１年以内に期限到来の固定負債に関する注記 [テキストブロック]</link:label>
    <link:labelArc xlink:type="arc" xlink:arcrole="http://www.xbrl.org/2003/arcrole/concept-label" xlink:from="NotesRegardingCurrentPortionOfNonCurrentLiabilitiesTextBlock" xlink:to="label_NotesRegardingCurrentPortionOfNonCurrentLiabilitiesTextBlock_2" />
    <link:label xlink:type="resource" xlink:label="label_NotesRegardingAccruedTaxesTextBlock" xml:lang="ja" xlink:role="http://www.xbrl.org/2003/role/label" id="label_NotesRegardingAccruedTaxesTextBlock">未払税金に関する注記</link:label>
    <link:labelArc xlink:type="arc" xlink:arcrole="http://www.xbrl.org/2003/arcrole/concept-label" xlink:from="NotesRegardingAccruedTaxesTextBlock" xlink:to="label_NotesRegardingAccruedTaxesTextBlock" />
    <link:label xlink:type="resource" xlink:label="label_NotesRegardingAccruedTaxesTextBlock_2" xml:lang="ja" xlink:role="http://www.xbrl.org/2003/role/verboseLabel" id="label_NotesRegardingAccruedTaxesTextBlock_2">未払税金に関する注記 [テキストブロック]</link:label>
    <link:labelArc xlink:type="arc" xlink:arcrole="http://www.xbrl.org/2003/arcrole/concept-label" xlink:from="NotesRegardingAccruedTaxesTextBlock" xlink:to="label_NotesRegardingAccruedTaxesTextBlock_2" />
    <link:label xlink:type="resource" xlink:label="label_NotesRegardingAmountOfNonCurrentAssetsInIncidentalBusinessTextBlock" xml:lang="ja" xlink:role="http://www.xbrl.org/2003/role/label" id="label_NotesRegardingAmountOfNonCurrentAssetsInIncidentalBusinessTextBlock">附帯事業に係る固定資産の金額に関する注記</link:label>
    <link:labelArc xlink:type="arc" xlink:arcrole="http://www.xbrl.org/2003/arcrole/concept-label" xlink:from="NotesRegardingAmountOfNonCurrentAssetsInIncidentalBusinessTextBlock" xlink:to="label_NotesRegardingAmountOfNonCurrentAssetsInIncidentalBusinessTextBlock" />
    <link:label xlink:type="resource" xlink:label="label_NotesRegardingAmountOfNonCurrentAssetsInIncidentalBusinessTextBlock_2" xml:lang="ja" xlink:role="http://www.xbrl.org/2003/role/verboseLabel" id="label_NotesRegardingAmountOfNonCurrentAssetsInIncidentalBusinessTextBlock_2">附帯事業に係る固定資産の金額に関する注記 [テキストブロック]</link:label>
    <link:labelArc xlink:type="arc" xlink:arcrole="http://www.xbrl.org/2003/arcrole/concept-label" xlink:from="NotesRegardingAmountOfNonCurrentAssetsInIncidentalBusinessTextBlock" xlink:to="label_NotesRegardingAmountOfNonCurrentAssetsInIncidentalBusinessTextBlock_2" />
    <link:label xlink:type="resource" xlink:label="label_ClassBPreferredSharesSharesWithNoVotingRightsMember" xml:lang="ja" xlink:role="http://www.xbrl.org/2003/role/verboseLabel" id="label_ClassBPreferredSharesSharesWithNoVotingRightsMember">Ｂ種優先株式、無議決権株式 [メンバー]</link:label>
    <link:labelArc xlink:type="arc" xlink:arcrole="http://www.xbrl.org/2003/arcrole/concept-label" xlink:from="ClassBPreferredSharesSharesWithNoVotingRightsMember" xlink:to="label_ClassBPreferredSharesSharesWithNoVotingRightsMember" />
    <link:label xlink:type="resource" xlink:label="label_ClassBPreferredSharesSharesWithNoVotingRightsMember_2" xml:lang="ja" xlink:role="http://www.xbrl.org/2003/role/label" id="label_ClassBPreferredSharesSharesWithNoVotingRightsMember_2">Ｂ種優先株式</link:label>
    <link:labelArc xlink:type="arc" xlink:arcrole="http://www.xbrl.org/2003/arcrole/concept-label" xlink:from="ClassBPreferredSharesSharesWithNoVotingRightsMember" xlink:to="label_ClassBPreferredSharesSharesWithNoVotingRightsMember_2" />
    <link:label xlink:type="resource" xlink:label="label_ClassAPreferredSharesSharesWithNoVotingRightsMember" xml:lang="ja" xlink:role="http://www.xbrl.org/2003/role/verboseLabel" id="label_ClassAPreferredSharesSharesWithNoVotingRightsMember">Ａ種優先株式、無議決権株式 [メンバー]</link:label>
    <link:labelArc xlink:type="arc" xlink:arcrole="http://www.xbrl.org/2003/arcrole/concept-label" xlink:from="ClassAPreferredSharesSharesWithNoVotingRightsMember" xlink:to="label_ClassAPreferredSharesSharesWithNoVotingRightsMember" />
    <link:label xlink:type="resource" xlink:label="label_ClassAPreferredSharesSharesWithNoVotingRightsMember_2" xml:lang="ja" xlink:role="http://www.xbrl.org/2003/role/label" id="label_ClassAPreferredSharesSharesWithNoVotingRightsMember_2">Ａ種優先株式</link:label>
    <link:labelArc xlink:type="arc" xlink:arcrole="http://www.xbrl.org/2003/arcrole/concept-label" xlink:from="ClassAPreferredSharesSharesWithNoVotingRightsMember" xlink:to="label_ClassAPreferredSharesSharesWithNoVotingRightsMember_2" />
    <link:label xlink:type="resource" xlink:label="label_NotesRegardingFinancialCovenantsTextBlock" xml:lang="ja" xlink:role="http://www.xbrl.org/2003/role/label" id="label_NotesRegardingFinancialCovenantsTextBlock">財務制限条項に関する注記</link:label>
    <link:labelArc xlink:type="arc" xlink:arcrole="http://www.xbrl.org/2003/arcrole/concept-label" xlink:from="NotesRegardingFinancialCovenantsTextBlock" xlink:to="label_NotesRegardingFinancialCovenantsTextBlock" />
    <link:label xlink:type="resource" xlink:label="label_NotesRegardingFinancialCovenantsTextBlock_2" xml:lang="ja" xlink:role="http://www.xbrl.org/2003/role/verboseLabel" id="label_NotesRegardingFinancialCovenantsTextBlock_2">財務制限条項に関する注記 [テキストブロック]</link:label>
    <link:labelArc xlink:type="arc" xlink:arcrole="http://www.xbrl.org/2003/arcrole/concept-label" xlink:from="NotesRegardingFinancialCovenantsTextBlock" xlink:to="label_NotesRegardingFinancialCovenantsTextBlock_2" />
    <link:label xlink:type="resource" xlink:label="label_TotalNumberOfIssuedSharesSummaryOfBusinessResultsAbstract" xml:lang="ja" xlink:role="http://www.xbrl.org/2003/role/label" id="label_TotalNumberOfIssuedSharesSummaryOfBusinessResultsAbstract">発行済株式総数</link:label>
    <link:labelArc xlink:type="arc" xlink:arcrole="http://www.xbrl.org/2003/arcrole/concept-label" xlink:from="TotalNumberOfIssuedSharesSummaryOfBusinessResultsAbstract" xlink:to="label_TotalNumberOfIssuedSharesSummaryOfBusinessResultsAbstract" />
    <link:label xlink:type="resource" xlink:label="label_TotalNumberOfIssuedSharesSummaryOfBusinessResultsAbstract_2" xml:lang="ja" xlink:role="http://www.xbrl.org/2003/role/verboseLabel" id="label_TotalNumberOfIssuedSharesSummaryOfBusinessResultsAbstract_2">発行済株式総数、経営指標等 [タイトル項目]</link:label>
    <link:labelArc xlink:type="arc" xlink:arcrole="http://www.xbrl.org/2003/arcrole/concept-label" xlink:from="TotalNumberOfIssuedSharesSummaryOfBusinessResultsAbstract" xlink:to="label_TotalNumberOfIssuedSharesSummaryOfBusinessResultsAbstract_2" />
    <link:label xlink:type="resource" xlink:label="label_PreferredStockClassATotalNumberOfIssuedSharesSummaryOfBusinessResult" xml:lang="ja" xlink:role="http://www.xbrl.org/2003/role/label" id="label_PreferredStockClassATotalNumberOfIssuedSharesSummaryOfBusinessResult">Ａ種優先株式</link:label>
    <link:labelArc xlink:type="arc" xlink:arcrole="http://www.xbrl.org/2003/arcrole/concept-label" xlink:from="PreferredStockClassATotalNumberOfIssuedSharesSummaryOfBusinessResult" xlink:to="label_PreferredStockClassATotalNumberOfIssuedSharesSummaryOfBusinessResult" />
    <link:label xlink:type="resource" xlink:label="label_PreferredStockClassATotalNumberOfIssuedSharesSummaryOfBusinessResult_2" xml:lang="ja" xlink:role="http://www.xbrl.org/2003/role/verboseLabel" id="label_PreferredStockClassATotalNumberOfIssuedSharesSummaryOfBusinessResult_2">Ａ種優先株式、発行済株式総数、経営指標等</link:label>
    <link:labelArc xlink:type="arc" xlink:arcrole="http://www.xbrl.org/2003/arcrole/concept-label" xlink:from="PreferredStockClassATotalNumberOfIssuedSharesSummaryOfBusinessResult" xlink:to="label_PreferredStockClassATotalNumberOfIssuedSharesSummaryOfBusinessResult_2" />
    <link:label xlink:type="resource" xlink:label="label_PreferredStockClassBTotalNumberOfIssuedSharesSummaryOfBusinessResults" xml:lang="ja" xlink:role="http://www.xbrl.org/2003/role/label" id="label_PreferredStockClassBTotalNumberOfIssuedSharesSummaryOfBusinessResults">Ｂ種優先株式</link:label>
    <link:labelArc xlink:type="arc" xlink:arcrole="http://www.xbrl.org/2003/arcrole/concept-label" xlink:from="PreferredStockClassBTotalNumberOfIssuedSharesSummaryOfBusinessResults" xlink:to="label_PreferredStockClassBTotalNumberOfIssuedSharesSummaryOfBusinessResults" />
    <link:label xlink:type="resource" xlink:label="label_PreferredStockClassBTotalNumberOfIssuedSharesSummaryOfBusinessResults_2" xml:lang="ja" xlink:role="http://www.xbrl.org/2003/role/verboseLabel" id="label_PreferredStockClassBTotalNumberOfIssuedSharesSummaryOfBusinessResults_2">Ｂ種優先株式、発行済株式総数、経営指標等</link:label>
    <link:labelArc xlink:type="arc" xlink:arcrole="http://www.xbrl.org/2003/arcrole/concept-label" xlink:from="PreferredStockClassBTotalNumberOfIssuedSharesSummaryOfBusinessResults" xlink:to="label_PreferredStockClassBTotalNumberOfIssuedSharesSummaryOfBusinessResults_2" />
    <link:label xlink:type="resource" xlink:label="label_DividendPaidPerShareSummaryOfBusinessResultsAbstract" xml:lang="ja" xlink:role="http://www.xbrl.org/2003/role/label" id="label_DividendPaidPerShareSummaryOfBusinessResultsAbstract">１株当たり配当額</link:label>
    <link:labelArc xlink:type="arc" xlink:arcrole="http://www.xbrl.org/2003/arcrole/concept-label" xlink:from="DividendPaidPerShareSummaryOfBusinessResultsAbstract" xlink:to="label_DividendPaidPerShareSummaryOfBusinessResultsAbstract" />
    <link:label xlink:type="resource" xlink:label="label_DividendPaidPerShareSummaryOfBusinessResultsAbstract_2" xml:lang="ja" xlink:role="http://www.xbrl.org/2003/role/verboseLabel" id="label_DividendPaidPerShareSummaryOfBusinessResultsAbstract_2">１株当たり配当額、経営指標等 [タイトル項目]</link:label>
    <link:labelArc xlink:type="arc" xlink:arcrole="http://www.xbrl.org/2003/arcrole/concept-label" xlink:from="DividendPaidPerShareSummaryOfBusinessResultsAbstract" xlink:to="label_DividendPaidPerShareSummaryOfBusinessResultsAbstract_2" />
    <link:label xlink:type="resource" xlink:label="label_PreferredStockClassADividendPaidPerShareSummaryOfBusinessResults" xml:lang="ja" xlink:role="http://www.xbrl.org/2003/role/label" id="label_PreferredStockClassADividendPaidPerShareSummaryOfBusinessResults">Ａ種優先株式</link:label>
    <link:labelArc xlink:type="arc" xlink:arcrole="http://www.xbrl.org/2003/arcrole/concept-label" xlink:from="PreferredStockClassADividendPaidPerShareSummaryOfBusinessResults" xlink:to="label_PreferredStockClassADividendPaidPerShareSummaryOfBusinessResults" />
    <link:label xlink:type="resource" xlink:label="label_PreferredStockClassADividendPaidPerShareSummaryOfBusinessResults_2" xml:lang="ja" xlink:role="http://www.xbrl.org/2003/role/verboseLabel" id="label_PreferredStockClassADividendPaidPerShareSummaryOfBusinessResults_2">Ａ種優先株式、１株当たり配当額、経営指標等</link:label>
    <link:labelArc xlink:type="arc" xlink:arcrole="http://www.xbrl.org/2003/arcrole/concept-label" xlink:from="PreferredStockClassADividendPaidPerShareSummaryOfBusinessResults" xlink:to="label_PreferredStockClassADividendPaidPerShareSummaryOfBusinessResults_2" />
    <link:label xlink:type="resource" xlink:label="label_PreferredStockClassBDividendPaidPerShareSummaryOfBusinessResults" xml:lang="ja" xlink:role="http://www.xbrl.org/2003/role/label" id="label_PreferredStockClassBDividendPaidPerShareSummaryOfBusinessResults">Ｂ種優先株式</link:label>
    <link:labelArc xlink:type="arc" xlink:arcrole="http://www.xbrl.org/2003/arcrole/concept-label" xlink:from="PreferredStockClassBDividendPaidPerShareSummaryOfBusinessResults" xlink:to="label_PreferredStockClassBDividendPaidPerShareSummaryOfBusinessResults" />
    <link:label xlink:type="resource" xlink:label="label_PreferredStockClassBDividendPaidPerShareSummaryOfBusinessResults_2" xml:lang="ja" xlink:role="http://www.xbrl.org/2003/role/verboseLabel" id="label_PreferredStockClassBDividendPaidPerShareSummaryOfBusinessResults_2">Ｂ種優先株式、１株当たり配当額、経営指標等</link:label>
    <link:labelArc xlink:type="arc" xlink:arcrole="http://www.xbrl.org/2003/arcrole/concept-label" xlink:from="PreferredStockClassBDividendPaidPerShareSummaryOfBusinessResults" xlink:to="label_PreferredStockClassBDividendPaidPerShareSummaryOfBusinessResults_2" />
    <link:label xlink:type="resource" xlink:label="label_InterimDividendPaidPerShareSummaryOfBusinessResultsAbstract" xml:lang="ja" xlink:role="http://www.xbrl.org/2003/role/label" id="label_InterimDividendPaidPerShareSummaryOfBusinessResultsAbstract">１株当たり中間配当額</link:label>
    <link:labelArc xlink:type="arc" xlink:arcrole="http://www.xbrl.org/2003/arcrole/concept-label" xlink:from="InterimDividendPaidPerShareSummaryOfBusinessResultsAbstract" xlink:to="label_InterimDividendPaidPerShareSummaryOfBusinessResultsAbstract" />
    <link:label xlink:type="resource" xlink:label="label_InterimDividendPaidPerShareSummaryOfBusinessResultsAbstract_2" xml:lang="ja" xlink:role="http://www.xbrl.org/2003/role/verboseLabel" id="label_InterimDividendPaidPerShareSummaryOfBusinessResultsAbstract_2">１株当たり中間配当額、経営指標等 [タイトル項目]</link:label>
    <link:labelArc xlink:type="arc" xlink:arcrole="http://www.xbrl.org/2003/arcrole/concept-label" xlink:from="InterimDividendPaidPerShareSummaryOfBusinessResultsAbstract" xlink:to="label_InterimDividendPaidPerShareSummaryOfBusinessResultsAbstract_2" />
    <link:label xlink:type="resource" xlink:label="label_PreferredStockClassAInterimDividendPaidPerShareSummaryOfBusinessResults" xml:lang="ja" xlink:role="http://www.xbrl.org/2003/role/label" id="label_PreferredStockClassAInterimDividendPaidPerShareSummaryOfBusinessResults">Ａ種優先株式</link:label>
    <link:labelArc xlink:type="arc" xlink:arcrole="http://www.xbrl.org/2003/arcrole/concept-label" xlink:from="PreferredStockClassAInterimDividendPaidPerShareSummaryOfBusinessResults" xlink:to="label_PreferredStockClassAInterimDividendPaidPerShareSummaryOfBusinessResults" />
    <link:label xlink:type="resource" xlink:label="label_PreferredStockClassAInterimDividendPaidPerShareSummaryOfBusinessResults_2" xml:lang="ja" xlink:role="http://www.xbrl.org/2003/role/verboseLabel" id="label_PreferredStockClassAInterimDividendPaidPerShareSummaryOfBusinessResults_2">Ａ種優先株式、１株当たり中間配当額、経営指標等</link:label>
    <link:labelArc xlink:type="arc" xlink:arcrole="http://www.xbrl.org/2003/arcrole/concept-label" xlink:from="PreferredStockClassAInterimDividendPaidPerShareSummaryOfBusinessResults" xlink:to="label_PreferredStockClassAInterimDividendPaidPerShareSummaryOfBusinessResults_2" />
    <link:label xlink:type="resource" xlink:label="label_PreferredStockClassBInterimDividendPaidPerShareSummaryOfBusinessResults" xml:lang="ja" xlink:role="http://www.xbrl.org/2003/role/label" id="label_PreferredStockClassBInterimDividendPaidPerShareSummaryOfBusinessResults">Ｂ種優先株式</link:label>
    <link:labelArc xlink:type="arc" xlink:arcrole="http://www.xbrl.org/2003/arcrole/concept-label" xlink:from="PreferredStockClassBInterimDividendPaidPerShareSummaryOfBusinessResults" xlink:to="label_PreferredStockClassBInterimDividendPaidPerShareSummaryOfBusinessResults" />
    <link:label xlink:type="resource" xlink:label="label_PreferredStockClassBInterimDividendPaidPerShareSummaryOfBusinessResults_2" xml:lang="ja" xlink:role="http://www.xbrl.org/2003/role/verboseLabel" id="label_PreferredStockClassBInterimDividendPaidPerShareSummaryOfBusinessResults_2">Ｂ種優先株式、１株当たり中間配当額、経営指標等</link:label>
    <link:labelArc xlink:type="arc" xlink:arcrole="http://www.xbrl.org/2003/arcrole/concept-label" xlink:from="PreferredStockClassBInterimDividendPaidPerShareSummaryOfBusinessResults" xlink:to="label_PreferredStockClassBInterimDividendPaidPerShareSummaryOfBusinessResults_2" />
    <link:label xlink:type="resource" xlink:label="label_AccountingPolicyForSpentFuelReprocessingSuchAsContributionsCostsTextBlock" xml:lang="ja" xlink:role="http://www.xbrl.org/2003/role/label" id="label_AccountingPolicyForSpentFuelReprocessingSuchAsContributionsCostsTextBlock">使用済燃料再処理等拠出金費の計上方法</link:label>
    <link:labelArc xlink:type="arc" xlink:arcrole="http://www.xbrl.org/2003/arcrole/concept-label" xlink:from="AccountingPolicyForSpentFuelReprocessingSuchAsContributionsCostsTextBlock" xlink:to="label_AccountingPolicyForSpentFuelReprocessingSuchAsContributionsCostsTextBlock" />
    <link:label xlink:type="resource" xlink:label="label_AccountingPolicyForSpentFuelReprocessingSuchAsContributionsCostsTextBlock_2" xml:lang="ja" xlink:role="http://www.xbrl.org/2003/role/verboseLabel" id="label_AccountingPolicyForSpentFuelReprocessingSuchAsContributionsCostsTextBlock_2">使用済燃料再処理等拠出金費の計上方法 [テキストブロック]</link:label>
    <link:labelArc xlink:type="arc" xlink:arcrole="http://www.xbrl.org/2003/arcrole/concept-label" xlink:from="AccountingPolicyForSpentFuelReprocessingSuchAsContributionsCostsTextBlock" xlink:to="label_AccountingPolicyForSpentFuelReprocessingSuchAsContributionsCostsTextBlock_2" />
    <link:label xlink:type="resource" xlink:label="label_AccountingPolicyForDecommissioningCostsOfNuclearPowerUnitsTextBlock" xml:lang="ja" xlink:role="http://www.xbrl.org/2003/role/label" id="label_AccountingPolicyForDecommissioningCostsOfNuclearPowerUnitsTextBlock">原子力発電施設解体費の計上方法</link:label>
    <link:labelArc xlink:type="arc" xlink:arcrole="http://www.xbrl.org/2003/arcrole/concept-label" xlink:from="AccountingPolicyForDecommissioningCostsOfNuclearPowerUnitsTextBlock" xlink:to="label_AccountingPolicyForDecommissioningCostsOfNuclearPowerUnitsTextBlock" />
    <link:label xlink:type="resource" xlink:label="label_AccountingPolicyForDecommissioningCostsOfNuclearPowerUnitsTextBlock_2" xml:lang="ja" xlink:role="http://www.xbrl.org/2003/role/verboseLabel" id="label_AccountingPolicyForDecommissioningCostsOfNuclearPowerUnitsTextBlock_2">原子力発電施設解体費の計上方法 [テキストブロック]</link:label>
    <link:labelArc xlink:type="arc" xlink:arcrole="http://www.xbrl.org/2003/arcrole/concept-label" xlink:from="AccountingPolicyForDecommissioningCostsOfNuclearPowerUnitsTextBlock" xlink:to="label_AccountingPolicyForDecommissioningCostsOfNuclearPowerUnitsTextBlock_2" />
    <link:label xlink:type="resource" xlink:label="label_GuaranteeCompanySubjectToOngoingDisclosureTextBlock" xml:lang="ja" xlink:role="http://www.xbrl.org/2003/role/label" id="label_GuaranteeCompanySubjectToOngoingDisclosureTextBlock">継続開示会社たる保証会社</link:label>
    <link:labelArc xlink:type="arc" xlink:arcrole="http://www.xbrl.org/2003/arcrole/concept-label" xlink:from="GuaranteeCompanySubjectToOngoingDisclosureTextBlock" xlink:to="label_GuaranteeCompanySubjectToOngoingDisclosureTextBlock" />
    <link:label xlink:type="resource" xlink:label="label_GuaranteeCompanySubjectToOngoingDisclosureTextBlock_2" xml:lang="ja" xlink:role="http://www.xbrl.org/2003/role/verboseLabel" id="label_GuaranteeCompanySubjectToOngoingDisclosureTextBlock_2">継続開示会社たる保証会社 [テキストブロック]</link:label>
    <link:labelArc xlink:type="arc" xlink:arcrole="http://www.xbrl.org/2003/arcrole/concept-label" xlink:from="GuaranteeCompanySubjectToOngoingDisclosureTextBlock" xlink:to="label_GuaranteeCompanySubjectToOngoingDisclosureTextBlock_2" />
    <link:label xlink:type="resource" xlink:label="label_IncreaseDecreaseInProvisionForPreparationOfRemovalOfReactorCoresInSpecifiedNuclearPowerFacilitiesOpeCFELE" xml:lang="ja" xlink:role="http://www.xbrl.org/2003/role/label" id="label_IncreaseDecreaseInProvisionForPreparationOfRemovalOfReactorCoresInSpecifiedNuclearPowerFacilitiesOpeCFELE">特定原子力施設炉心等除去準備引当金の増減額（△は減少）</link:label>
    <link:labelArc xlink:type="arc" xlink:arcrole="http://www.xbrl.org/2003/arcrole/concept-label" xlink:from="IncreaseDecreaseInProvisionForPreparationOfRemovalOfReactorCoresInSpecifiedNuclearPowerFacilitiesOpeCFELE" xlink:to="label_IncreaseDecreaseInProvisionForPreparationOfRemovalOfReactorCoresInSpecifiedNuclearPowerFacilitiesOpeCFELE" />
    <link:label xlink:type="resource" xlink:label="label_IncreaseDecreaseInProvisionForPreparationOfRemovalOfReactorCoresInSpecifiedNuclearPowerFacilitiesOpeCFELE_2" xml:lang="ja" xlink:role="http://www.xbrl.org/2003/role/verboseLabel" id="label_IncreaseDecreaseInProvisionForPreparationOfRemovalOfReactorCoresInSpecifiedNuclearPowerFacilitiesOpeCFELE_2">特定原子力施設炉心等除去準備引当金の増減額（△は減少）、営業活動によるキャッシュ・フロー、電気事業</link:label>
    <link:labelArc xlink:type="arc" xlink:arcrole="http://www.xbrl.org/2003/arcrole/concept-label" xlink:from="IncreaseDecreaseInProvisionForPreparationOfRemovalOfReactorCoresInSpecifiedNuclearPowerFacilitiesOpeCFELE" xlink:to="label_IncreaseDecreaseInProvisionForPreparationOfRemovalOfReactorCoresInSpecifiedNuclearPowerFacilitiesOpeCFELE_2" />
    <link:label xlink:type="resource" xlink:label="label_IncreaseDecreaseInReserveFundForNuclearReactorDecommissioningOpeCFELE" xml:lang="ja" xlink:role="http://www.xbrl.org/2003/role/label" id="label_IncreaseDecreaseInReserveFundForNuclearReactorDecommissioningOpeCFELE">廃炉等積立金の増減額（△は増加）</link:label>
    <link:labelArc xlink:type="arc" xlink:arcrole="http://www.xbrl.org/2003/arcrole/concept-label" xlink:from="IncreaseDecreaseInReserveFundForNuclearReactorDecommissioningOpeCFELE" xlink:to="label_IncreaseDecreaseInReserveFundForNuclearReactorDecommissioningOpeCFELE" />
    <link:label xlink:type="resource" xlink:label="label_IncreaseDecreaseInReserveFundForNuclearReactorDecommissioningOpeCFELE_2" xml:lang="ja" xlink:role="http://www.xbrl.org/2003/role/verboseLabel" id="label_IncreaseDecreaseInReserveFundForNuclearReactorDecommissioningOpeCFELE_2">廃炉等積立金の増減額（△は減少）、営業活動によるキャッシュ・フロー、電気事業</link:label>
    <link:labelArc xlink:type="arc" xlink:arcrole="http://www.xbrl.org/2003/arcrole/concept-label" xlink:from="IncreaseDecreaseInReserveFundForNuclearReactorDecommissioningOpeCFELE" xlink:to="label_IncreaseDecreaseInReserveFundForNuclearReactorDecommissioningOpeCFELE_2" />
    <link:label xlink:type="resource" xlink:label="label_GrantsInAidFromNuclearDamageLiabilityAndNuclearReactorDecommissionFacilitationFundOpeCF" xml:lang="ja" xlink:role="http://www.xbrl.org/2003/role/label" id="label_GrantsInAidFromNuclearDamageLiabilityAndNuclearReactorDecommissionFacilitationFundOpeCF">原賠・廃炉等支援機構資金交付金</link:label>
    <link:labelArc xlink:type="arc" xlink:arcrole="http://www.xbrl.org/2003/arcrole/concept-label" xlink:from="GrantsInAidFromNuclearDamageLiabilityAndNuclearReactorDecommissionFacilitationFundOpeCF" xlink:to="label_GrantsInAidFromNuclearDamageLiabilityAndNuclearReactorDecommissionFacilitationFundOpeCF" />
    <link:label xlink:type="resource" xlink:label="label_GrantsInAidFromNuclearDamageLiabilityAndNuclearReactorDecommissionFacilitationFundOpeCF_2" xml:lang="ja" xlink:role="http://www.xbrl.org/2003/role/verboseLabel" id="label_GrantsInAidFromNuclearDamageLiabilityAndNuclearReactorDecommissionFacilitationFundOpeCF_2">原賠・廃炉等支援機構資金交付金、営業活動によるキャッシュ・フロー</link:label>
    <link:labelArc xlink:type="arc" xlink:arcrole="http://www.xbrl.org/2003/arcrole/concept-label" xlink:from="GrantsInAidFromNuclearDamageLiabilityAndNuclearReactorDecommissionFacilitationFundOpeCF" xlink:to="label_GrantsInAidFromNuclearDamageLiabilityAndNuclearReactorDecommissionFacilitationFundOpeCF_2" />
    <link:label xlink:type="resource" xlink:label="label_CompensationForNuclearPowerRelatedDamagesOpeCFELE" xml:lang="ja" xlink:role="http://www.xbrl.org/2003/role/label" id="label_CompensationForNuclearPowerRelatedDamagesOpeCFELE">原子力損害賠償費</link:label>
    <link:labelArc xlink:type="arc" xlink:arcrole="http://www.xbrl.org/2003/arcrole/concept-label" xlink:from="CompensationForNuclearPowerRelatedDamagesOpeCFELE" xlink:to="label_CompensationForNuclearPowerRelatedDamagesOpeCFELE" />
    <link:label xlink:type="resource" xlink:label="label_CompensationForNuclearPowerRelatedDamagesOpeCFELE_2" xml:lang="ja" xlink:role="http://www.xbrl.org/2003/role/verboseLabel" id="label_CompensationForNuclearPowerRelatedDamagesOpeCFELE_2">原子力損害賠償費、営業活動によるキャッシュ・フロー、電気事業</link:label>
    <link:labelArc xlink:type="arc" xlink:arcrole="http://www.xbrl.org/2003/arcrole/concept-label" xlink:from="CompensationForNuclearPowerRelatedDamagesOpeCFELE" xlink:to="label_CompensationForNuclearPowerRelatedDamagesOpeCFELE_2" />
    <link:label xlink:type="resource" xlink:label="label_PaymentsForExtraordinaryLossOnTheTohokuChihouTaiheiyouOkiEarthquakeOpeCF" xml:lang="ja" xlink:role="http://www.xbrl.org/2003/role/label" id="label_PaymentsForExtraordinaryLossOnTheTohokuChihouTaiheiyouOkiEarthquakeOpeCF">東北地方太平洋沖地震による災害特別損失の支払額</link:label>
    <link:labelArc xlink:type="arc" xlink:arcrole="http://www.xbrl.org/2003/arcrole/concept-label" xlink:from="PaymentsForExtraordinaryLossOnTheTohokuChihouTaiheiyouOkiEarthquakeOpeCF" xlink:to="label_PaymentsForExtraordinaryLossOnTheTohokuChihouTaiheiyouOkiEarthquakeOpeCF" />
    <link:label xlink:type="resource" xlink:label="label_PaymentsForExtraordinaryLossOnTheTohokuChihouTaiheiyouOkiEarthquakeOpeCF_2" xml:lang="ja" xlink:role="http://www.xbrl.org/2003/role/verboseLabel" id="label_PaymentsForExtraordinaryLossOnTheTohokuChihouTaiheiyouOkiEarthquakeOpeCF_2">東北地方太平洋沖地震による災害特別損失の支払額、営業活動によるキャッシュ・フロー</link:label>
    <link:labelArc xlink:type="arc" xlink:arcrole="http://www.xbrl.org/2003/arcrole/concept-label" xlink:from="PaymentsForExtraordinaryLossOnTheTohokuChihouTaiheiyouOkiEarthquakeOpeCF" xlink:to="label_PaymentsForExtraordinaryLossOnTheTohokuChihouTaiheiyouOkiEarthquakeOpeCF_2" />
    <link:label xlink:type="resource" xlink:label="label_GrantsInAidFromNuclearDamageLiabilityAndNuclearReactorDecommissionFacilitationFundReceivedOpeCF" xml:lang="ja" xlink:role="http://www.xbrl.org/2003/role/label" id="label_GrantsInAidFromNuclearDamageLiabilityAndNuclearReactorDecommissionFacilitationFundReceivedOpeCF">原賠・廃炉等支援機構資金交付金の受取額</link:label>
    <link:labelArc xlink:type="arc" xlink:arcrole="http://www.xbrl.org/2003/arcrole/concept-label" xlink:from="GrantsInAidFromNuclearDamageLiabilityAndNuclearReactorDecommissionFacilitationFundReceivedOpeCF" xlink:to="label_GrantsInAidFromNuclearDamageLiabilityAndNuclearReactorDecommissionFacilitationFundReceivedOpeCF" />
    <link:label xlink:type="resource" xlink:label="label_GrantsInAidFromNuclearDamageLiabilityAndNuclearReactorDecommissionFacilitationFundReceivedOpeCF_2" xml:lang="ja" xlink:role="http://www.xbrl.org/2003/role/verboseLabel" id="label_GrantsInAidFromNuclearDamageLiabilityAndNuclearReactorDecommissionFacilitationFundReceivedOpeCF_2">原賠・廃炉等支援機構資金交付金の受取額、営業活動によるキャッシュ・フロー</link:label>
    <link:labelArc xlink:type="arc" xlink:arcrole="http://www.xbrl.org/2003/arcrole/concept-label" xlink:from="GrantsInAidFromNuclearDamageLiabilityAndNuclearReactorDecommissionFacilitationFundReceivedOpeCF" xlink:to="label_GrantsInAidFromNuclearDamageLiabilityAndNuclearReactorDecommissionFacilitationFundReceivedOpeCF_2" />
    <link:label xlink:type="resource" xlink:label="label_CompensationForNuclearPowerRelatedDamagesPaidOpeCFELE" xml:lang="ja" xlink:role="http://www.xbrl.org/2003/role/label" id="label_CompensationForNuclearPowerRelatedDamagesPaidOpeCFELE">原子力損害賠償金の支払額</link:label>
    <link:labelArc xlink:type="arc" xlink:arcrole="http://www.xbrl.org/2003/arcrole/concept-label" xlink:from="CompensationForNuclearPowerRelatedDamagesPaidOpeCFELE" xlink:to="label_CompensationForNuclearPowerRelatedDamagesPaidOpeCFELE" />
    <link:label xlink:type="resource" xlink:label="label_CompensationForNuclearPowerRelatedDamagesPaidOpeCFELE_2" xml:lang="ja" xlink:role="http://www.xbrl.org/2003/role/verboseLabel" id="label_CompensationForNuclearPowerRelatedDamagesPaidOpeCFELE_2">原子力損害賠償金の支払額、営業活動によるキャッシュ・フロー、電気事業</link:label>
    <link:labelArc xlink:type="arc" xlink:arcrole="http://www.xbrl.org/2003/arcrole/concept-label" xlink:from="CompensationForNuclearPowerRelatedDamagesPaidOpeCFELE" xlink:to="label_CompensationForNuclearPowerRelatedDamagesPaidOpeCFELE_2" />
    <link:label xlink:type="resource" xlink:label="label_GainOnReversalOfProvisionForLossOnDisasterOpeCF" xml:lang="ja" xlink:role="http://www.xbrl.org/2003/role/label" id="label_GainOnReversalOfProvisionForLossOnDisasterOpeCF">災害損失引当金戻入額</link:label>
    <link:labelArc xlink:type="arc" xlink:arcrole="http://www.xbrl.org/2003/arcrole/concept-label" xlink:from="GainOnReversalOfProvisionForLossOnDisasterOpeCF" xlink:to="label_GainOnReversalOfProvisionForLossOnDisasterOpeCF" />
    <link:label xlink:type="resource" xlink:label="label_GainOnReversalOfProvisionForLossOnDisasterOpeCF_2" xml:lang="ja" xlink:role="http://www.xbrl.org/2003/role/verboseLabel" id="label_GainOnReversalOfProvisionForLossOnDisasterOpeCF_2">災害損失引当金戻入額、営業活動によるキャッシュ・フロー</link:label>
    <link:labelArc xlink:type="arc" xlink:arcrole="http://www.xbrl.org/2003/arcrole/concept-label" xlink:from="GainOnReversalOfProvisionForLossOnDisasterOpeCF" xlink:to="label_GainOnReversalOfProvisionForLossOnDisasterOpeCF_2" />
    <link:label xlink:type="resource" xlink:label="label_LossOnDecommissioningOfTEPCOFukushimaDainiNuclearPowerStationOpeCF" xml:lang="ja" xlink:role="http://www.xbrl.org/2003/role/label" id="label_LossOnDecommissioningOfTEPCOFukushimaDainiNuclearPowerStationOpeCF">福島第二廃止損失</link:label>
    <link:labelArc xlink:type="arc" xlink:arcrole="http://www.xbrl.org/2003/arcrole/concept-label" xlink:from="LossOnDecommissioningOfTEPCOFukushimaDainiNuclearPowerStationOpeCF" xlink:to="label_LossOnDecommissioningOfTEPCOFukushimaDainiNuclearPowerStationOpeCF" />
    <link:label xlink:type="resource" xlink:label="label_LossOnDecommissioningOfTEPCOFukushimaDainiNuclearPowerStationOpeCF_2" xml:lang="ja" xlink:role="http://www.xbrl.org/2003/role/verboseLabel" id="label_LossOnDecommissioningOfTEPCOFukushimaDainiNuclearPowerStationOpeCF_2">福島第二廃止損失、営業活動によるキャッシュ・フロー</link:label>
    <link:labelArc xlink:type="arc" xlink:arcrole="http://www.xbrl.org/2003/arcrole/concept-label" xlink:from="LossOnDecommissioningOfTEPCOFukushimaDainiNuclearPowerStationOpeCF" xlink:to="label_LossOnDecommissioningOfTEPCOFukushimaDainiNuclearPowerStationOpeCF_2" />
    <link:label xlink:type="resource" xlink:label="label_DecreaseInCashAndCashEquivalentsDueToChangeInScopeOfConsolidation" xml:lang="ja" xlink:role="http://www.xbrl.org/2003/role/label" id="label_DecreaseInCashAndCashEquivalentsDueToChangeInScopeOfConsolidation">連結の範囲の変更による現金及び現金同等物の減少額</link:label>
    <link:labelArc xlink:type="arc" xlink:arcrole="http://www.xbrl.org/2003/arcrole/concept-label" xlink:from="DecreaseInCashAndCashEquivalentsDueToChangeInScopeOfConsolidation" xlink:to="label_DecreaseInCashAndCashEquivalentsDueToChangeInScopeOfConsolidation" />
    <link:label xlink:type="resource" xlink:label="label_DecreaseInCashAndCashEquivalentsDueToChangeInScopeOfConsolidation_2" xml:lang="ja" xlink:role="http://www.xbrl.org/2003/role/verboseLabel" id="label_DecreaseInCashAndCashEquivalentsDueToChangeInScopeOfConsolidation_2">連結の範囲の変更による現金及び現金同等物の減少額</link:label>
    <link:labelArc xlink:type="arc" xlink:arcrole="http://www.xbrl.org/2003/arcrole/concept-label" xlink:from="DecreaseInCashAndCashEquivalentsDueToChangeInScopeOfConsolidation" xlink:to="label_DecreaseInCashAndCashEquivalentsDueToChangeInScopeOfConsolidation_2" />
    <link:label xlink:type="resource" xlink:label="label_DividendIncome" xml:lang="ja" xlink:role="http://www.xbrl.org/2003/role/label" id="label_DividendIncome">受取配当金</link:label>
    <link:labelArc xlink:type="arc" xlink:arcrole="http://www.xbrl.org/2003/arcrole/concept-label" xlink:from="DividendIncome" xlink:to="label_DividendIncome" />
    <link:label xlink:type="resource" xlink:label="label_DividendIncome_2" xml:lang="ja" xlink:role="http://www.xbrl.org/2003/role/verboseLabel" id="label_DividendIncome_2">受取配当金</link:label>
    <link:labelArc xlink:type="arc" xlink:arcrole="http://www.xbrl.org/2003/arcrole/concept-label" xlink:from="DividendIncome" xlink:to="label_DividendIncome_2" />
    <link:label xlink:type="resource" xlink:label="label_EmployeesRetirementBenefitExpensesSGAELE" xml:lang="ja" xlink:role="http://www.xbrl.org/2003/role/label" id="label_EmployeesRetirementBenefitExpensesSGAELE">退職給与金</link:label>
    <link:labelArc xlink:type="arc" xlink:arcrole="http://www.xbrl.org/2003/arcrole/concept-label" xlink:from="EmployeesRetirementBenefitExpensesSGAELE" xlink:to="label_EmployeesRetirementBenefitExpensesSGAELE" />
    <link:label xlink:type="resource" xlink:label="label_EmployeesRetirementBenefitExpensesSGAELE_2" xml:lang="ja" xlink:role="http://www.xbrl.org/2003/role/verboseLabel" id="label_EmployeesRetirementBenefitExpensesSGAELE_2">退職給与金、販売費及び一般管理費、電気事業</link:label>
    <link:labelArc xlink:type="arc" xlink:arcrole="http://www.xbrl.org/2003/arcrole/concept-label" xlink:from="EmployeesRetirementBenefitExpensesSGAELE" xlink:to="label_EmployeesRetirementBenefitExpensesSGAELE_2" />
    <link:label xlink:type="resource" xlink:label="label_ProvisionsForReservesTextBlock" xml:lang="ja" xlink:role="http://www.xbrl.org/2003/role/label" id="label_ProvisionsForReservesTextBlock">引当金繰入額</link:label>
    <link:labelArc xlink:type="arc" xlink:arcrole="http://www.xbrl.org/2003/arcrole/concept-label" xlink:from="ProvisionsForReservesTextBlock" xlink:to="label_ProvisionsForReservesTextBlock" />
    <link:label xlink:type="resource" xlink:label="label_ProvisionsForReservesTextBlock_2" xml:lang="ja" xlink:role="http://www.xbrl.org/2003/role/verboseLabel" id="label_ProvisionsForReservesTextBlock_2">引当金繰入額 [テキストブロック]</link:label>
    <link:labelArc xlink:type="arc" xlink:arcrole="http://www.xbrl.org/2003/arcrole/concept-label" xlink:from="ProvisionsForReservesTextBlock" xlink:to="label_ProvisionsForReservesTextBlock_2" />
    <link:label xlink:type="resource" xlink:label="label_NotesRegardingCompensationForNuclearPowerRelatedDamagesAndGrantsInAidFromNuclearDamageLiabilityFacilitationFund" xml:lang="ja" xlink:role="http://www.xbrl.org/2003/role/label" id="label_NotesRegardingCompensationForNuclearPowerRelatedDamagesAndGrantsInAidFromNuclearDamageLiabilityFacilitationFund">原子力損害賠償費及び原子力損害賠償支援機構資金交付金に関する注記</link:label>
    <link:labelArc xlink:type="arc" xlink:arcrole="http://www.xbrl.org/2003/arcrole/concept-label" xlink:from="NotesRegardingCompensationForNuclearPowerRelatedDamagesAndGrantsInAidFromNuclearDamageLiabilityFacilitationFund" xlink:to="label_NotesRegardingCompensationForNuclearPowerRelatedDamagesAndGrantsInAidFromNuclearDamageLiabilityFacilitationFund" />
    <link:label xlink:type="resource" xlink:label="label_NotesRegardingCompensationForNuclearPowerRelatedDamagesAndGrantsInAidFromNuclearDamageLiabilityFacilitationFund_2" xml:lang="ja" xlink:role="http://www.xbrl.org/2003/role/verboseLabel" id="label_NotesRegardingCompensationForNuclearPowerRelatedDamagesAndGrantsInAidFromNuclearDamageLiabilityFacilitationFund_2">原子力損害賠償費及び原子力損害賠償支援機構資金交付金に関する注記 [テキストブロック]</link:label>
    <link:labelArc xlink:type="arc" xlink:arcrole="http://www.xbrl.org/2003/arcrole/concept-label" xlink:from="NotesRegardingCompensationForNuclearPowerRelatedDamagesAndGrantsInAidFromNuclearDamageLiabilityFacilitationFund" xlink:to="label_NotesRegardingCompensationForNuclearPowerRelatedDamagesAndGrantsInAidFromNuclearDamageLiabilityFacilitationFund_2" />
    <link:label xlink:type="resource" xlink:label="label_NotesRegardingLossOnDisasterTextBlock" xml:lang="ja" xlink:role="http://www.xbrl.org/2003/role/label" id="label_NotesRegardingLossOnDisasterTextBlock">災害による損失の注記</link:label>
    <link:labelArc xlink:type="arc" xlink:arcrole="http://www.xbrl.org/2003/arcrole/concept-label" xlink:from="NotesRegardingLossOnDisasterTextBlock" xlink:to="label_NotesRegardingLossOnDisasterTextBlock" />
    <link:label xlink:type="resource" xlink:label="label_NotesRegardingLossOnDisasterTextBlock_2" xml:lang="ja" xlink:role="http://www.xbrl.org/2003/role/verboseLabel" id="label_NotesRegardingLossOnDisasterTextBlock_2">災害による損失の注記 [テキストブロック]</link:label>
    <link:labelArc xlink:type="arc" xlink:arcrole="http://www.xbrl.org/2003/arcrole/concept-label" xlink:from="NotesRegardingLossOnDisasterTextBlock" xlink:to="label_NotesRegardingLossOnDisasterTextBlock_2" />
    <link:label xlink:type="resource" xlink:label="label_NotesRegardingLossOnDecommissioningOfTEPCOFukushimaDainiNuclearPowerStationAndGainOnReversalOfProvisionForLossOnDisasterTextBlock" xml:lang="ja" xlink:role="http://www.xbrl.org/2003/role/label" id="label_NotesRegardingLossOnDecommissioningOfTEPCOFukushimaDainiNuclearPowerStationAndGainOnReversalOfProvisionForLossOnDisasterTextBlock">福島第二廃止損失及び災害損失引当金戻入額に関する注記</link:label>
    <link:labelArc xlink:type="arc" xlink:arcrole="http://www.xbrl.org/2003/arcrole/concept-label" xlink:from="NotesRegardingLossOnDecommissioningOfTEPCOFukushimaDainiNuclearPowerStationAndGainOnReversalOfProvisionForLossOnDisasterTextBlock" xlink:to="label_NotesRegardingLossOnDecommissioningOfTEPCOFukushimaDainiNuclearPowerStationAndGainOnReversalOfProvisionForLossOnDisasterTextBlock" />
    <link:label xlink:type="resource" xlink:label="label_NotesRegardingLossOnDecommissioningOfTEPCOFukushimaDainiNuclearPowerStationAndGainOnReversalOfProvisionForLossOnDisasterTextBlock_2" xml:lang="ja" xlink:role="http://www.xbrl.org/2003/role/verboseLabel" id="label_NotesRegardingLossOnDecommissioningOfTEPCOFukushimaDainiNuclearPowerStationAndGainOnReversalOfProvisionForLossOnDisasterTextBlock_2">福島第二廃止損失及び災害損失引当金戻入額に関する注記 [テキストブロック]</link:label>
    <link:labelArc xlink:type="arc" xlink:arcrole="http://www.xbrl.org/2003/arcrole/concept-label" xlink:from="NotesRegardingLossOnDecommissioningOfTEPCOFukushimaDainiNuclearPowerStationAndGainOnReversalOfProvisionForLossOnDisasterTextBlock" xlink:to="label_NotesRegardingLossOnDecommissioningOfTEPCOFukushimaDainiNuclearPowerStationAndGainOnReversalOfProvisionForLossOnDisasterTextBlock_2" />
    <link:label xlink:type="resource" xlink:label="label_ReserveFundForNuclearReactorDecommissioningIOAELE" xml:lang="ja" xlink:role="http://www.xbrl.org/2003/role/label" id="label_ReserveFundForNuclearReactorDecommissioningIOAELE">廃炉等積立金</link:label>
    <link:labelArc xlink:type="arc" xlink:arcrole="http://www.xbrl.org/2003/arcrole/concept-label" xlink:from="ReserveFundForNuclearReactorDecommissioningIOAELE" xlink:to="label_ReserveFundForNuclearReactorDecommissioningIOAELE" />
    <link:label xlink:type="resource" xlink:label="label_ReserveFundForNuclearReactorDecommissioningIOAELE_2" xml:lang="ja" xlink:role="http://www.xbrl.org/2003/role/verboseLabel" id="label_ReserveFundForNuclearReactorDecommissioningIOAELE_2">廃炉等積立金、投資その他の資産、電気事業</link:label>
    <link:labelArc xlink:type="arc" xlink:arcrole="http://www.xbrl.org/2003/arcrole/concept-label" xlink:from="ReserveFundForNuclearReactorDecommissioningIOAELE" xlink:to="label_ReserveFundForNuclearReactorDecommissioningIOAELE_2" />
    <link:label xlink:type="resource" xlink:label="label_ProvisionForPreparationOfRemovalOfReactorCoresInSpecifiedNuclearPowerFacilitiesNCLELE" xml:lang="ja" xlink:role="http://www.xbrl.org/2003/role/label" id="label_ProvisionForPreparationOfRemovalOfReactorCoresInSpecifiedNuclearPowerFacilitiesNCLELE">特定原子力施設炉心等除去準備引当金</link:label>
    <link:labelArc xlink:type="arc" xlink:arcrole="http://www.xbrl.org/2003/arcrole/concept-label" xlink:from="ProvisionForPreparationOfRemovalOfReactorCoresInSpecifiedNuclearPowerFacilitiesNCLELE" xlink:to="label_ProvisionForPreparationOfRemovalOfReactorCoresInSpecifiedNuclearPowerFacilitiesNCLELE" />
    <link:label xlink:type="resource" xlink:label="label_ProvisionForPreparationOfRemovalOfReactorCoresInSpecifiedNuclearPowerFacilitiesNCLELE_2" xml:lang="ja" xlink:role="http://www.xbrl.org/2003/role/verboseLabel" id="label_ProvisionForPreparationOfRemovalOfReactorCoresInSpecifiedNuclearPowerFacilitiesNCLELE_2">特定原子力施設炉心等除去準備引当金、固定負債、電気事業</link:label>
    <link:labelArc xlink:type="arc" xlink:arcrole="http://www.xbrl.org/2003/arcrole/concept-label" xlink:from="ProvisionForPreparationOfRemovalOfReactorCoresInSpecifiedNuclearPowerFacilitiesNCLELE" xlink:to="label_ProvisionForPreparationOfRemovalOfReactorCoresInSpecifiedNuclearPowerFacilitiesNCLELE_2" />
    <link:label xlink:type="resource" xlink:label="label_ProvisionForRemovalOfReactorCoresInSpecifiedNuclearPowerFacilitiesNCLELE" xml:lang="ja" xlink:role="http://www.xbrl.org/2003/role/label" id="label_ProvisionForRemovalOfReactorCoresInSpecifiedNuclearPowerFacilitiesNCLELE">特定原子力施設炉心等除去引当金</link:label>
    <link:labelArc xlink:type="arc" xlink:arcrole="http://www.xbrl.org/2003/arcrole/concept-label" xlink:from="ProvisionForRemovalOfReactorCoresInSpecifiedNuclearPowerFacilitiesNCLELE" xlink:to="label_ProvisionForRemovalOfReactorCoresInSpecifiedNuclearPowerFacilitiesNCLELE" />
    <link:label xlink:type="resource" xlink:label="label_ProvisionForRemovalOfReactorCoresInSpecifiedNuclearPowerFacilitiesNCLELE_2" xml:lang="ja" xlink:role="http://www.xbrl.org/2003/role/verboseLabel" id="label_ProvisionForRemovalOfReactorCoresInSpecifiedNuclearPowerFacilitiesNCLELE_2">特定原子力施設炉心等除去引当金、固定負債、電気事業</link:label>
    <link:labelArc xlink:type="arc" xlink:arcrole="http://www.xbrl.org/2003/arcrole/concept-label" xlink:from="ProvisionForRemovalOfReactorCoresInSpecifiedNuclearPowerFacilitiesNCLELE" xlink:to="label_ProvisionForRemovalOfReactorCoresInSpecifiedNuclearPowerFacilitiesNCLELE_2" />
    <link:label xlink:type="resource" xlink:label="label_ProvisionForCompensationForNuclearPowerRelatedDamagesNCLELE" xml:lang="ja" xlink:role="http://www.xbrl.org/2003/role/label" id="label_ProvisionForCompensationForNuclearPowerRelatedDamagesNCLELE">原子力損害賠償引当金</link:label>
    <link:labelArc xlink:type="arc" xlink:arcrole="http://www.xbrl.org/2003/arcrole/concept-label" xlink:from="ProvisionForCompensationForNuclearPowerRelatedDamagesNCLELE" xlink:to="label_ProvisionForCompensationForNuclearPowerRelatedDamagesNCLELE" />
    <link:label xlink:type="resource" xlink:label="label_ProvisionForCompensationForNuclearPowerRelatedDamagesNCLELE_2" xml:lang="ja" xlink:role="http://www.xbrl.org/2003/role/verboseLabel" id="label_ProvisionForCompensationForNuclearPowerRelatedDamagesNCLELE_2">原子力損害賠償引当金、固定負債、電気事業</link:label>
    <link:labelArc xlink:type="arc" xlink:arcrole="http://www.xbrl.org/2003/arcrole/concept-label" xlink:from="ProvisionForCompensationForNuclearPowerRelatedDamagesNCLELE" xlink:to="label_ProvisionForCompensationForNuclearPowerRelatedDamagesNCLELE_2" />
    <link:label xlink:type="resource" xlink:label="label_HoldingsReportableSegmentsMember" xml:lang="ja" xlink:role="http://www.xbrl.org/2003/role/label" id="label_HoldingsReportableSegmentsMember">ホールディングス</link:label>
    <link:labelArc xlink:type="arc" xlink:arcrole="http://www.xbrl.org/2003/arcrole/concept-label" xlink:from="HoldingsReportableSegmentsMember" xlink:to="label_HoldingsReportableSegmentsMember" />
    <link:label xlink:type="resource" xlink:label="label_HoldingsReportableSegmentsMember_2" xml:lang="ja" xlink:role="http://www.xbrl.org/2003/role/verboseLabel" id="label_HoldingsReportableSegmentsMember_2">ホールディングス、報告セグメント [メンバー]</link:label>
    <link:labelArc xlink:type="arc" xlink:arcrole="http://www.xbrl.org/2003/arcrole/concept-label" xlink:from="HoldingsReportableSegmentsMember" xlink:to="label_HoldingsReportableSegmentsMember_2" />
    <link:label xlink:type="resource" xlink:label="label_FuelAndPowerCompanyReportableSegmentsMember" xml:lang="ja" xlink:role="http://www.xbrl.org/2003/role/label" id="label_FuelAndPowerCompanyReportableSegmentsMember">フュエル＆パワー</link:label>
    <link:labelArc xlink:type="arc" xlink:arcrole="http://www.xbrl.org/2003/arcrole/concept-label" xlink:from="FuelAndPowerCompanyReportableSegmentsMember" xlink:to="label_FuelAndPowerCompanyReportableSegmentsMember" />
    <link:label xlink:type="resource" xlink:label="label_FuelAndPowerCompanyReportableSegmentsMember_2" xml:lang="ja" xlink:role="http://www.xbrl.org/2003/role/verboseLabel" id="label_FuelAndPowerCompanyReportableSegmentsMember_2">フュエル＆パワー、報告セグメント [メンバー]</link:label>
    <link:labelArc xlink:type="arc" xlink:arcrole="http://www.xbrl.org/2003/arcrole/concept-label" xlink:from="FuelAndPowerCompanyReportableSegmentsMember" xlink:to="label_FuelAndPowerCompanyReportableSegmentsMember_2" />
    <link:label xlink:type="resource" xlink:label="label_PowerGridCompanyReportableSegmentsMember" xml:lang="ja" xlink:role="http://www.xbrl.org/2003/role/label" id="label_PowerGridCompanyReportableSegmentsMember">パワーグリッド</link:label>
    <link:labelArc xlink:type="arc" xlink:arcrole="http://www.xbrl.org/2003/arcrole/concept-label" xlink:from="PowerGridCompanyReportableSegmentsMember" xlink:to="label_PowerGridCompanyReportableSegmentsMember" />
    <link:label xlink:type="resource" xlink:label="label_PowerGridCompanyReportableSegmentsMember_2" xml:lang="ja" xlink:role="http://www.xbrl.org/2003/role/verboseLabel" id="label_PowerGridCompanyReportableSegmentsMember_2">パワーグリッド、報告セグメント [メンバー]</link:label>
    <link:labelArc xlink:type="arc" xlink:arcrole="http://www.xbrl.org/2003/arcrole/concept-label" xlink:from="PowerGridCompanyReportableSegmentsMember" xlink:to="label_PowerGridCompanyReportableSegmentsMember_2" />
    <link:label xlink:type="resource" xlink:label="label_EnergyPartnerCompanyReportableSegmentsMember" xml:lang="ja" xlink:role="http://www.xbrl.org/2003/role/label" id="label_EnergyPartnerCompanyReportableSegmentsMember">エナジーパートナー</link:label>
    <link:labelArc xlink:type="arc" xlink:arcrole="http://www.xbrl.org/2003/arcrole/concept-label" xlink:from="EnergyPartnerCompanyReportableSegmentsMember" xlink:to="label_EnergyPartnerCompanyReportableSegmentsMember" />
    <link:label xlink:type="resource" xlink:label="label_EnergyPartnerCompanyReportableSegmentsMember_2" xml:lang="ja" xlink:role="http://www.xbrl.org/2003/role/verboseLabel" id="label_EnergyPartnerCompanyReportableSegmentsMember_2">エナジーパートナー、報告セグメント [メンバー]</link:label>
    <link:labelArc xlink:type="arc" xlink:arcrole="http://www.xbrl.org/2003/arcrole/concept-label" xlink:from="EnergyPartnerCompanyReportableSegmentsMember" xlink:to="label_EnergyPartnerCompanyReportableSegmentsMember_2" />
    <link:label xlink:type="resource" xlink:label="label_LossOnDecommissioningOfTEPCOFukushimaDainiNuclearPowerStationSegmentInformation" xml:lang="ja" xlink:role="http://www.xbrl.org/2003/role/label" id="label_LossOnDecommissioningOfTEPCOFukushimaDainiNuclearPowerStationSegmentInformation">福島第二廃止損失</link:label>
    <link:labelArc xlink:type="arc" xlink:arcrole="http://www.xbrl.org/2003/arcrole/concept-label" xlink:from="LossOnDecommissioningOfTEPCOFukushimaDainiNuclearPowerStationSegmentInformation" xlink:to="label_LossOnDecommissioningOfTEPCOFukushimaDainiNuclearPowerStationSegmentInformation" />
    <link:label xlink:type="resource" xlink:label="label_LossOnDecommissioningOfTEPCOFukushimaDainiNuclearPowerStationSegmentInformation_2" xml:lang="ja" xlink:role="http://www.xbrl.org/2003/role/verboseLabel" id="label_LossOnDecommissioningOfTEPCOFukushimaDainiNuclearPowerStationSegmentInformation_2">福島第二廃止損失、セグメント情報</link:label>
    <link:labelArc xlink:type="arc" xlink:arcrole="http://www.xbrl.org/2003/arcrole/concept-label" xlink:from="LossOnDecommissioningOfTEPCOFukushimaDainiNuclearPowerStationSegmentInformation" xlink:to="label_LossOnDecommissioningOfTEPCOFukushimaDainiNuclearPowerStationSegmentInformation_2" />
    <link:label xlink:type="resource" xlink:label="label_MitsushiSaikiMember" xml:lang="ja" xlink:role="http://www.xbrl.org/2003/role/label" id="label_MitsushiSaikiMember">佐伯　光司</link:label>
    <link:labelArc xlink:type="arc" xlink:arcrole="http://www.xbrl.org/2003/arcrole/concept-label" xlink:from="MitsushiSaikiMember" xlink:to="label_MitsushiSaikiMember" />
    <link:label xlink:type="resource" xlink:label="label_MitsushiSaikiMember_2" xml:lang="ja" xlink:role="http://www.xbrl.org/2003/role/verboseLabel" id="label_MitsushiSaikiMember_2">佐伯　光司 [メンバー]</link:label>
    <link:labelArc xlink:type="arc" xlink:arcrole="http://www.xbrl.org/2003/arcrole/concept-label" xlink:from="MitsushiSaikiMember" xlink:to="label_MitsushiSaikiMember_2" />
    <link:label xlink:type="resource" xlink:label="label_TomomichiSekiMember" xml:lang="ja" xlink:role="http://www.xbrl.org/2003/role/label" id="label_TomomichiSekiMember">関　知道</link:label>
    <link:labelArc xlink:type="arc" xlink:arcrole="http://www.xbrl.org/2003/arcrole/concept-label" xlink:from="TomomichiSekiMember" xlink:to="label_TomomichiSekiMember" />
    <link:label xlink:type="resource" xlink:label="label_TomomichiSekiMember_2" xml:lang="ja" xlink:role="http://www.xbrl.org/2003/role/verboseLabel" id="label_TomomichiSekiMember_2">関　知道 [メンバー]</link:label>
    <link:labelArc xlink:type="arc" xlink:arcrole="http://www.xbrl.org/2003/arcrole/concept-label" xlink:from="TomomichiSekiMember" xlink:to="label_TomomichiSekiMember_2" />
    <link:label xlink:type="resource" xlink:label="label_RyutaroYamamotoMember" xml:lang="ja" xlink:role="http://www.xbrl.org/2003/role/label" id="label_RyutaroYamamotoMember">山本　竜太郎</link:label>
    <link:labelArc xlink:type="arc" xlink:arcrole="http://www.xbrl.org/2003/arcrole/concept-label" xlink:from="RyutaroYamamotoMember" xlink:to="label_RyutaroYamamotoMember" />
    <link:label xlink:type="resource" xlink:label="label_RyutaroYamamotoMember_2" xml:lang="ja" xlink:role="http://www.xbrl.org/2003/role/verboseLabel" id="label_RyutaroYamamotoMember_2">山本　竜太郎 [メンバー]</link:label>
    <link:labelArc xlink:type="arc" xlink:arcrole="http://www.xbrl.org/2003/arcrole/concept-label" xlink:from="RyutaroYamamotoMember" xlink:to="label_RyutaroYamamotoMember_2" />
    <link:label xlink:type="resource" xlink:label="label_RikuoOhtsukiMember" xml:lang="ja" xlink:role="http://www.xbrl.org/2003/role/label" id="label_RikuoOhtsukiMember">大槻　陸夫</link:label>
    <link:labelArc xlink:type="arc" xlink:arcrole="http://www.xbrl.org/2003/arcrole/concept-label" xlink:from="RikuoOhtsukiMember" xlink:to="label_RikuoOhtsukiMember" />
    <link:label xlink:type="resource" xlink:label="label_RikuoOhtsukiMember_2" xml:lang="ja" xlink:role="http://www.xbrl.org/2003/role/verboseLabel" id="label_RikuoOhtsukiMember_2">大槻　陸夫 [メンバー]</link:label>
    <link:labelArc xlink:type="arc" xlink:arcrole="http://www.xbrl.org/2003/arcrole/concept-label" xlink:from="RikuoOhtsukiMember" xlink:to="label_RikuoOhtsukiMember_2" />
    <link:label xlink:type="resource" xlink:label="label_MasashiNagasawaMember" xml:lang="ja" xlink:role="http://www.xbrl.org/2003/role/label" id="label_MasashiNagasawaMember">永澤　昌</link:label>
    <link:labelArc xlink:type="arc" xlink:arcrole="http://www.xbrl.org/2003/arcrole/concept-label" xlink:from="MasashiNagasawaMember" xlink:to="label_MasashiNagasawaMember" />
    <link:label xlink:type="resource" xlink:label="label_MasashiNagasawaMember_2" xml:lang="ja" xlink:role="http://www.xbrl.org/2003/role/verboseLabel" id="label_MasashiNagasawaMember_2">永澤　昌 [メンバー]</link:label>
    <link:labelArc xlink:type="arc" xlink:arcrole="http://www.xbrl.org/2003/arcrole/concept-label" xlink:from="MasashiNagasawaMember" xlink:to="label_MasashiNagasawaMember_2" />
    <link:label xlink:type="resource" xlink:label="label_AkiraOnoMember" xml:lang="ja" xlink:role="http://www.xbrl.org/2003/role/verboseLabel" id="label_AkiraOnoMember">小野　明 [メンバー]</link:label>
    <link:labelArc xlink:type="arc" xlink:arcrole="http://www.xbrl.org/2003/arcrole/concept-label" xlink:from="AkiraOnoMember" xlink:to="label_AkiraOnoMember" />
    <link:label xlink:type="resource" xlink:label="label_AkiraOnoMember_2" xml:lang="ja" xlink:role="http://www.xbrl.org/2003/role/label" id="label_AkiraOnoMember_2">小野　明</link:label>
    <link:labelArc xlink:type="arc" xlink:arcrole="http://www.xbrl.org/2003/arcrole/concept-label" xlink:from="AkiraOnoMember" xlink:to="label_AkiraOnoMember_2" />
    <link:label xlink:type="resource" xlink:label="label_MakotoOkuraMember" xml:lang="ja" xlink:role="http://www.xbrl.org/2003/role/label" id="label_MakotoOkuraMember">大倉　誠</link:label>
    <link:labelArc xlink:type="arc" xlink:arcrole="http://www.xbrl.org/2003/arcrole/concept-label" xlink:from="MakotoOkuraMember" xlink:to="label_MakotoOkuraMember" />
    <link:label xlink:type="resource" xlink:label="label_MakotoOkuraMember_2" xml:lang="ja" xlink:role="http://www.xbrl.org/2003/role/verboseLabel" id="label_MakotoOkuraMember_2">大倉　誠 [メンバー]</link:label>
    <link:labelArc xlink:type="arc" xlink:arcrole="http://www.xbrl.org/2003/arcrole/concept-label" xlink:from="MakotoOkuraMember" xlink:to="label_MakotoOkuraMember_2" />
    <link:label xlink:type="resource" xlink:label="label_MasayaKittaMember" xml:lang="ja" xlink:role="http://www.xbrl.org/2003/role/label" id="label_MasayaKittaMember">橘田　昌哉</link:label>
    <link:labelArc xlink:type="arc" xlink:arcrole="http://www.xbrl.org/2003/arcrole/concept-label" xlink:from="MasayaKittaMember" xlink:to="label_MasayaKittaMember" />
    <link:label xlink:type="resource" xlink:label="label_MasayaKittaMember_2" xml:lang="ja" xlink:role="http://www.xbrl.org/2003/role/verboseLabel" id="label_MasayaKittaMember_2">橘田　昌哉 [メンバー]</link:label>
    <link:labelArc xlink:type="arc" xlink:arcrole="http://www.xbrl.org/2003/arcrole/concept-label" xlink:from="MasayaKittaMember" xlink:to="label_MasayaKittaMember_2" />
    <link:label xlink:type="resource" xlink:label="label_IsseiSouMember" xml:lang="ja" xlink:role="http://www.xbrl.org/2003/role/verboseLabel" id="label_IsseiSouMember">宗　一誠 [メンバー]</link:label>
    <link:labelArc xlink:type="arc" xlink:arcrole="http://www.xbrl.org/2003/arcrole/concept-label" xlink:from="IsseiSouMember" xlink:to="label_IsseiSouMember" />
    <link:label xlink:type="resource" xlink:label="label_IsseiSouMember_2" xml:lang="ja" xlink:role="http://www.xbrl.org/2003/role/label" id="label_IsseiSouMember_2">宗　一誠</link:label>
    <link:labelArc xlink:type="arc" xlink:arcrole="http://www.xbrl.org/2003/arcrole/concept-label" xlink:from="IsseiSouMember" xlink:to="label_IsseiSouMember_2" />
    <link:label xlink:type="resource" xlink:label="label_MomokoNagasakiMember" xml:lang="ja" xlink:role="http://www.xbrl.org/2003/role/label" id="label_MomokoNagasakiMember">長﨑　桃子</link:label>
    <link:labelArc xlink:type="arc" xlink:arcrole="http://www.xbrl.org/2003/arcrole/concept-label" xlink:from="MomokoNagasakiMember" xlink:to="label_MomokoNagasakiMember" />
    <link:label xlink:type="resource" xlink:label="label_MomokoNagasakiMember_2" xml:lang="ja" xlink:role="http://www.xbrl.org/2003/role/verboseLabel" id="label_MomokoNagasakiMember_2">長﨑　桃子 [メンバー]</link:label>
    <link:labelArc xlink:type="arc" xlink:arcrole="http://www.xbrl.org/2003/arcrole/concept-label" xlink:from="MomokoNagasakiMember" xlink:to="label_MomokoNagasakiMember_2" />
    <link:label xlink:type="resource" xlink:label="label_ShigehiroYoshinoMember" xml:lang="ja" xlink:role="http://www.xbrl.org/2003/role/label" id="label_ShigehiroYoshinoMember">吉野　栄洋</link:label>
    <link:labelArc xlink:type="arc" xlink:arcrole="http://www.xbrl.org/2003/arcrole/concept-label" xlink:from="ShigehiroYoshinoMember" xlink:to="label_ShigehiroYoshinoMember" />
    <link:label xlink:type="resource" xlink:label="label_ShigehiroYoshinoMember_2" xml:lang="ja" xlink:role="http://www.xbrl.org/2003/role/verboseLabel" id="label_ShigehiroYoshinoMember_2">吉野　栄洋 [メンバー]</link:label>
    <link:labelArc xlink:type="arc" xlink:arcrole="http://www.xbrl.org/2003/arcrole/concept-label" xlink:from="ShigehiroYoshinoMember" xlink:to="label_ShigehiroYoshinoMember_2" />
    <link:label xlink:type="resource" xlink:label="label_HidekoKuniiMember" xml:lang="ja" xlink:role="http://www.xbrl.org/2003/role/verboseLabel" id="label_HidekoKuniiMember">國井　秀子 [メンバー]</link:label>
    <link:labelArc xlink:type="arc" xlink:arcrole="http://www.xbrl.org/2003/arcrole/concept-label" xlink:from="HidekoKuniiMember" xlink:to="label_HidekoKuniiMember" />
    <link:label xlink:type="resource" xlink:label="label_HidekoKuniiMember_2" xml:lang="ja" xlink:role="http://www.xbrl.org/2003/role/label" id="label_HidekoKuniiMember_2">國井　秀子</link:label>
    <link:labelArc xlink:type="arc" xlink:arcrole="http://www.xbrl.org/2003/arcrole/concept-label" xlink:from="HidekoKuniiMember" xlink:to="label_HidekoKuniiMember_2" />
    <link:label xlink:type="resource" xlink:label="label_ShoeiUtsudaMember" xml:lang="ja" xlink:role="http://www.xbrl.org/2003/role/verboseLabel" id="label_ShoeiUtsudaMember">槍田　松瑩 [メンバー]</link:label>
    <link:labelArc xlink:type="arc" xlink:arcrole="http://www.xbrl.org/2003/arcrole/concept-label" xlink:from="ShoeiUtsudaMember" xlink:to="label_ShoeiUtsudaMember" />
    <link:label xlink:type="resource" xlink:label="label_ShoeiUtsudaMember_2" xml:lang="ja" xlink:role="http://www.xbrl.org/2003/role/label" id="label_ShoeiUtsudaMember_2">槍田　松瑩</link:label>
    <link:labelArc xlink:type="arc" xlink:arcrole="http://www.xbrl.org/2003/arcrole/concept-label" xlink:from="ShoeiUtsudaMember" xlink:to="label_ShoeiUtsudaMember_2" />
    <link:label xlink:type="resource" xlink:label="label_HideoTakauraMember" xml:lang="ja" xlink:role="http://www.xbrl.org/2003/role/verboseLabel" id="label_HideoTakauraMember">髙浦　英夫 [メンバー]</link:label>
    <link:labelArc xlink:type="arc" xlink:arcrole="http://www.xbrl.org/2003/arcrole/concept-label" xlink:from="HideoTakauraMember" xlink:to="label_HideoTakauraMember" />
    <link:label xlink:type="resource" xlink:label="label_HideoTakauraMember_2" xml:lang="ja" xlink:role="http://www.xbrl.org/2003/role/label" id="label_HideoTakauraMember_2">髙浦　英夫</link:label>
    <link:labelArc xlink:type="arc" xlink:arcrole="http://www.xbrl.org/2003/arcrole/concept-label" xlink:from="HideoTakauraMember" xlink:to="label_HideoTakauraMember_2" />
    <link:label xlink:type="resource" xlink:label="label_JunjiAnnenMember" xml:lang="ja" xlink:role="http://www.xbrl.org/2003/role/verboseLabel" id="label_JunjiAnnenMember">安念　潤司 [メンバー]</link:label>
    <link:labelArc xlink:type="arc" xlink:arcrole="http://www.xbrl.org/2003/arcrole/concept-label" xlink:from="JunjiAnnenMember" xlink:to="label_JunjiAnnenMember" />
    <link:label xlink:type="resource" xlink:label="label_JunjiAnnenMember_2" xml:lang="ja" xlink:role="http://www.xbrl.org/2003/role/label" id="label_JunjiAnnenMember_2">安念　潤司</link:label>
    <link:labelArc xlink:type="arc" xlink:arcrole="http://www.xbrl.org/2003/arcrole/concept-label" xlink:from="JunjiAnnenMember" xlink:to="label_JunjiAnnenMember_2" />
    <link:label xlink:type="resource" xlink:label="label_NobuhideAkimotoMember" xml:lang="ja" xlink:role="http://www.xbrl.org/2003/role/label" id="label_NobuhideAkimotoMember">秋本　展秀</link:label>
    <link:labelArc xlink:type="arc" xlink:arcrole="http://www.xbrl.org/2003/arcrole/concept-label" xlink:from="NobuhideAkimotoMember" xlink:to="label_NobuhideAkimotoMember" />
    <link:label xlink:type="resource" xlink:label="label_NobuhideAkimotoMember_2" xml:lang="ja" xlink:role="http://www.xbrl.org/2003/role/verboseLabel" id="label_NobuhideAkimotoMember_2">秋本　展秀 [メンバー]</link:label>
    <link:labelArc xlink:type="arc" xlink:arcrole="http://www.xbrl.org/2003/arcrole/concept-label" xlink:from="NobuhideAkimotoMember" xlink:to="label_NobuhideAkimotoMember_2" />
    <link:label xlink:type="resource" xlink:label="label_YoshihitoMorishitaMember" xml:lang="ja" xlink:role="http://www.xbrl.org/2003/role/verboseLabel" id="label_YoshihitoMorishitaMember">森下　義人 [メンバー]</link:label>
    <link:labelArc xlink:type="arc" xlink:arcrole="http://www.xbrl.org/2003/arcrole/concept-label" xlink:from="YoshihitoMorishitaMember" xlink:to="label_YoshihitoMorishitaMember" />
    <link:label xlink:type="resource" xlink:label="label_YoshihitoMorishitaMember_2" xml:lang="ja" xlink:role="http://www.xbrl.org/2003/role/label" id="label_YoshihitoMorishitaMember_2">森下　義人</link:label>
    <link:labelArc xlink:type="arc" xlink:arcrole="http://www.xbrl.org/2003/arcrole/concept-label" xlink:from="YoshihitoMorishitaMember" xlink:to="label_YoshihitoMorishitaMember_2" />
    <link:label xlink:type="resource" xlink:label="label_ShoichiroOnishiMember" xml:lang="ja" xlink:role="http://www.xbrl.org/2003/role/verboseLabel" id="label_ShoichiroOnishiMember">大西　正一郎 [メンバー]</link:label>
    <link:labelArc xlink:type="arc" xlink:arcrole="http://www.xbrl.org/2003/arcrole/concept-label" xlink:from="ShoichiroOnishiMember" xlink:to="label_ShoichiroOnishiMember" />
    <link:label xlink:type="resource" xlink:label="label_ShoichiroOnishiMember_2" xml:lang="ja" xlink:role="http://www.xbrl.org/2003/role/label" id="label_ShoichiroOnishiMember_2">大西　正一郎</link:label>
    <link:labelArc xlink:type="arc" xlink:arcrole="http://www.xbrl.org/2003/arcrole/concept-label" xlink:from="ShoichiroOnishiMember" xlink:to="label_ShoichiroOnishiMember_2" />
    <link:label xlink:type="resource" xlink:label="label_KotaroTanakaMember" xml:lang="ja" xlink:role="http://www.xbrl.org/2003/role/verboseLabel" id="label_KotaroTanakaMember">田中　耕太郎 [メンバー]</link:label>
    <link:labelArc xlink:type="arc" xlink:arcrole="http://www.xbrl.org/2003/arcrole/concept-label" xlink:from="KotaroTanakaMember" xlink:to="label_KotaroTanakaMember" />
    <link:label xlink:type="resource" xlink:label="label_KotaroTanakaMember_2" xml:lang="ja" xlink:role="http://www.xbrl.org/2003/role/label" id="label_KotaroTanakaMember_2">田中　耕太郎</link:label>
    <link:labelArc xlink:type="arc" xlink:arcrole="http://www.xbrl.org/2003/arcrole/concept-label" xlink:from="KotaroTanakaMember" xlink:to="label_KotaroTanakaMember_2" />
    <link:label xlink:type="resource" xlink:label="label_ShigeoOhyagiMember" xml:lang="ja" xlink:role="http://www.xbrl.org/2003/role/verboseLabel" id="label_ShigeoOhyagiMember">大八木　成男 [メンバー]</link:label>
    <link:labelArc xlink:type="arc" xlink:arcrole="http://www.xbrl.org/2003/arcrole/concept-label" xlink:from="ShigeoOhyagiMember" xlink:to="label_ShigeoOhyagiMember" />
    <link:label xlink:type="resource" xlink:label="label_ShigeoOhyagiMember_2" xml:lang="ja" xlink:role="http://www.xbrl.org/2003/role/label" id="label_ShigeoOhyagiMember_2">大八木　成男</link:label>
    <link:labelArc xlink:type="arc" xlink:arcrole="http://www.xbrl.org/2003/arcrole/concept-label" xlink:from="ShigeoOhyagiMember" xlink:to="label_ShigeoOhyagiMember_2" />
    <link:label xlink:type="resource" xlink:label="label_TomoakiKobayakawaMember" xml:lang="ja" xlink:role="http://www.xbrl.org/2003/role/verboseLabel" id="label_TomoakiKobayakawaMember">小早川　智明 [メンバー]</link:label>
    <link:labelArc xlink:type="arc" xlink:arcrole="http://www.xbrl.org/2003/arcrole/concept-label" xlink:from="TomoakiKobayakawaMember" xlink:to="label_TomoakiKobayakawaMember" />
    <link:label xlink:type="resource" xlink:label="label_TomoakiKobayakawaMember_2" xml:lang="ja" xlink:role="http://www.xbrl.org/2003/role/label" id="label_TomoakiKobayakawaMember_2">小早川　智明</link:label>
    <link:labelArc xlink:type="arc" xlink:arcrole="http://www.xbrl.org/2003/arcrole/concept-label" xlink:from="TomoakiKobayakawaMember" xlink:to="label_TomoakiKobayakawaMember_2" />
    <link:label xlink:type="resource" xlink:label="label_SeiichiFubasamiMember" xml:lang="ja" xlink:role="http://www.xbrl.org/2003/role/verboseLabel" id="label_SeiichiFubasamiMember">文挾　誠一 [メンバー]</link:label>
    <link:labelArc xlink:type="arc" xlink:arcrole="http://www.xbrl.org/2003/arcrole/concept-label" xlink:from="SeiichiFubasamiMember" xlink:to="label_SeiichiFubasamiMember" />
    <link:label xlink:type="resource" xlink:label="label_SeiichiFubasamiMember_2" xml:lang="ja" xlink:role="http://www.xbrl.org/2003/role/label" id="label_SeiichiFubasamiMember_2">文挾　誠一</link:label>
    <link:labelArc xlink:type="arc" xlink:arcrole="http://www.xbrl.org/2003/arcrole/concept-label" xlink:from="SeiichiFubasamiMember" xlink:to="label_SeiichiFubasamiMember_2" />
    <link:label xlink:type="resource" xlink:label="label_SeijiMoriyaMember" xml:lang="ja" xlink:role="http://www.xbrl.org/2003/role/verboseLabel" id="label_SeijiMoriyaMember">守谷　誠二 [メンバー]</link:label>
    <link:labelArc xlink:type="arc" xlink:arcrole="http://www.xbrl.org/2003/arcrole/concept-label" xlink:from="SeijiMoriyaMember" xlink:to="label_SeijiMoriyaMember" />
    <link:label xlink:type="resource" xlink:label="label_SeijiMoriyaMember_2" xml:lang="ja" xlink:role="http://www.xbrl.org/2003/role/label" id="label_SeijiMoriyaMember_2">守谷　誠二</link:label>
    <link:labelArc xlink:type="arc" xlink:arcrole="http://www.xbrl.org/2003/arcrole/concept-label" xlink:from="SeijiMoriyaMember" xlink:to="label_SeijiMoriyaMember_2" />
    <link:label xlink:type="resource" xlink:label="label_ShigenoriMakinoMember" xml:lang="ja" xlink:role="http://www.xbrl.org/2003/role/verboseLabel" id="label_ShigenoriMakinoMember">牧野　茂徳 [メンバー]</link:label>
    <link:labelArc xlink:type="arc" xlink:arcrole="http://www.xbrl.org/2003/arcrole/concept-label" xlink:from="ShigenoriMakinoMember" xlink:to="label_ShigenoriMakinoMember" />
    <link:label xlink:type="resource" xlink:label="label_ShigenoriMakinoMember_2" xml:lang="ja" xlink:role="http://www.xbrl.org/2003/role/label" id="label_ShigenoriMakinoMember_2">牧野　茂徳</link:label>
    <link:labelArc xlink:type="arc" xlink:arcrole="http://www.xbrl.org/2003/arcrole/concept-label" xlink:from="ShigenoriMakinoMember" xlink:to="label_ShigenoriMakinoMember_2" />
    <link:label xlink:type="resource" xlink:label="label_ContributionReceivedForNuclearReactorDecommissionORElectricELE" xml:lang="ja" xlink:role="http://www.xbrl.org/2003/role/label" id="label_ContributionReceivedForNuclearReactorDecommissionORElectricELE">廃炉等負担金収益</link:label>
    <link:labelArc xlink:type="arc" xlink:arcrole="http://www.xbrl.org/2003/arcrole/concept-label" xlink:from="ContributionReceivedForNuclearReactorDecommissionORElectricELE" xlink:to="label_ContributionReceivedForNuclearReactorDecommissionORElectricELE" />
    <link:label xlink:type="resource" xlink:label="label_ContributionReceivedForNuclearReactorDecommissionORElectricELE_2" xml:lang="ja" xlink:role="http://www.xbrl.org/2003/role/verboseLabel" id="label_ContributionReceivedForNuclearReactorDecommissionORElectricELE_2">廃炉等負担金、電気事業営業収益、電気事業</link:label>
    <link:labelArc xlink:type="arc" xlink:arcrole="http://www.xbrl.org/2003/arcrole/concept-label" xlink:from="ContributionReceivedForNuclearReactorDecommissionORElectricELE" xlink:to="label_ContributionReceivedForNuclearReactorDecommissionORElectricELE_2" />
    <link:label xlink:type="resource" xlink:label="label_OperatingExpensesSharedOfficeBusinessOEIncidentalELE" xml:lang="ja" xlink:role="http://www.xbrl.org/2003/role/label" id="label_OperatingExpensesSharedOfficeBusinessOEIncidentalELE">シェアオフィス事業営業費用</link:label>
    <link:labelArc xlink:type="arc" xlink:arcrole="http://www.xbrl.org/2003/arcrole/concept-label" xlink:from="OperatingExpensesSharedOfficeBusinessOEIncidentalELE" xlink:to="label_OperatingExpensesSharedOfficeBusinessOEIncidentalELE" />
    <link:label xlink:type="resource" xlink:label="label_OperatingExpensesSharedOfficeBusinessOEIncidentalELE_2" xml:lang="ja" xlink:role="http://www.xbrl.org/2003/role/verboseLabel" id="label_OperatingExpensesSharedOfficeBusinessOEIncidentalELE_2">シェアオフィス事業営業費用、附帯事業営業費用、電気事業</link:label>
    <link:labelArc xlink:type="arc" xlink:arcrole="http://www.xbrl.org/2003/arcrole/concept-label" xlink:from="OperatingExpensesSharedOfficeBusinessOEIncidentalELE" xlink:to="label_OperatingExpensesSharedOfficeBusinessOEIncidentalELE_2" />
    <link:label xlink:type="resource" xlink:label="label_ExtraordinaryLossOnDisasterEL" xml:lang="ja" xlink:role="http://www.xbrl.org/2003/role/label" id="label_ExtraordinaryLossOnDisasterEL">災害特別損失</link:label>
    <link:labelArc xlink:type="arc" xlink:arcrole="http://www.xbrl.org/2003/arcrole/concept-label" xlink:from="ExtraordinaryLossOnDisasterEL" xlink:to="label_ExtraordinaryLossOnDisasterEL" />
    <link:label xlink:type="resource" xlink:label="label_ExtraordinaryLossOnDisasterEL_2" xml:lang="ja" xlink:role="http://www.xbrl.org/2003/role/verboseLabel" id="label_ExtraordinaryLossOnDisasterEL_2">災害特別損失、特別損失</link:label>
    <link:labelArc xlink:type="arc" xlink:arcrole="http://www.xbrl.org/2003/arcrole/concept-label" xlink:from="ExtraordinaryLossOnDisasterEL" xlink:to="label_ExtraordinaryLossOnDisasterEL_2" />
    <link:label xlink:type="resource" xlink:label="label_CompensationForNuclearPowerRelatedDamagesELELE" xml:lang="ja" xlink:role="http://www.xbrl.org/2003/role/label" id="label_CompensationForNuclearPowerRelatedDamagesELELE">原子力損害賠償費</link:label>
    <link:labelArc xlink:type="arc" xlink:arcrole="http://www.xbrl.org/2003/arcrole/concept-label" xlink:from="CompensationForNuclearPowerRelatedDamagesELELE" xlink:to="label_CompensationForNuclearPowerRelatedDamagesELELE" />
    <link:label xlink:type="resource" xlink:label="label_CompensationForNuclearPowerRelatedDamagesELELE_2" xml:lang="ja" xlink:role="http://www.xbrl.org/2003/role/verboseLabel" id="label_CompensationForNuclearPowerRelatedDamagesELELE_2">原子力損害賠償費、特別損失、電気事業</link:label>
    <link:labelArc xlink:type="arc" xlink:arcrole="http://www.xbrl.org/2003/arcrole/concept-label" xlink:from="CompensationForNuclearPowerRelatedDamagesELELE" xlink:to="label_CompensationForNuclearPowerRelatedDamagesELELE_2" />
    <link:label xlink:type="resource" xlink:label="label_OperatingRevenueSharedOfficeBusinessOEIncidentalELE" xml:lang="ja" xlink:role="http://www.xbrl.org/2003/role/label" id="label_OperatingRevenueSharedOfficeBusinessOEIncidentalELE">シェアオフィス事業営業収益</link:label>
    <link:labelArc xlink:type="arc" xlink:arcrole="http://www.xbrl.org/2003/arcrole/concept-label" xlink:from="OperatingRevenueSharedOfficeBusinessOEIncidentalELE" xlink:to="label_OperatingRevenueSharedOfficeBusinessOEIncidentalELE" />
    <link:label xlink:type="resource" xlink:label="label_OperatingRevenueSharedOfficeBusinessOEIncidentalELE_2" xml:lang="ja" xlink:role="http://www.xbrl.org/2003/role/verboseLabel" id="label_OperatingRevenueSharedOfficeBusinessOEIncidentalELE_2">シェアオフィス事業営業収益、附帯事業営業収益、電気事業</link:label>
    <link:labelArc xlink:type="arc" xlink:arcrole="http://www.xbrl.org/2003/arcrole/concept-label" xlink:from="OperatingRevenueSharedOfficeBusinessOEIncidentalELE" xlink:to="label_OperatingRevenueSharedOfficeBusinessOEIncidentalELE_2" />
    <link:label xlink:type="resource" xlink:label="label_LossOnDecommissioningOfTEPCOFukushimaDainiNuclearPowerStationEL" xml:lang="ja" xlink:role="http://www.xbrl.org/2003/role/label" id="label_LossOnDecommissioningOfTEPCOFukushimaDainiNuclearPowerStationEL">福島第二廃止損失</link:label>
    <link:labelArc xlink:type="arc" xlink:arcrole="http://www.xbrl.org/2003/arcrole/concept-label" xlink:from="LossOnDecommissioningOfTEPCOFukushimaDainiNuclearPowerStationEL" xlink:to="label_LossOnDecommissioningOfTEPCOFukushimaDainiNuclearPowerStationEL" />
    <link:label xlink:type="resource" xlink:label="label_LossOnDecommissioningOfTEPCOFukushimaDainiNuclearPowerStationEL_2" xml:lang="ja" xlink:role="http://www.xbrl.org/2003/role/verboseLabel" id="label_LossOnDecommissioningOfTEPCOFukushimaDainiNuclearPowerStationEL_2">福島第二廃止損失、特別損失</link:label>
    <link:labelArc xlink:type="arc" xlink:arcrole="http://www.xbrl.org/2003/arcrole/concept-label" xlink:from="LossOnDecommissioningOfTEPCOFukushimaDainiNuclearPowerStationEL" xlink:to="label_LossOnDecommissioningOfTEPCOFukushimaDainiNuclearPowerStationEL_2" />
  </link:labelLink>
</link:linkbase>