<?xml version="1.0" encoding="utf-8"?>
<!-- Generated by PRONEXUS WORKS -->
<link:linkbase xmlns:link="http://www.xbrl.org/2003/linkbase" xmlns:xsi="http://www.w3.org/2001/XMLSchema-instance" xmlns:xbrli="http://www.xbrl.org/2003/instance" xmlns:xlink="http://www.w3.org/1999/xlink">
  <link:labelLink xlink:type="extended" xlink:role="http://www.xbrl.org/2003/role/link">
    <link:loc xlink:type="locator" xlink:href="jpcrp030000-asr-001_E04498-000_2020-03-31_01_2020-06-26.xsd#jpcrp030000-asr_E04498-000_IncreaseDecreaseInProvisionForPreparationOfRemovalOfReactorCoresInSpecifiedNuclearPowerFacilitiesOpeCFELE" xlink:label="IncreaseDecreaseInProvisionForPreparationOfRemovalOfReactorCoresInSpecifiedNuclearPowerFacilitiesOpeCFELE" />
    <link:loc xlink:type="locator" xlink:href="jpcrp030000-asr-001_E04498-000_2020-03-31_01_2020-06-26.xsd#jpcrp030000-asr_E04498-000_IncreaseDecreaseInReserveFundForNuclearReactorDecommissioningOpeCFELE" xlink:label="IncreaseDecreaseInReserveFundForNuclearReactorDecommissioningOpeCFELE" />
    <link:loc xlink:type="locator" xlink:href="jpcrp030000-asr-001_E04498-000_2020-03-31_01_2020-06-26.xsd#jpcrp030000-asr_E04498-000_GrantsInAidFromNuclearDamageLiabilityAndNuclearReactorDecommissionFacilitationFundOpeCF" xlink:label="GrantsInAidFromNuclearDamageLiabilityAndNuclearReactorDecommissionFacilitationFundOpeCF" />
    <link:loc xlink:type="locator" xlink:href="jpcrp030000-asr-001_E04498-000_2020-03-31_01_2020-06-26.xsd#jpcrp030000-asr_E04498-000_CompensationForNuclearPowerRelatedDamagesOpeCFELE" xlink:label="CompensationForNuclearPowerRelatedDamagesOpeCFELE" />
    <link:loc xlink:type="locator" xlink:href="jpcrp030000-asr-001_E04498-000_2020-03-31_01_2020-06-26.xsd#jpcrp030000-asr_E04498-000_PaymentsForExtraordinaryLossOnTheTohokuChihouTaiheiyouOkiEarthquakeOpeCF" xlink:label="PaymentsForExtraordinaryLossOnTheTohokuChihouTaiheiyouOkiEarthquakeOpeCF" />
    <link:loc xlink:type="locator" xlink:href="jpcrp030000-asr-001_E04498-000_2020-03-31_01_2020-06-26.xsd#jpcrp030000-asr_E04498-000_GrantsInAidFromNuclearDamageLiabilityAndNuclearReactorDecommissionFacilitationFundReceivedOpeCF" xlink:label="GrantsInAidFromNuclearDamageLiabilityAndNuclearReactorDecommissionFacilitationFundReceivedOpeCF" />
    <link:loc xlink:type="locator" xlink:href="jpcrp030000-asr-001_E04498-000_2020-03-31_01_2020-06-26.xsd#jpcrp030000-asr_E04498-000_CompensationForNuclearPowerRelatedDamagesPaidOpeCFELE" xlink:label="CompensationForNuclearPowerRelatedDamagesPaidOpeCFELE" />
    <link:loc xlink:type="locator" xlink:href="jpcrp030000-asr-001_E04498-000_2020-03-31_01_2020-06-26.xsd#jpcrp030000-asr_E04498-000_ContributionReceivedForNuclearReactorDecommissionORElectricELE" xlink:label="ContributionReceivedForNuclearReactorDecommissionORElectricELE" />
    <link:loc xlink:type="locator" xlink:href="jpcrp030000-asr-001_E04498-000_2020-03-31_01_2020-06-26.xsd#jpcrp030000-asr_E04498-000_OperatingExpensesSharedOfficeBusinessOEIncidentalELE" xlink:label="OperatingExpensesSharedOfficeBusinessOEIncidentalELE" />
    <link:loc xlink:type="locator" xlink:href="jpcrp030000-asr-001_E04498-000_2020-03-31_01_2020-06-26.xsd#jpcrp030000-asr_E04498-000_ExtraordinaryLossOnDisasterEL" xlink:label="ExtraordinaryLossOnDisasterEL" />
    <link:loc xlink:type="locator" xlink:href="jpcrp030000-asr-001_E04498-000_2020-03-31_01_2020-06-26.xsd#jpcrp030000-asr_E04498-000_CompensationForNuclearPowerRelatedDamagesELELE" xlink:label="CompensationForNuclearPowerRelatedDamagesELELE" />
    <link:loc xlink:type="locator" xlink:href="jpcrp030000-asr-001_E04498-000_2020-03-31_01_2020-06-26.xsd#jpcrp030000-asr_E04498-000_ReserveFundForNuclearReactorDecommissioningIOAELE" xlink:label="ReserveFundForNuclearReactorDecommissioningIOAELE" />
    <link:loc xlink:type="locator" xlink:href="jpcrp030000-asr-001_E04498-000_2020-03-31_01_2020-06-26.xsd#jpcrp030000-asr_E04498-000_ProvisionForPreparationOfRemovalOfReactorCoresInSpecifiedNuclearPowerFacilitiesNCLELE" xlink:label="ProvisionForPreparationOfRemovalOfReactorCoresInSpecifiedNuclearPowerFacilitiesNCLELE" />
    <link:loc xlink:type="locator" xlink:href="jpcrp030000-asr-001_E04498-000_2020-03-31_01_2020-06-26.xsd#jpcrp030000-asr_E04498-000_ProvisionForRemovalOfReactorCoresInSpecifiedNuclearPowerFacilitiesNCLELE" xlink:label="ProvisionForRemovalOfReactorCoresInSpecifiedNuclearPowerFacilitiesNCLELE" />
    <link:loc xlink:type="locator" xlink:href="jpcrp030000-asr-001_E04498-000_2020-03-31_01_2020-06-26.xsd#jpcrp030000-asr_E04498-000_ProvisionForCompensationForNuclearPowerRelatedDamagesNCLELE" xlink:label="ProvisionForCompensationForNuclearPowerRelatedDamagesNCLELE" />
    <link:loc xlink:type="locator" xlink:href="jpcrp030000-asr-001_E04498-000_2020-03-31_01_2020-06-26.xsd#jpcrp030000-asr_E04498-000_HidekoKuniiMember" xlink:label="HidekoKuniiMember" />
    <link:loc xlink:type="locator" xlink:href="jpcrp030000-asr-001_E04498-000_2020-03-31_01_2020-06-26.xsd#jpcrp030000-asr_E04498-000_ShoeiUtsudaMember" xlink:label="ShoeiUtsudaMember" />
    <link:loc xlink:type="locator" xlink:href="jpcrp030000-asr-001_E04498-000_2020-03-31_01_2020-06-26.xsd#jpcrp030000-asr_E04498-000_HideoTakauraMember" xlink:label="HideoTakauraMember" />
    <link:loc xlink:type="locator" xlink:href="jpcrp030000-asr-001_E04498-000_2020-03-31_01_2020-06-26.xsd#jpcrp030000-asr_E04498-000_JunjiAnnenMember" xlink:label="JunjiAnnenMember" />
    <link:loc xlink:type="locator" xlink:href="jpcrp030000-asr-001_E04498-000_2020-03-31_01_2020-06-26.xsd#jpcrp030000-asr_E04498-000_TomoakiKobayakawaMember" xlink:label="TomoakiKobayakawaMember" />
    <link:loc xlink:type="locator" xlink:href="jpcrp030000-asr-001_E04498-000_2020-03-31_01_2020-06-26.xsd#jpcrp030000-asr_E04498-000_SeiichiFubasamiMember" xlink:label="SeiichiFubasamiMember" />
    <link:loc xlink:type="locator" xlink:href="jpcrp030000-asr-001_E04498-000_2020-03-31_01_2020-06-26.xsd#jpcrp030000-asr_E04498-000_SeijiMoriyaMember" xlink:label="SeijiMoriyaMember" />
    <link:loc xlink:type="locator" xlink:href="jpcrp030000-asr-001_E04498-000_2020-03-31_01_2020-06-26.xsd#jpcrp030000-asr_E04498-000_NobuhideAkimotoMember" xlink:label="NobuhideAkimotoMember" />
    <link:loc xlink:type="locator" xlink:href="jpcrp030000-asr-001_E04498-000_2020-03-31_01_2020-06-26.xsd#jpcrp030000-asr_E04498-000_ShigenoriMakinoMember" xlink:label="ShigenoriMakinoMember" />
    <link:loc xlink:type="locator" xlink:href="jpcrp030000-asr-001_E04498-000_2020-03-31_01_2020-06-26.xsd#jpcrp030000-asr_E04498-000_YoshihitoMorishitaMember" xlink:label="YoshihitoMorishitaMember" />
    <link:loc xlink:type="locator" xlink:href="jpcrp030000-asr-001_E04498-000_2020-03-31_01_2020-06-26.xsd#jpcrp030000-asr_E04498-000_MitsushiSaikiMember" xlink:label="MitsushiSaikiMember" />
    <link:loc xlink:type="locator" xlink:href="jpcrp030000-asr-001_E04498-000_2020-03-31_01_2020-06-26.xsd#jpcrp030000-asr_E04498-000_TomomichiSekiMember" xlink:label="TomomichiSekiMember" />
    <link:loc xlink:type="locator" xlink:href="jpcrp030000-asr-001_E04498-000_2020-03-31_01_2020-06-26.xsd#jpcrp030000-asr_E04498-000_RyutaroYamamotoMember" xlink:label="RyutaroYamamotoMember" />
    <link:loc xlink:type="locator" xlink:href="jpcrp030000-asr-001_E04498-000_2020-03-31_01_2020-06-26.xsd#jpcrp030000-asr_E04498-000_RikuoOhtsukiMember" xlink:label="RikuoOhtsukiMember" />
    <link:loc xlink:type="locator" xlink:href="jpcrp030000-asr-001_E04498-000_2020-03-31_01_2020-06-26.xsd#jpcrp030000-asr_E04498-000_MasashiNagasawaMember" xlink:label="MasashiNagasawaMember" />
    <link:loc xlink:type="locator" xlink:href="jpcrp030000-asr-001_E04498-000_2020-03-31_01_2020-06-26.xsd#jpcrp030000-asr_E04498-000_AkiraOnoMember" xlink:label="AkiraOnoMember" />
    <link:loc xlink:type="locator" xlink:href="jpcrp030000-asr-001_E04498-000_2020-03-31_01_2020-06-26.xsd#jpcrp030000-asr_E04498-000_MakotoOkuraMember" xlink:label="MakotoOkuraMember" />
    <link:loc xlink:type="locator" xlink:href="jpcrp030000-asr-001_E04498-000_2020-03-31_01_2020-06-26.xsd#jpcrp030000-asr_E04498-000_MasayaKittaMember" xlink:label="MasayaKittaMember" />
    <link:loc xlink:type="locator" xlink:href="jpcrp030000-asr-001_E04498-000_2020-03-31_01_2020-06-26.xsd#jpcrp030000-asr_E04498-000_IsseiSouMember" xlink:label="IsseiSouMember" />
    <link:loc xlink:type="locator" xlink:href="jpcrp030000-asr-001_E04498-000_2020-03-31_01_2020-06-26.xsd#jpcrp030000-asr_E04498-000_ClassBPreferredSharesSharesWithNoVotingRightsMember" xlink:label="ClassBPreferredSharesSharesWithNoVotingRightsMember" />
    <link:loc xlink:type="locator" xlink:href="jpcrp030000-asr-001_E04498-000_2020-03-31_01_2020-06-26.xsd#jpcrp030000-asr_E04498-000_ClassAPreferredSharesSharesWithNoVotingRightsMember" xlink:label="ClassAPreferredSharesSharesWithNoVotingRightsMember" />
    <link:loc xlink:type="locator" xlink:href="jpcrp030000-asr-001_E04498-000_2020-03-31_01_2020-06-26.xsd#jpcrp030000-asr_E04498-000_HoldingsReportableSegmentsMember" xlink:label="HoldingsReportableSegmentsMember" />
    <link:loc xlink:type="locator" xlink:href="jpcrp030000-asr-001_E04498-000_2020-03-31_01_2020-06-26.xsd#jpcrp030000-asr_E04498-000_FuelAndPowerCompanyReportableSegmentsMember" xlink:label="FuelAndPowerCompanyReportableSegmentsMember" />
    <link:loc xlink:type="locator" xlink:href="jpcrp030000-asr-001_E04498-000_2020-03-31_01_2020-06-26.xsd#jpcrp030000-asr_E04498-000_PowerGridCompanyReportableSegmentsMember" xlink:label="PowerGridCompanyReportableSegmentsMember" />
    <link:loc xlink:type="locator" xlink:href="jpcrp030000-asr-001_E04498-000_2020-03-31_01_2020-06-26.xsd#jpcrp030000-asr_E04498-000_EnergyPartnerCompanyReportableSegmentsMember" xlink:label="EnergyPartnerCompanyReportableSegmentsMember" />
    <link:loc xlink:type="locator" xlink:href="jpcrp030000-asr-001_E04498-000_2020-03-31_01_2020-06-26.xsd#jpcrp030000-asr_E04498-000_AccountingPolicyForSpentFuelReprocessingSuchAsContributionsCostsTextBlock" xlink:label="AccountingPolicyForSpentFuelReprocessingSuchAsContributionsCostsTextBlock" />
    <link:loc xlink:type="locator" xlink:href="jpcrp030000-asr-001_E04498-000_2020-03-31_01_2020-06-26.xsd#jpcrp030000-asr_E04498-000_AccountingPolicyForDecommissioningCostsOfNuclearPowerUnitsTextBlock" xlink:label="AccountingPolicyForDecommissioningCostsOfNuclearPowerUnitsTextBlock" />
    <link:loc xlink:type="locator" xlink:href="jpcrp030000-asr-001_E04498-000_2020-03-31_01_2020-06-26.xsd#jpcrp030000-asr_E04498-000_DividendIncome" xlink:label="DividendIncome" />
    <link:loc xlink:type="locator" xlink:href="jpcrp030000-asr-001_E04498-000_2020-03-31_01_2020-06-26.xsd#jpcrp030000-asr_E04498-000_EmployeesRetirementBenefitExpensesSGAELE" xlink:label="EmployeesRetirementBenefitExpensesSGAELE" />
    <link:loc xlink:type="locator" xlink:href="jpcrp030000-asr-001_E04498-000_2020-03-31_01_2020-06-26.xsd#jpcrp030000-asr_E04498-000_ProvisionsForReservesTextBlock" xlink:label="ProvisionsForReservesTextBlock" />
    <link:loc xlink:type="locator" xlink:href="jpcrp030000-asr-001_E04498-000_2020-03-31_01_2020-06-26.xsd#jpcrp030000-asr_E04498-000_NotesRegardingCompensationForNuclearPowerRelatedDamagesAndGrantsInAidFromNuclearDamageLiabilityFacilitationFund" xlink:label="NotesRegardingCompensationForNuclearPowerRelatedDamagesAndGrantsInAidFromNuclearDamageLiabilityFacilitationFund" />
    <link:loc xlink:type="locator" xlink:href="jpcrp030000-asr-001_E04498-000_2020-03-31_01_2020-06-26.xsd#jpcrp030000-asr_E04498-000_NotesRegardingLossOnDisasterTextBlock" xlink:label="NotesRegardingLossOnDisasterTextBlock" />
    <link:loc xlink:type="locator" xlink:href="jpcrp030000-asr-001_E04498-000_2020-03-31_01_2020-06-26.xsd#jpcrp030000-asr_E04498-000_NotesRegardingFinancialCovenantsTextBlock" xlink:label="NotesRegardingFinancialCovenantsTextBlock" />
    <link:loc xlink:type="locator" xlink:href="jpcrp030000-asr-001_E04498-000_2020-03-31_01_2020-06-26.xsd#jpcrp030000-asr_E04498-000_NotesRegardingCurrentPortionOfNonCurrentLiabilitiesTextBlock" xlink:label="NotesRegardingCurrentPortionOfNonCurrentLiabilitiesTextBlock" />
    <link:loc xlink:type="locator" xlink:href="jpcrp030000-asr-001_E04498-000_2020-03-31_01_2020-06-26.xsd#jpcrp030000-asr_E04498-000_NotesRegardingAccruedTaxesTextBlock" xlink:label="NotesRegardingAccruedTaxesTextBlock" />
    <link:loc xlink:type="locator" xlink:href="jpcrp030000-asr-001_E04498-000_2020-03-31_01_2020-06-26.xsd#jpcrp030000-asr_E04498-000_NotesRegardingAmountOfNonCurrentAssetsInIncidentalBusinessTextBlock" xlink:label="NotesRegardingAmountOfNonCurrentAssetsInIncidentalBusinessTextBlock" />
    <link:loc xlink:type="locator" xlink:href="jpcrp030000-asr-001_E04498-000_2020-03-31_01_2020-06-26.xsd#jpcrp030000-asr_E04498-000_TotalNumberOfIssuedSharesSummaryOfBusinessResultsAbstract" xlink:label="TotalNumberOfIssuedSharesSummaryOfBusinessResultsAbstract" />
    <link:loc xlink:type="locator" xlink:href="jpcrp030000-asr-001_E04498-000_2020-03-31_01_2020-06-26.xsd#jpcrp030000-asr_E04498-000_PreferredStockClassATotalNumberOfIssuedSharesSummaryOfBusinessResult" xlink:label="PreferredStockClassATotalNumberOfIssuedSharesSummaryOfBusinessResult" />
    <link:loc xlink:type="locator" xlink:href="jpcrp030000-asr-001_E04498-000_2020-03-31_01_2020-06-26.xsd#jpcrp030000-asr_E04498-000_PreferredStockClassBTotalNumberOfIssuedSharesSummaryOfBusinessResults" xlink:label="PreferredStockClassBTotalNumberOfIssuedSharesSummaryOfBusinessResults" />
    <link:loc xlink:type="locator" xlink:href="jpcrp030000-asr-001_E04498-000_2020-03-31_01_2020-06-26.xsd#jpcrp030000-asr_E04498-000_DividendPaidPerShareSummaryOfBusinessResultsAbstract" xlink:label="DividendPaidPerShareSummaryOfBusinessResultsAbstract" />
    <link:loc xlink:type="locator" xlink:href="jpcrp030000-asr-001_E04498-000_2020-03-31_01_2020-06-26.xsd#jpcrp030000-asr_E04498-000_PreferredStockClassADividendPaidPerShareSummaryOfBusinessResults" xlink:label="PreferredStockClassADividendPaidPerShareSummaryOfBusinessResults" />
    <link:loc xlink:type="locator" xlink:href="jpcrp030000-asr-001_E04498-000_2020-03-31_01_2020-06-26.xsd#jpcrp030000-asr_E04498-000_PreferredStockClassBDividendPaidPerShareSummaryOfBusinessResults" xlink:label="PreferredStockClassBDividendPaidPerShareSummaryOfBusinessResults" />
    <link:loc xlink:type="locator" xlink:href="jpcrp030000-asr-001_E04498-000_2020-03-31_01_2020-06-26.xsd#jpcrp030000-asr_E04498-000_InterimDividendPaidPerShareSummaryOfBusinessResultsAbstract" xlink:label="InterimDividendPaidPerShareSummaryOfBusinessResultsAbstract" />
    <link:loc xlink:type="locator" xlink:href="jpcrp030000-asr-001_E04498-000_2020-03-31_01_2020-06-26.xsd#jpcrp030000-asr_E04498-000_PreferredStockClassAInterimDividendPaidPerShareSummaryOfBusinessResults" xlink:label="PreferredStockClassAInterimDividendPaidPerShareSummaryOfBusinessResults" />
    <link:loc xlink:type="locator" xlink:href="jpcrp030000-asr-001_E04498-000_2020-03-31_01_2020-06-26.xsd#jpcrp030000-asr_E04498-000_PreferredStockClassBInterimDividendPaidPerShareSummaryOfBusinessResults" xlink:label="PreferredStockClassBInterimDividendPaidPerShareSummaryOfBusinessResults" />
    <link:loc xlink:type="locator" xlink:href="jpcrp030000-asr-001_E04498-000_2020-03-31_01_2020-06-26.xsd#jpcrp030000-asr_E04498-000_GuaranteeCompanySubjectToOngoingDisclosureTextBlock" xlink:label="GuaranteeCompanySubjectToOngoingDisclosureTextBlock" />
    <link:loc xlink:type="locator" xlink:href="jpcrp030000-asr-001_E04498-000_2020-03-31_01_2020-06-26.xsd#jpcrp030000-asr_E04498-000_LossOnDecommissioningOfTEPCOFukushimaDainiNuclearPowerStationEL" xlink:label="LossOnDecommissioningOfTEPCOFukushimaDainiNuclearPowerStationEL" />
    <link:loc xlink:type="locator" xlink:href="jpcrp030000-asr-001_E04498-000_2020-03-31_01_2020-06-26.xsd#jpcrp030000-asr_E04498-000_GainOnReversalOfProvisionForLossOnDisasterOpeCF" xlink:label="GainOnReversalOfProvisionForLossOnDisasterOpeCF" />
    <link:loc xlink:type="locator" xlink:href="jpcrp030000-asr-001_E04498-000_2020-03-31_01_2020-06-26.xsd#jpcrp030000-asr_E04498-000_LossOnDecommissioningOfTEPCOFukushimaDainiNuclearPowerStationOpeCF" xlink:label="LossOnDecommissioningOfTEPCOFukushimaDainiNuclearPowerStationOpeCF" />
    <link:loc xlink:type="locator" xlink:href="jpcrp030000-asr-001_E04498-000_2020-03-31_01_2020-06-26.xsd#jpcrp030000-asr_E04498-000_DecreaseInCashAndCashEquivalentsDueToChangeInScopeOfConsolidation" xlink:label="DecreaseInCashAndCashEquivalentsDueToChangeInScopeOfConsolidation" />
    <link:loc xlink:type="locator" xlink:href="jpcrp030000-asr-001_E04498-000_2020-03-31_01_2020-06-26.xsd#jpcrp030000-asr_E04498-000_OperatingRevenueSharedOfficeBusinessOEIncidentalELE" xlink:label="OperatingRevenueSharedOfficeBusinessOEIncidentalELE" />
    <link:loc xlink:type="locator" xlink:href="jpcrp030000-asr-001_E04498-000_2020-03-31_01_2020-06-26.xsd#jpcrp030000-asr_E04498-000_NotesRegardingLossOnDecommissioningOfTEPCOFukushimaDainiNuclearPowerStationAndGainOnReversalOfProvisionForLossOnDisasterTextBlock" xlink:label="NotesRegardingLossOnDecommissioningOfTEPCOFukushimaDainiNuclearPowerStationAndGainOnReversalOfProvisionForLossOnDisasterTextBlock" />
    <link:loc xlink:type="locator" xlink:href="jpcrp030000-asr-001_E04498-000_2020-03-31_01_2020-06-26.xsd#jpcrp030000-asr_E04498-000_MomokoNagasakiMember" xlink:label="MomokoNagasakiMember" />
    <link:loc xlink:type="locator" xlink:href="jpcrp030000-asr-001_E04498-000_2020-03-31_01_2020-06-26.xsd#jpcrp030000-asr_E04498-000_LossOnDecommissioningOfTEPCOFukushimaDainiNuclearPowerStationSegmentInformation" xlink:label="LossOnDecommissioningOfTEPCOFukushimaDainiNuclearPowerStationSegmentInformation" />
    <link:loc xlink:type="locator" xlink:href="jpcrp030000-asr-001_E04498-000_2020-03-31_01_2020-06-26.xsd#jpcrp030000-asr_E04498-000_ShigehiroYoshinoMember" xlink:label="ShigehiroYoshinoMember" />
    <link:loc xlink:type="locator" xlink:href="jpcrp030000-asr-001_E04498-000_2020-03-31_01_2020-06-26.xsd#jpcrp030000-asr_E04498-000_ShoichiroOnishiMember" xlink:label="ShoichiroOnishiMember" />
    <link:loc xlink:type="locator" xlink:href="jpcrp030000-asr-001_E04498-000_2020-03-31_01_2020-06-26.xsd#jpcrp030000-asr_E04498-000_KotaroTanakaMember" xlink:label="KotaroTanakaMember" />
    <link:loc xlink:type="locator" xlink:href="jpcrp030000-asr-001_E04498-000_2020-03-31_01_2020-06-26.xsd#jpcrp030000-asr_E04498-000_ShigeoOhyagiMember" xlink:label="ShigeoOhyagiMember" />
    <link:label xlink:type="resource" xlink:label="label_NotesRegardingCurrentPortionOfNonCurrentLiabilitiesTextBlock" xml:lang="en" xlink:role="http://www.xbrl.org/2003/role/label" id="label_NotesRegardingCurrentPortionOfNonCurrentLiabilitiesTextBlock">Notes regarding current portion of non-current liabilities</link:label>
    <link:labelArc xlink:type="arc" xlink:arcrole="http://www.xbrl.org/2003/arcrole/concept-label" xlink:from="NotesRegardingCurrentPortionOfNonCurrentLiabilitiesTextBlock" xlink:to="label_NotesRegardingCurrentPortionOfNonCurrentLiabilitiesTextBlock" />
    <link:label xlink:type="resource" xlink:label="label_NotesRegardingCurrentPortionOfNonCurrentLiabilitiesTextBlock_2" xml:lang="en" xlink:role="http://www.xbrl.org/2003/role/verboseLabel" id="label_NotesRegardingCurrentPortionOfNonCurrentLiabilitiesTextBlock_2">Notes regarding current portion of non-current liabilities [text block]</link:label>
    <link:labelArc xlink:type="arc" xlink:arcrole="http://www.xbrl.org/2003/arcrole/concept-label" xlink:from="NotesRegardingCurrentPortionOfNonCurrentLiabilitiesTextBlock" xlink:to="label_NotesRegardingCurrentPortionOfNonCurrentLiabilitiesTextBlock_2" />
    <link:label xlink:type="resource" xlink:label="label_NotesRegardingAccruedTaxesTextBlock" xml:lang="en" xlink:role="http://www.xbrl.org/2003/role/label" id="label_NotesRegardingAccruedTaxesTextBlock">Notes regarding accrued taxes</link:label>
    <link:labelArc xlink:type="arc" xlink:arcrole="http://www.xbrl.org/2003/arcrole/concept-label" xlink:from="NotesRegardingAccruedTaxesTextBlock" xlink:to="label_NotesRegardingAccruedTaxesTextBlock" />
    <link:label xlink:type="resource" xlink:label="label_NotesRegardingAccruedTaxesTextBlock_2" xml:lang="en" xlink:role="http://www.xbrl.org/2003/role/verboseLabel" id="label_NotesRegardingAccruedTaxesTextBlock_2">Notes regarding accrued taxes [text block]</link:label>
    <link:labelArc xlink:type="arc" xlink:arcrole="http://www.xbrl.org/2003/arcrole/concept-label" xlink:from="NotesRegardingAccruedTaxesTextBlock" xlink:to="label_NotesRegardingAccruedTaxesTextBlock_2" />
    <link:label xlink:type="resource" xlink:label="label_NotesRegardingAmountOfNonCurrentAssetsInIncidentalBusinessTextBlock" xml:lang="en" xlink:role="http://www.xbrl.org/2003/role/label" id="label_NotesRegardingAmountOfNonCurrentAssetsInIncidentalBusinessTextBlock">Notes regarding amount of non-current assets in incidental business</link:label>
    <link:labelArc xlink:type="arc" xlink:arcrole="http://www.xbrl.org/2003/arcrole/concept-label" xlink:from="NotesRegardingAmountOfNonCurrentAssetsInIncidentalBusinessTextBlock" xlink:to="label_NotesRegardingAmountOfNonCurrentAssetsInIncidentalBusinessTextBlock" />
    <link:label xlink:type="resource" xlink:label="label_NotesRegardingAmountOfNonCurrentAssetsInIncidentalBusinessTextBlock_2" xml:lang="en" xlink:role="http://www.xbrl.org/2003/role/verboseLabel" id="label_NotesRegardingAmountOfNonCurrentAssetsInIncidentalBusinessTextBlock_2">Notes regarding amount of non-current assets in incidental business [text block]</link:label>
    <link:labelArc xlink:type="arc" xlink:arcrole="http://www.xbrl.org/2003/arcrole/concept-label" xlink:from="NotesRegardingAmountOfNonCurrentAssetsInIncidentalBusinessTextBlock" xlink:to="label_NotesRegardingAmountOfNonCurrentAssetsInIncidentalBusinessTextBlock_2" />
    <link:label xlink:type="resource" xlink:label="label_ClassBPreferredSharesSharesWithNoVotingRightsMember" xml:lang="en" xlink:role="http://www.xbrl.org/2003/role/verboseLabel" id="label_ClassBPreferredSharesSharesWithNoVotingRightsMember">Class B preferred shares, Shares with no voting rights [member]</link:label>
    <link:labelArc xlink:type="arc" xlink:arcrole="http://www.xbrl.org/2003/arcrole/concept-label" xlink:from="ClassBPreferredSharesSharesWithNoVotingRightsMember" xlink:to="label_ClassBPreferredSharesSharesWithNoVotingRightsMember" />
    <link:label xlink:type="resource" xlink:label="label_ClassBPreferredSharesSharesWithNoVotingRightsMember_2" xml:lang="en" xlink:role="http://www.xbrl.org/2003/role/label" id="label_ClassBPreferredSharesSharesWithNoVotingRightsMember_2">Class B preferred shares</link:label>
    <link:labelArc xlink:type="arc" xlink:arcrole="http://www.xbrl.org/2003/arcrole/concept-label" xlink:from="ClassBPreferredSharesSharesWithNoVotingRightsMember" xlink:to="label_ClassBPreferredSharesSharesWithNoVotingRightsMember_2" />
    <link:label xlink:type="resource" xlink:label="label_ClassAPreferredSharesSharesWithNoVotingRightsMember" xml:lang="en" xlink:role="http://www.xbrl.org/2003/role/verboseLabel" id="label_ClassAPreferredSharesSharesWithNoVotingRightsMember">Class A preferred shares, Shares with no voting rights [member]</link:label>
    <link:labelArc xlink:type="arc" xlink:arcrole="http://www.xbrl.org/2003/arcrole/concept-label" xlink:from="ClassAPreferredSharesSharesWithNoVotingRightsMember" xlink:to="label_ClassAPreferredSharesSharesWithNoVotingRightsMember" />
    <link:label xlink:type="resource" xlink:label="label_ClassAPreferredSharesSharesWithNoVotingRightsMember_2" xml:lang="en" xlink:role="http://www.xbrl.org/2003/role/label" id="label_ClassAPreferredSharesSharesWithNoVotingRightsMember_2">Class A preferred shares</link:label>
    <link:labelArc xlink:type="arc" xlink:arcrole="http://www.xbrl.org/2003/arcrole/concept-label" xlink:from="ClassAPreferredSharesSharesWithNoVotingRightsMember" xlink:to="label_ClassAPreferredSharesSharesWithNoVotingRightsMember_2" />
    <link:label xlink:type="resource" xlink:label="label_NotesRegardingFinancialCovenantsTextBlock" xml:lang="en" xlink:role="http://www.xbrl.org/2003/role/label" id="label_NotesRegardingFinancialCovenantsTextBlock">Notes Regarding Financial Covenants</link:label>
    <link:labelArc xlink:type="arc" xlink:arcrole="http://www.xbrl.org/2003/arcrole/concept-label" xlink:from="NotesRegardingFinancialCovenantsTextBlock" xlink:to="label_NotesRegardingFinancialCovenantsTextBlock" />
    <link:label xlink:type="resource" xlink:label="label_NotesRegardingFinancialCovenantsTextBlock_2" xml:lang="en" xlink:role="http://www.xbrl.org/2003/role/verboseLabel" id="label_NotesRegardingFinancialCovenantsTextBlock_2">Notes Regarding Financial Covenants [text block]</link:label>
    <link:labelArc xlink:type="arc" xlink:arcrole="http://www.xbrl.org/2003/arcrole/concept-label" xlink:from="NotesRegardingFinancialCovenantsTextBlock" xlink:to="label_NotesRegardingFinancialCovenantsTextBlock_2" />
    <link:label xlink:type="resource" xlink:label="label_TotalNumberOfIssuedSharesSummaryOfBusinessResultsAbstract" xml:lang="en" xlink:role="http://www.xbrl.org/2003/role/label" id="label_TotalNumberOfIssuedSharesSummaryOfBusinessResultsAbstract">Total number of issued shares</link:label>
    <link:labelArc xlink:type="arc" xlink:arcrole="http://www.xbrl.org/2003/arcrole/concept-label" xlink:from="TotalNumberOfIssuedSharesSummaryOfBusinessResultsAbstract" xlink:to="label_TotalNumberOfIssuedSharesSummaryOfBusinessResultsAbstract" />
    <link:label xlink:type="resource" xlink:label="label_TotalNumberOfIssuedSharesSummaryOfBusinessResultsAbstract_2" xml:lang="en" xlink:role="http://www.xbrl.org/2003/role/verboseLabel" id="label_TotalNumberOfIssuedSharesSummaryOfBusinessResultsAbstract_2">Total number of issued shares, Summary of business results [abstract]</link:label>
    <link:labelArc xlink:type="arc" xlink:arcrole="http://www.xbrl.org/2003/arcrole/concept-label" xlink:from="TotalNumberOfIssuedSharesSummaryOfBusinessResultsAbstract" xlink:to="label_TotalNumberOfIssuedSharesSummaryOfBusinessResultsAbstract_2" />
    <link:label xlink:type="resource" xlink:label="label_PreferredStockClassATotalNumberOfIssuedSharesSummaryOfBusinessResult" xml:lang="en" xlink:role="http://www.xbrl.org/2003/role/label" id="label_PreferredStockClassATotalNumberOfIssuedSharesSummaryOfBusinessResult">Preferred stock-ClassA</link:label>
    <link:labelArc xlink:type="arc" xlink:arcrole="http://www.xbrl.org/2003/arcrole/concept-label" xlink:from="PreferredStockClassATotalNumberOfIssuedSharesSummaryOfBusinessResult" xlink:to="label_PreferredStockClassATotalNumberOfIssuedSharesSummaryOfBusinessResult" />
    <link:label xlink:type="resource" xlink:label="label_PreferredStockClassATotalNumberOfIssuedSharesSummaryOfBusinessResult_2" xml:lang="en" xlink:role="http://www.xbrl.org/2003/role/verboseLabel" id="label_PreferredStockClassATotalNumberOfIssuedSharesSummaryOfBusinessResult_2">Preferred stock-ClassA, Total number of issued shares, Summary of business result</link:label>
    <link:labelArc xlink:type="arc" xlink:arcrole="http://www.xbrl.org/2003/arcrole/concept-label" xlink:from="PreferredStockClassATotalNumberOfIssuedSharesSummaryOfBusinessResult" xlink:to="label_PreferredStockClassATotalNumberOfIssuedSharesSummaryOfBusinessResult_2" />
    <link:label xlink:type="resource" xlink:label="label_PreferredStockClassBTotalNumberOfIssuedSharesSummaryOfBusinessResults" xml:lang="en" xlink:role="http://www.xbrl.org/2003/role/label" id="label_PreferredStockClassBTotalNumberOfIssuedSharesSummaryOfBusinessResults">Preferred stock-ClassB</link:label>
    <link:labelArc xlink:type="arc" xlink:arcrole="http://www.xbrl.org/2003/arcrole/concept-label" xlink:from="PreferredStockClassBTotalNumberOfIssuedSharesSummaryOfBusinessResults" xlink:to="label_PreferredStockClassBTotalNumberOfIssuedSharesSummaryOfBusinessResults" />
    <link:label xlink:type="resource" xlink:label="label_PreferredStockClassBTotalNumberOfIssuedSharesSummaryOfBusinessResults_2" xml:lang="en" xlink:role="http://www.xbrl.org/2003/role/verboseLabel" id="label_PreferredStockClassBTotalNumberOfIssuedSharesSummaryOfBusinessResults_2">Preferred stock-ClassB Total number of issued shares, Summary of business results</link:label>
    <link:labelArc xlink:type="arc" xlink:arcrole="http://www.xbrl.org/2003/arcrole/concept-label" xlink:from="PreferredStockClassBTotalNumberOfIssuedSharesSummaryOfBusinessResults" xlink:to="label_PreferredStockClassBTotalNumberOfIssuedSharesSummaryOfBusinessResults_2" />
    <link:label xlink:type="resource" xlink:label="label_DividendPaidPerShareSummaryOfBusinessResultsAbstract" xml:lang="en" xlink:role="http://www.xbrl.org/2003/role/label" id="label_DividendPaidPerShareSummaryOfBusinessResultsAbstract">Dividend paid per share</link:label>
    <link:labelArc xlink:type="arc" xlink:arcrole="http://www.xbrl.org/2003/arcrole/concept-label" xlink:from="DividendPaidPerShareSummaryOfBusinessResultsAbstract" xlink:to="label_DividendPaidPerShareSummaryOfBusinessResultsAbstract" />
    <link:label xlink:type="resource" xlink:label="label_DividendPaidPerShareSummaryOfBusinessResultsAbstract_2" xml:lang="en" xlink:role="http://www.xbrl.org/2003/role/verboseLabel" id="label_DividendPaidPerShareSummaryOfBusinessResultsAbstract_2">Dividend paid per share, Summary of business results [abstract]</link:label>
    <link:labelArc xlink:type="arc" xlink:arcrole="http://www.xbrl.org/2003/arcrole/concept-label" xlink:from="DividendPaidPerShareSummaryOfBusinessResultsAbstract" xlink:to="label_DividendPaidPerShareSummaryOfBusinessResultsAbstract_2" />
    <link:label xlink:type="resource" xlink:label="label_PreferredStockClassADividendPaidPerShareSummaryOfBusinessResults" xml:lang="en" xlink:role="http://www.xbrl.org/2003/role/label" id="label_PreferredStockClassADividendPaidPerShareSummaryOfBusinessResults">Preferred stock-ClassA</link:label>
    <link:labelArc xlink:type="arc" xlink:arcrole="http://www.xbrl.org/2003/arcrole/concept-label" xlink:from="PreferredStockClassADividendPaidPerShareSummaryOfBusinessResults" xlink:to="label_PreferredStockClassADividendPaidPerShareSummaryOfBusinessResults" />
    <link:label xlink:type="resource" xlink:label="label_PreferredStockClassADividendPaidPerShareSummaryOfBusinessResults_2" xml:lang="en" xlink:role="http://www.xbrl.org/2003/role/verboseLabel" id="label_PreferredStockClassADividendPaidPerShareSummaryOfBusinessResults_2">Preferred stock-ClassA, Dividend paid per share, Summary of business results</link:label>
    <link:labelArc xlink:type="arc" xlink:arcrole="http://www.xbrl.org/2003/arcrole/concept-label" xlink:from="PreferredStockClassADividendPaidPerShareSummaryOfBusinessResults" xlink:to="label_PreferredStockClassADividendPaidPerShareSummaryOfBusinessResults_2" />
    <link:label xlink:type="resource" xlink:label="label_PreferredStockClassBDividendPaidPerShareSummaryOfBusinessResults" xml:lang="en" xlink:role="http://www.xbrl.org/2003/role/label" id="label_PreferredStockClassBDividendPaidPerShareSummaryOfBusinessResults">Preferred stock-ClassB</link:label>
    <link:labelArc xlink:type="arc" xlink:arcrole="http://www.xbrl.org/2003/arcrole/concept-label" xlink:from="PreferredStockClassBDividendPaidPerShareSummaryOfBusinessResults" xlink:to="label_PreferredStockClassBDividendPaidPerShareSummaryOfBusinessResults" />
    <link:label xlink:type="resource" xlink:label="label_PreferredStockClassBDividendPaidPerShareSummaryOfBusinessResults_2" xml:lang="en" xlink:role="http://www.xbrl.org/2003/role/verboseLabel" id="label_PreferredStockClassBDividendPaidPerShareSummaryOfBusinessResults_2">Preferred stock-ClassB, Dividend paid per share, Summary of business results</link:label>
    <link:labelArc xlink:type="arc" xlink:arcrole="http://www.xbrl.org/2003/arcrole/concept-label" xlink:from="PreferredStockClassBDividendPaidPerShareSummaryOfBusinessResults" xlink:to="label_PreferredStockClassBDividendPaidPerShareSummaryOfBusinessResults_2" />
    <link:label xlink:type="resource" xlink:label="label_InterimDividendPaidPerShareSummaryOfBusinessResultsAbstract" xml:lang="en" xlink:role="http://www.xbrl.org/2003/role/label" id="label_InterimDividendPaidPerShareSummaryOfBusinessResultsAbstract">Interim dividend paid per share</link:label>
    <link:labelArc xlink:type="arc" xlink:arcrole="http://www.xbrl.org/2003/arcrole/concept-label" xlink:from="InterimDividendPaidPerShareSummaryOfBusinessResultsAbstract" xlink:to="label_InterimDividendPaidPerShareSummaryOfBusinessResultsAbstract" />
    <link:label xlink:type="resource" xlink:label="label_InterimDividendPaidPerShareSummaryOfBusinessResultsAbstract_2" xml:lang="en" xlink:role="http://www.xbrl.org/2003/role/verboseLabel" id="label_InterimDividendPaidPerShareSummaryOfBusinessResultsAbstract_2">Interim dividend paid per share, Summary of business results [abstract]</link:label>
    <link:labelArc xlink:type="arc" xlink:arcrole="http://www.xbrl.org/2003/arcrole/concept-label" xlink:from="InterimDividendPaidPerShareSummaryOfBusinessResultsAbstract" xlink:to="label_InterimDividendPaidPerShareSummaryOfBusinessResultsAbstract_2" />
    <link:label xlink:type="resource" xlink:label="label_PreferredStockClassAInterimDividendPaidPerShareSummaryOfBusinessResults" xml:lang="en" xlink:role="http://www.xbrl.org/2003/role/label" id="label_PreferredStockClassAInterimDividendPaidPerShareSummaryOfBusinessResults">Preferred stock-ClassA</link:label>
    <link:labelArc xlink:type="arc" xlink:arcrole="http://www.xbrl.org/2003/arcrole/concept-label" xlink:from="PreferredStockClassAInterimDividendPaidPerShareSummaryOfBusinessResults" xlink:to="label_PreferredStockClassAInterimDividendPaidPerShareSummaryOfBusinessResults" />
    <link:label xlink:type="resource" xlink:label="label_PreferredStockClassAInterimDividendPaidPerShareSummaryOfBusinessResults_2" xml:lang="en" xlink:role="http://www.xbrl.org/2003/role/verboseLabel" id="label_PreferredStockClassAInterimDividendPaidPerShareSummaryOfBusinessResults_2">Preferred stock-ClassA, Interim dividend paid per share, Summary of business results</link:label>
    <link:labelArc xlink:type="arc" xlink:arcrole="http://www.xbrl.org/2003/arcrole/concept-label" xlink:from="PreferredStockClassAInterimDividendPaidPerShareSummaryOfBusinessResults" xlink:to="label_PreferredStockClassAInterimDividendPaidPerShareSummaryOfBusinessResults_2" />
    <link:label xlink:type="resource" xlink:label="label_PreferredStockClassBInterimDividendPaidPerShareSummaryOfBusinessResults" xml:lang="en" xlink:role="http://www.xbrl.org/2003/role/label" id="label_PreferredStockClassBInterimDividendPaidPerShareSummaryOfBusinessResults">Preferred stock-ClassB</link:label>
    <link:labelArc xlink:type="arc" xlink:arcrole="http://www.xbrl.org/2003/arcrole/concept-label" xlink:from="PreferredStockClassBInterimDividendPaidPerShareSummaryOfBusinessResults" xlink:to="label_PreferredStockClassBInterimDividendPaidPerShareSummaryOfBusinessResults" />
    <link:label xlink:type="resource" xlink:label="label_PreferredStockClassBInterimDividendPaidPerShareSummaryOfBusinessResults_2" xml:lang="en" xlink:role="http://www.xbrl.org/2003/role/verboseLabel" id="label_PreferredStockClassBInterimDividendPaidPerShareSummaryOfBusinessResults_2">Preferred stock-ClassB, Interim dividend paid per share, Summary of business results</link:label>
    <link:labelArc xlink:type="arc" xlink:arcrole="http://www.xbrl.org/2003/arcrole/concept-label" xlink:from="PreferredStockClassBInterimDividendPaidPerShareSummaryOfBusinessResults" xlink:to="label_PreferredStockClassBInterimDividendPaidPerShareSummaryOfBusinessResults_2" />
    <link:label xlink:type="resource" xlink:label="label_AccountingPolicyForSpentFuelReprocessingSuchAsContributionsCostsTextBlock" xml:lang="en" xlink:role="http://www.xbrl.org/2003/role/label" id="label_AccountingPolicyForSpentFuelReprocessingSuchAsContributionsCostsTextBlock">accounting policy for spent fuel reprocessing such as contributions costs</link:label>
    <link:labelArc xlink:type="arc" xlink:arcrole="http://www.xbrl.org/2003/arcrole/concept-label" xlink:from="AccountingPolicyForSpentFuelReprocessingSuchAsContributionsCostsTextBlock" xlink:to="label_AccountingPolicyForSpentFuelReprocessingSuchAsContributionsCostsTextBlock" />
    <link:label xlink:type="resource" xlink:label="label_AccountingPolicyForSpentFuelReprocessingSuchAsContributionsCostsTextBlock_2" xml:lang="en" xlink:role="http://www.xbrl.org/2003/role/verboseLabel" id="label_AccountingPolicyForSpentFuelReprocessingSuchAsContributionsCostsTextBlock_2">accounting policy for spent fuel reprocessing such as contributions costs [text block]</link:label>
    <link:labelArc xlink:type="arc" xlink:arcrole="http://www.xbrl.org/2003/arcrole/concept-label" xlink:from="AccountingPolicyForSpentFuelReprocessingSuchAsContributionsCostsTextBlock" xlink:to="label_AccountingPolicyForSpentFuelReprocessingSuchAsContributionsCostsTextBlock_2" />
    <link:label xlink:type="resource" xlink:label="label_AccountingPolicyForDecommissioningCostsOfNuclearPowerUnitsTextBlock" xml:lang="en" xlink:role="http://www.xbrl.org/2003/role/label" id="label_AccountingPolicyForDecommissioningCostsOfNuclearPowerUnitsTextBlock">Accounting policy for Decommissioning costs of nuclear power units</link:label>
    <link:labelArc xlink:type="arc" xlink:arcrole="http://www.xbrl.org/2003/arcrole/concept-label" xlink:from="AccountingPolicyForDecommissioningCostsOfNuclearPowerUnitsTextBlock" xlink:to="label_AccountingPolicyForDecommissioningCostsOfNuclearPowerUnitsTextBlock" />
    <link:label xlink:type="resource" xlink:label="label_AccountingPolicyForDecommissioningCostsOfNuclearPowerUnitsTextBlock_2" xml:lang="en" xlink:role="http://www.xbrl.org/2003/role/verboseLabel" id="label_AccountingPolicyForDecommissioningCostsOfNuclearPowerUnitsTextBlock_2">Accounting policy for Decommissioning costs of nuclear power units [text block]</link:label>
    <link:labelArc xlink:type="arc" xlink:arcrole="http://www.xbrl.org/2003/arcrole/concept-label" xlink:from="AccountingPolicyForDecommissioningCostsOfNuclearPowerUnitsTextBlock" xlink:to="label_AccountingPolicyForDecommissioningCostsOfNuclearPowerUnitsTextBlock_2" />
    <link:label xlink:type="resource" xlink:label="label_GuaranteeCompanySubjectToOngoingDisclosureTextBlock" xml:lang="en" xlink:role="http://www.xbrl.org/2003/role/label" id="label_GuaranteeCompanySubjectToOngoingDisclosureTextBlock">Guarantee company subject to ongoing disclosure</link:label>
    <link:labelArc xlink:type="arc" xlink:arcrole="http://www.xbrl.org/2003/arcrole/concept-label" xlink:from="GuaranteeCompanySubjectToOngoingDisclosureTextBlock" xlink:to="label_GuaranteeCompanySubjectToOngoingDisclosureTextBlock" />
    <link:label xlink:type="resource" xlink:label="label_GuaranteeCompanySubjectToOngoingDisclosureTextBlock_2" xml:lang="en" xlink:role="http://www.xbrl.org/2003/role/verboseLabel" id="label_GuaranteeCompanySubjectToOngoingDisclosureTextBlock_2">Guarantee company subject to ongoing disclosure [text block]</link:label>
    <link:labelArc xlink:type="arc" xlink:arcrole="http://www.xbrl.org/2003/arcrole/concept-label" xlink:from="GuaranteeCompanySubjectToOngoingDisclosureTextBlock" xlink:to="label_GuaranteeCompanySubjectToOngoingDisclosureTextBlock_2" />
    <link:label xlink:type="resource" xlink:label="label_IncreaseDecreaseInProvisionForPreparationOfRemovalOfReactorCoresInSpecifiedNuclearPowerFacilitiesOpeCFELE" xml:lang="en" xlink:role="http://www.xbrl.org/2003/role/label" id="label_IncreaseDecreaseInProvisionForPreparationOfRemovalOfReactorCoresInSpecifiedNuclearPowerFacilitiesOpeCFELE">Increase (decrease) in provision for preparation of removal of reactor cores in specified nuclear power facilities</link:label>
    <link:labelArc xlink:type="arc" xlink:arcrole="http://www.xbrl.org/2003/arcrole/concept-label" xlink:from="IncreaseDecreaseInProvisionForPreparationOfRemovalOfReactorCoresInSpecifiedNuclearPowerFacilitiesOpeCFELE" xlink:to="label_IncreaseDecreaseInProvisionForPreparationOfRemovalOfReactorCoresInSpecifiedNuclearPowerFacilitiesOpeCFELE" />
    <link:label xlink:type="resource" xlink:label="label_IncreaseDecreaseInProvisionForPreparationOfRemovalOfReactorCoresInSpecifiedNuclearPowerFacilitiesOpeCFELE_2" xml:lang="en" xlink:role="http://www.xbrl.org/2003/role/verboseLabel" id="label_IncreaseDecreaseInProvisionForPreparationOfRemovalOfReactorCoresInSpecifiedNuclearPowerFacilitiesOpeCFELE_2">Increase (decrease) in provision for preparation of removal of reactor cores in specified nuclear power facilities-OpeCF-ELE</link:label>
    <link:labelArc xlink:type="arc" xlink:arcrole="http://www.xbrl.org/2003/arcrole/concept-label" xlink:from="IncreaseDecreaseInProvisionForPreparationOfRemovalOfReactorCoresInSpecifiedNuclearPowerFacilitiesOpeCFELE" xlink:to="label_IncreaseDecreaseInProvisionForPreparationOfRemovalOfReactorCoresInSpecifiedNuclearPowerFacilitiesOpeCFELE_2" />
    <link:label xlink:type="resource" xlink:label="label_IncreaseDecreaseInReserveFundForNuclearReactorDecommissioningOpeCFELE" xml:lang="en" xlink:role="http://www.xbrl.org/2003/role/label" id="label_IncreaseDecreaseInReserveFundForNuclearReactorDecommissioningOpeCFELE">Decrease(increase) in Reserve fund for nuclear reactor decommissioning</link:label>
    <link:labelArc xlink:type="arc" xlink:arcrole="http://www.xbrl.org/2003/arcrole/concept-label" xlink:from="IncreaseDecreaseInReserveFundForNuclearReactorDecommissioningOpeCFELE" xlink:to="label_IncreaseDecreaseInReserveFundForNuclearReactorDecommissioningOpeCFELE" />
    <link:label xlink:type="resource" xlink:label="label_IncreaseDecreaseInReserveFundForNuclearReactorDecommissioningOpeCFELE_2" xml:lang="en" xlink:role="http://www.xbrl.org/2003/role/verboseLabel" id="label_IncreaseDecreaseInReserveFundForNuclearReactorDecommissioningOpeCFELE_2">Increase (decrease) in Reserve fund for nuclear reactor decommissioning -OpeCF-ELE</link:label>
    <link:labelArc xlink:type="arc" xlink:arcrole="http://www.xbrl.org/2003/arcrole/concept-label" xlink:from="IncreaseDecreaseInReserveFundForNuclearReactorDecommissioningOpeCFELE" xlink:to="label_IncreaseDecreaseInReserveFundForNuclearReactorDecommissioningOpeCFELE_2" />
    <link:label xlink:type="resource" xlink:label="label_GrantsInAidFromNuclearDamageLiabilityAndNuclearReactorDecommissionFacilitationFundOpeCF" xml:lang="en" xlink:role="http://www.xbrl.org/2003/role/label" id="label_GrantsInAidFromNuclearDamageLiabilityAndNuclearReactorDecommissionFacilitationFundOpeCF">Grants-in-aid from Nuclear Damage Liability and Nuclear Reactor Decommission Facilitation Fund</link:label>
    <link:labelArc xlink:type="arc" xlink:arcrole="http://www.xbrl.org/2003/arcrole/concept-label" xlink:from="GrantsInAidFromNuclearDamageLiabilityAndNuclearReactorDecommissionFacilitationFundOpeCF" xlink:to="label_GrantsInAidFromNuclearDamageLiabilityAndNuclearReactorDecommissionFacilitationFundOpeCF" />
    <link:label xlink:type="resource" xlink:label="label_GrantsInAidFromNuclearDamageLiabilityAndNuclearReactorDecommissionFacilitationFundOpeCF_2" xml:lang="en" xlink:role="http://www.xbrl.org/2003/role/verboseLabel" id="label_GrantsInAidFromNuclearDamageLiabilityAndNuclearReactorDecommissionFacilitationFundOpeCF_2">Grants-in-aid from Nuclear Damage Liability and Nuclear Reactor Decommission Facilitation Fund-OpeCF</link:label>
    <link:labelArc xlink:type="arc" xlink:arcrole="http://www.xbrl.org/2003/arcrole/concept-label" xlink:from="GrantsInAidFromNuclearDamageLiabilityAndNuclearReactorDecommissionFacilitationFundOpeCF" xlink:to="label_GrantsInAidFromNuclearDamageLiabilityAndNuclearReactorDecommissionFacilitationFundOpeCF_2" />
    <link:label xlink:type="resource" xlink:label="label_CompensationForNuclearPowerRelatedDamagesOpeCFELE" xml:lang="en" xlink:role="http://www.xbrl.org/2003/role/label" id="label_CompensationForNuclearPowerRelatedDamagesOpeCFELE">Compensation for nuclear power-related damages</link:label>
    <link:labelArc xlink:type="arc" xlink:arcrole="http://www.xbrl.org/2003/arcrole/concept-label" xlink:from="CompensationForNuclearPowerRelatedDamagesOpeCFELE" xlink:to="label_CompensationForNuclearPowerRelatedDamagesOpeCFELE" />
    <link:label xlink:type="resource" xlink:label="label_CompensationForNuclearPowerRelatedDamagesOpeCFELE_2" xml:lang="en" xlink:role="http://www.xbrl.org/2003/role/verboseLabel" id="label_CompensationForNuclearPowerRelatedDamagesOpeCFELE_2">Compensation for nuclear power-related damages-OpeCF-ELE</link:label>
    <link:labelArc xlink:type="arc" xlink:arcrole="http://www.xbrl.org/2003/arcrole/concept-label" xlink:from="CompensationForNuclearPowerRelatedDamagesOpeCFELE" xlink:to="label_CompensationForNuclearPowerRelatedDamagesOpeCFELE_2" />
    <link:label xlink:type="resource" xlink:label="label_PaymentsForExtraordinaryLossOnTheTohokuChihouTaiheiyouOkiEarthquakeOpeCF" xml:lang="en" xlink:role="http://www.xbrl.org/2003/role/label" id="label_PaymentsForExtraordinaryLossOnTheTohokuChihouTaiheiyouOkiEarthquakeOpeCF">Payments for extraordinary loss on the Tohoku-Chihou-Taiheiyou-Oki Earthquake</link:label>
    <link:labelArc xlink:type="arc" xlink:arcrole="http://www.xbrl.org/2003/arcrole/concept-label" xlink:from="PaymentsForExtraordinaryLossOnTheTohokuChihouTaiheiyouOkiEarthquakeOpeCF" xlink:to="label_PaymentsForExtraordinaryLossOnTheTohokuChihouTaiheiyouOkiEarthquakeOpeCF" />
    <link:label xlink:type="resource" xlink:label="label_PaymentsForExtraordinaryLossOnTheTohokuChihouTaiheiyouOkiEarthquakeOpeCF_2" xml:lang="en" xlink:role="http://www.xbrl.org/2003/role/verboseLabel" id="label_PaymentsForExtraordinaryLossOnTheTohokuChihouTaiheiyouOkiEarthquakeOpeCF_2">Payments for extraordinary loss on the Tohoku-Chihou-Taiheiyou-Oki Earthquake-OpeCF</link:label>
    <link:labelArc xlink:type="arc" xlink:arcrole="http://www.xbrl.org/2003/arcrole/concept-label" xlink:from="PaymentsForExtraordinaryLossOnTheTohokuChihouTaiheiyouOkiEarthquakeOpeCF" xlink:to="label_PaymentsForExtraordinaryLossOnTheTohokuChihouTaiheiyouOkiEarthquakeOpeCF_2" />
    <link:label xlink:type="resource" xlink:label="label_GrantsInAidFromNuclearDamageLiabilityAndNuclearReactorDecommissionFacilitationFundReceivedOpeCF" xml:lang="en" xlink:role="http://www.xbrl.org/2003/role/label" id="label_GrantsInAidFromNuclearDamageLiabilityAndNuclearReactorDecommissionFacilitationFundReceivedOpeCF">Grants-in-aid from Nuclear Damage Liability and Nuclear Reactor Decommission Facilitation Fund received</link:label>
    <link:labelArc xlink:type="arc" xlink:arcrole="http://www.xbrl.org/2003/arcrole/concept-label" xlink:from="GrantsInAidFromNuclearDamageLiabilityAndNuclearReactorDecommissionFacilitationFundReceivedOpeCF" xlink:to="label_GrantsInAidFromNuclearDamageLiabilityAndNuclearReactorDecommissionFacilitationFundReceivedOpeCF" />
    <link:label xlink:type="resource" xlink:label="label_GrantsInAidFromNuclearDamageLiabilityAndNuclearReactorDecommissionFacilitationFundReceivedOpeCF_2" xml:lang="en" xlink:role="http://www.xbrl.org/2003/role/verboseLabel" id="label_GrantsInAidFromNuclearDamageLiabilityAndNuclearReactorDecommissionFacilitationFundReceivedOpeCF_2">Grants-in-aid from Nuclear Damage Liability and Nuclear Reactor Decommission Facilitation Fund received-OpeCF</link:label>
    <link:labelArc xlink:type="arc" xlink:arcrole="http://www.xbrl.org/2003/arcrole/concept-label" xlink:from="GrantsInAidFromNuclearDamageLiabilityAndNuclearReactorDecommissionFacilitationFundReceivedOpeCF" xlink:to="label_GrantsInAidFromNuclearDamageLiabilityAndNuclearReactorDecommissionFacilitationFundReceivedOpeCF_2" />
    <link:label xlink:type="resource" xlink:label="label_CompensationForNuclearPowerRelatedDamagesPaidOpeCFELE" xml:lang="en" xlink:role="http://www.xbrl.org/2003/role/label" id="label_CompensationForNuclearPowerRelatedDamagesPaidOpeCFELE">Compensation for nuclear power-related damages paid</link:label>
    <link:labelArc xlink:type="arc" xlink:arcrole="http://www.xbrl.org/2003/arcrole/concept-label" xlink:from="CompensationForNuclearPowerRelatedDamagesPaidOpeCFELE" xlink:to="label_CompensationForNuclearPowerRelatedDamagesPaidOpeCFELE" />
    <link:label xlink:type="resource" xlink:label="label_CompensationForNuclearPowerRelatedDamagesPaidOpeCFELE_2" xml:lang="en" xlink:role="http://www.xbrl.org/2003/role/verboseLabel" id="label_CompensationForNuclearPowerRelatedDamagesPaidOpeCFELE_2">Compensation for nuclear power-related damages paid-OpeCF-ELE</link:label>
    <link:labelArc xlink:type="arc" xlink:arcrole="http://www.xbrl.org/2003/arcrole/concept-label" xlink:from="CompensationForNuclearPowerRelatedDamagesPaidOpeCFELE" xlink:to="label_CompensationForNuclearPowerRelatedDamagesPaidOpeCFELE_2" />
    <link:label xlink:type="resource" xlink:label="label_GainOnReversalOfProvisionForLossOnDisasterOpeCF" xml:lang="en" xlink:role="http://www.xbrl.org/2003/role/label" id="label_GainOnReversalOfProvisionForLossOnDisasterOpeCF">Gain on reversal of provision for loss on disaster</link:label>
    <link:labelArc xlink:type="arc" xlink:arcrole="http://www.xbrl.org/2003/arcrole/concept-label" xlink:from="GainOnReversalOfProvisionForLossOnDisasterOpeCF" xlink:to="label_GainOnReversalOfProvisionForLossOnDisasterOpeCF" />
    <link:label xlink:type="resource" xlink:label="label_GainOnReversalOfProvisionForLossOnDisasterOpeCF_2" xml:lang="en" xlink:role="http://www.xbrl.org/2003/role/verboseLabel" id="label_GainOnReversalOfProvisionForLossOnDisasterOpeCF_2">Gain on reversal of provision for loss on disaster-OpeCF</link:label>
    <link:labelArc xlink:type="arc" xlink:arcrole="http://www.xbrl.org/2003/arcrole/concept-label" xlink:from="GainOnReversalOfProvisionForLossOnDisasterOpeCF" xlink:to="label_GainOnReversalOfProvisionForLossOnDisasterOpeCF_2" />
    <link:label xlink:type="resource" xlink:label="label_LossOnDecommissioningOfTEPCOFukushimaDainiNuclearPowerStationOpeCF" xml:lang="en" xlink:role="http://www.xbrl.org/2003/role/label" id="label_LossOnDecommissioningOfTEPCOFukushimaDainiNuclearPowerStationOpeCF">Loss on decommissioning of TEPCO Fukushima Daini Nuclear Power Station</link:label>
    <link:labelArc xlink:type="arc" xlink:arcrole="http://www.xbrl.org/2003/arcrole/concept-label" xlink:from="LossOnDecommissioningOfTEPCOFukushimaDainiNuclearPowerStationOpeCF" xlink:to="label_LossOnDecommissioningOfTEPCOFukushimaDainiNuclearPowerStationOpeCF" />
    <link:label xlink:type="resource" xlink:label="label_LossOnDecommissioningOfTEPCOFukushimaDainiNuclearPowerStationOpeCF_2" xml:lang="en" xlink:role="http://www.xbrl.org/2003/role/verboseLabel" id="label_LossOnDecommissioningOfTEPCOFukushimaDainiNuclearPowerStationOpeCF_2">Loss on decommissioning of TEPCO Fukushima Daini Nuclear Power Station-OpeCF</link:label>
    <link:labelArc xlink:type="arc" xlink:arcrole="http://www.xbrl.org/2003/arcrole/concept-label" xlink:from="LossOnDecommissioningOfTEPCOFukushimaDainiNuclearPowerStationOpeCF" xlink:to="label_LossOnDecommissioningOfTEPCOFukushimaDainiNuclearPowerStationOpeCF_2" />
    <link:label xlink:type="resource" xlink:label="label_DecreaseInCashAndCashEquivalentsDueToChangeInScopeOfConsolidation" xml:lang="en" xlink:role="http://www.xbrl.org/2003/role/label" id="label_DecreaseInCashAndCashEquivalentsDueToChangeInScopeOfConsolidation">Decrease in cash and cash equivalents due to change in scope of consolidation</link:label>
    <link:labelArc xlink:type="arc" xlink:arcrole="http://www.xbrl.org/2003/arcrole/concept-label" xlink:from="DecreaseInCashAndCashEquivalentsDueToChangeInScopeOfConsolidation" xlink:to="label_DecreaseInCashAndCashEquivalentsDueToChangeInScopeOfConsolidation" />
    <link:label xlink:type="resource" xlink:label="label_DecreaseInCashAndCashEquivalentsDueToChangeInScopeOfConsolidation_2" xml:lang="en" xlink:role="http://www.xbrl.org/2003/role/verboseLabel" id="label_DecreaseInCashAndCashEquivalentsDueToChangeInScopeOfConsolidation_2">Decrease in cash and cash equivalents due to change in scope of consolidation</link:label>
    <link:labelArc xlink:type="arc" xlink:arcrole="http://www.xbrl.org/2003/arcrole/concept-label" xlink:from="DecreaseInCashAndCashEquivalentsDueToChangeInScopeOfConsolidation" xlink:to="label_DecreaseInCashAndCashEquivalentsDueToChangeInScopeOfConsolidation_2" />
    <link:label xlink:type="resource" xlink:label="label_DividendIncome" xml:lang="en" xlink:role="http://www.xbrl.org/2003/role/label" id="label_DividendIncome">Dividend income</link:label>
    <link:labelArc xlink:type="arc" xlink:arcrole="http://www.xbrl.org/2003/arcrole/concept-label" xlink:from="DividendIncome" xlink:to="label_DividendIncome" />
    <link:label xlink:type="resource" xlink:label="label_DividendIncome_2" xml:lang="en" xlink:role="http://www.xbrl.org/2003/role/verboseLabel" id="label_DividendIncome_2">Dividend income</link:label>
    <link:labelArc xlink:type="arc" xlink:arcrole="http://www.xbrl.org/2003/arcrole/concept-label" xlink:from="DividendIncome" xlink:to="label_DividendIncome_2" />
    <link:label xlink:type="resource" xlink:label="label_EmployeesRetirementBenefitExpensesSGAELE" xml:lang="en" xlink:role="http://www.xbrl.org/2003/role/label" id="label_EmployeesRetirementBenefitExpensesSGAELE">Employees' retirement benefit expenses</link:label>
    <link:labelArc xlink:type="arc" xlink:arcrole="http://www.xbrl.org/2003/arcrole/concept-label" xlink:from="EmployeesRetirementBenefitExpensesSGAELE" xlink:to="label_EmployeesRetirementBenefitExpensesSGAELE" />
    <link:label xlink:type="resource" xlink:label="label_EmployeesRetirementBenefitExpensesSGAELE_2" xml:lang="en" xlink:role="http://www.xbrl.org/2003/role/verboseLabel" id="label_EmployeesRetirementBenefitExpensesSGAELE_2">Employees' retirement benefit expenses-SGA-ELE</link:label>
    <link:labelArc xlink:type="arc" xlink:arcrole="http://www.xbrl.org/2003/arcrole/concept-label" xlink:from="EmployeesRetirementBenefitExpensesSGAELE" xlink:to="label_EmployeesRetirementBenefitExpensesSGAELE_2" />
    <link:label xlink:type="resource" xlink:label="label_ProvisionsForReservesTextBlock" xml:lang="en" xlink:role="http://www.xbrl.org/2003/role/label" id="label_ProvisionsForReservesTextBlock">Provisions for reserves</link:label>
    <link:labelArc xlink:type="arc" xlink:arcrole="http://www.xbrl.org/2003/arcrole/concept-label" xlink:from="ProvisionsForReservesTextBlock" xlink:to="label_ProvisionsForReservesTextBlock" />
    <link:label xlink:type="resource" xlink:label="label_ProvisionsForReservesTextBlock_2" xml:lang="en" xlink:role="http://www.xbrl.org/2003/role/verboseLabel" id="label_ProvisionsForReservesTextBlock_2">Provisions for reserves [text block]</link:label>
    <link:labelArc xlink:type="arc" xlink:arcrole="http://www.xbrl.org/2003/arcrole/concept-label" xlink:from="ProvisionsForReservesTextBlock" xlink:to="label_ProvisionsForReservesTextBlock_2" />
    <link:label xlink:type="resource" xlink:label="label_NotesRegardingCompensationForNuclearPowerRelatedDamagesAndGrantsInAidFromNuclearDamageLiabilityFacilitationFund" xml:lang="en" xlink:role="http://www.xbrl.org/2003/role/label" id="label_NotesRegardingCompensationForNuclearPowerRelatedDamagesAndGrantsInAidFromNuclearDamageLiabilityFacilitationFund">Notes regarding Compensation for nuclear power-related damages and Grants-in-aid from Nuclear Damage Liability Facilitation Fund</link:label>
    <link:labelArc xlink:type="arc" xlink:arcrole="http://www.xbrl.org/2003/arcrole/concept-label" xlink:from="NotesRegardingCompensationForNuclearPowerRelatedDamagesAndGrantsInAidFromNuclearDamageLiabilityFacilitationFund" xlink:to="label_NotesRegardingCompensationForNuclearPowerRelatedDamagesAndGrantsInAidFromNuclearDamageLiabilityFacilitationFund" />
    <link:label xlink:type="resource" xlink:label="label_NotesRegardingCompensationForNuclearPowerRelatedDamagesAndGrantsInAidFromNuclearDamageLiabilityFacilitationFund_2" xml:lang="en" xlink:role="http://www.xbrl.org/2003/role/verboseLabel" id="label_NotesRegardingCompensationForNuclearPowerRelatedDamagesAndGrantsInAidFromNuclearDamageLiabilityFacilitationFund_2">Notes regarding Compensation for nuclear power-related damages and Grants-in-aid from Nuclear Damage Liability Facilitation Fund</link:label>
    <link:labelArc xlink:type="arc" xlink:arcrole="http://www.xbrl.org/2003/arcrole/concept-label" xlink:from="NotesRegardingCompensationForNuclearPowerRelatedDamagesAndGrantsInAidFromNuclearDamageLiabilityFacilitationFund" xlink:to="label_NotesRegardingCompensationForNuclearPowerRelatedDamagesAndGrantsInAidFromNuclearDamageLiabilityFacilitationFund_2" />
    <link:label xlink:type="resource" xlink:label="label_NotesRegardingLossOnDisasterTextBlock" xml:lang="en" xlink:role="http://www.xbrl.org/2003/role/label" id="label_NotesRegardingLossOnDisasterTextBlock">Notes regarding loss on disaster</link:label>
    <link:labelArc xlink:type="arc" xlink:arcrole="http://www.xbrl.org/2003/arcrole/concept-label" xlink:from="NotesRegardingLossOnDisasterTextBlock" xlink:to="label_NotesRegardingLossOnDisasterTextBlock" />
    <link:label xlink:type="resource" xlink:label="label_NotesRegardingLossOnDisasterTextBlock_2" xml:lang="en" xlink:role="http://www.xbrl.org/2003/role/verboseLabel" id="label_NotesRegardingLossOnDisasterTextBlock_2">Notes regarding loss on disaster [text block]</link:label>
    <link:labelArc xlink:type="arc" xlink:arcrole="http://www.xbrl.org/2003/arcrole/concept-label" xlink:from="NotesRegardingLossOnDisasterTextBlock" xlink:to="label_NotesRegardingLossOnDisasterTextBlock_2" />
    <link:label xlink:type="resource" xlink:label="label_NotesRegardingLossOnDecommissioningOfTEPCOFukushimaDainiNuclearPowerStationAndGainOnReversalOfProvisionForLossOnDisasterTextBlock" xml:lang="en" xlink:role="http://www.xbrl.org/2003/role/label" id="label_NotesRegardingLossOnDecommissioningOfTEPCOFukushimaDainiNuclearPowerStationAndGainOnReversalOfProvisionForLossOnDisasterTextBlock">Notes regarding Loss on decommissioning of TEPCO Fukushima Daini Nuclear Power Station and Gain on reversal of provision for loss on disaster</link:label>
    <link:labelArc xlink:type="arc" xlink:arcrole="http://www.xbrl.org/2003/arcrole/concept-label" xlink:from="NotesRegardingLossOnDecommissioningOfTEPCOFukushimaDainiNuclearPowerStationAndGainOnReversalOfProvisionForLossOnDisasterTextBlock" xlink:to="label_NotesRegardingLossOnDecommissioningOfTEPCOFukushimaDainiNuclearPowerStationAndGainOnReversalOfProvisionForLossOnDisasterTextBlock" />
    <link:label xlink:type="resource" xlink:label="label_NotesRegardingLossOnDecommissioningOfTEPCOFukushimaDainiNuclearPowerStationAndGainOnReversalOfProvisionForLossOnDisasterTextBlock_2" xml:lang="en" xlink:role="http://www.xbrl.org/2003/role/verboseLabel" id="label_NotesRegardingLossOnDecommissioningOfTEPCOFukushimaDainiNuclearPowerStationAndGainOnReversalOfProvisionForLossOnDisasterTextBlock_2">Notes regarding Loss on decommissioning of TEPCO Fukushima Daini Nuclear Power Station and Gain on reversal of provision for loss on disaster [text block]</link:label>
    <link:labelArc xlink:type="arc" xlink:arcrole="http://www.xbrl.org/2003/arcrole/concept-label" xlink:from="NotesRegardingLossOnDecommissioningOfTEPCOFukushimaDainiNuclearPowerStationAndGainOnReversalOfProvisionForLossOnDisasterTextBlock" xlink:to="label_NotesRegardingLossOnDecommissioningOfTEPCOFukushimaDainiNuclearPowerStationAndGainOnReversalOfProvisionForLossOnDisasterTextBlock_2" />
    <link:label xlink:type="resource" xlink:label="label_ReserveFundForNuclearReactorDecommissioningIOAELE" xml:lang="en" xlink:role="http://www.xbrl.org/2003/role/label" id="label_ReserveFundForNuclearReactorDecommissioningIOAELE">Reserve fund for nuclear reactor decommissioning</link:label>
    <link:labelArc xlink:type="arc" xlink:arcrole="http://www.xbrl.org/2003/arcrole/concept-label" xlink:from="ReserveFundForNuclearReactorDecommissioningIOAELE" xlink:to="label_ReserveFundForNuclearReactorDecommissioningIOAELE" />
    <link:label xlink:type="resource" xlink:label="label_ReserveFundForNuclearReactorDecommissioningIOAELE_2" xml:lang="en" xlink:role="http://www.xbrl.org/2003/role/verboseLabel" id="label_ReserveFundForNuclearReactorDecommissioningIOAELE_2">Reserve fund for nuclear reactor decommissioning -IOA-ELE</link:label>
    <link:labelArc xlink:type="arc" xlink:arcrole="http://www.xbrl.org/2003/arcrole/concept-label" xlink:from="ReserveFundForNuclearReactorDecommissioningIOAELE" xlink:to="label_ReserveFundForNuclearReactorDecommissioningIOAELE_2" />
    <link:label xlink:type="resource" xlink:label="label_ProvisionForPreparationOfRemovalOfReactorCoresInSpecifiedNuclearPowerFacilitiesNCLELE" xml:lang="en" xlink:role="http://www.xbrl.org/2003/role/label" id="label_ProvisionForPreparationOfRemovalOfReactorCoresInSpecifiedNuclearPowerFacilitiesNCLELE">Provision for preparation of removal of reactor cores in specified nuclear power facilities</link:label>
    <link:labelArc xlink:type="arc" xlink:arcrole="http://www.xbrl.org/2003/arcrole/concept-label" xlink:from="ProvisionForPreparationOfRemovalOfReactorCoresInSpecifiedNuclearPowerFacilitiesNCLELE" xlink:to="label_ProvisionForPreparationOfRemovalOfReactorCoresInSpecifiedNuclearPowerFacilitiesNCLELE" />
    <link:label xlink:type="resource" xlink:label="label_ProvisionForPreparationOfRemovalOfReactorCoresInSpecifiedNuclearPowerFacilitiesNCLELE_2" xml:lang="en" xlink:role="http://www.xbrl.org/2003/role/verboseLabel" id="label_ProvisionForPreparationOfRemovalOfReactorCoresInSpecifiedNuclearPowerFacilitiesNCLELE_2">Provision for preparation of removal of reactor cores in specified nuclear power facilities-NCL-ELE</link:label>
    <link:labelArc xlink:type="arc" xlink:arcrole="http://www.xbrl.org/2003/arcrole/concept-label" xlink:from="ProvisionForPreparationOfRemovalOfReactorCoresInSpecifiedNuclearPowerFacilitiesNCLELE" xlink:to="label_ProvisionForPreparationOfRemovalOfReactorCoresInSpecifiedNuclearPowerFacilitiesNCLELE_2" />
    <link:label xlink:type="resource" xlink:label="label_ProvisionForRemovalOfReactorCoresInSpecifiedNuclearPowerFacilitiesNCLELE" xml:lang="en" xlink:role="http://www.xbrl.org/2003/role/label" id="label_ProvisionForRemovalOfReactorCoresInSpecifiedNuclearPowerFacilitiesNCLELE">Provision for removal of reactor cores in specified nuclear power facilities</link:label>
    <link:labelArc xlink:type="arc" xlink:arcrole="http://www.xbrl.org/2003/arcrole/concept-label" xlink:from="ProvisionForRemovalOfReactorCoresInSpecifiedNuclearPowerFacilitiesNCLELE" xlink:to="label_ProvisionForRemovalOfReactorCoresInSpecifiedNuclearPowerFacilitiesNCLELE" />
    <link:label xlink:type="resource" xlink:label="label_ProvisionForRemovalOfReactorCoresInSpecifiedNuclearPowerFacilitiesNCLELE_2" xml:lang="en" xlink:role="http://www.xbrl.org/2003/role/verboseLabel" id="label_ProvisionForRemovalOfReactorCoresInSpecifiedNuclearPowerFacilitiesNCLELE_2">Provision for removal of reactor cores in specified nuclear power facilities -NCL-ELE</link:label>
    <link:labelArc xlink:type="arc" xlink:arcrole="http://www.xbrl.org/2003/arcrole/concept-label" xlink:from="ProvisionForRemovalOfReactorCoresInSpecifiedNuclearPowerFacilitiesNCLELE" xlink:to="label_ProvisionForRemovalOfReactorCoresInSpecifiedNuclearPowerFacilitiesNCLELE_2" />
    <link:label xlink:type="resource" xlink:label="label_ProvisionForCompensationForNuclearPowerRelatedDamagesNCLELE" xml:lang="en" xlink:role="http://www.xbrl.org/2003/role/label" id="label_ProvisionForCompensationForNuclearPowerRelatedDamagesNCLELE">Provision for compensation for nuclear power-related damages</link:label>
    <link:labelArc xlink:type="arc" xlink:arcrole="http://www.xbrl.org/2003/arcrole/concept-label" xlink:from="ProvisionForCompensationForNuclearPowerRelatedDamagesNCLELE" xlink:to="label_ProvisionForCompensationForNuclearPowerRelatedDamagesNCLELE" />
    <link:label xlink:type="resource" xlink:label="label_ProvisionForCompensationForNuclearPowerRelatedDamagesNCLELE_2" xml:lang="en" xlink:role="http://www.xbrl.org/2003/role/verboseLabel" id="label_ProvisionForCompensationForNuclearPowerRelatedDamagesNCLELE_2">Provision for compensation for nuclear power-related damages-NCL-ELE</link:label>
    <link:labelArc xlink:type="arc" xlink:arcrole="http://www.xbrl.org/2003/arcrole/concept-label" xlink:from="ProvisionForCompensationForNuclearPowerRelatedDamagesNCLELE" xlink:to="label_ProvisionForCompensationForNuclearPowerRelatedDamagesNCLELE_2" />
    <link:label xlink:type="resource" xlink:label="label_HoldingsReportableSegmentsMember" xml:lang="en" xlink:role="http://www.xbrl.org/2003/role/label" id="label_HoldingsReportableSegmentsMember">Holdings</link:label>
    <link:labelArc xlink:type="arc" xlink:arcrole="http://www.xbrl.org/2003/arcrole/concept-label" xlink:from="HoldingsReportableSegmentsMember" xlink:to="label_HoldingsReportableSegmentsMember" />
    <link:label xlink:type="resource" xlink:label="label_HoldingsReportableSegmentsMember_2" xml:lang="en" xlink:role="http://www.xbrl.org/2003/role/verboseLabel" id="label_HoldingsReportableSegmentsMember_2">Holdings, Reportable segments [member]</link:label>
    <link:labelArc xlink:type="arc" xlink:arcrole="http://www.xbrl.org/2003/arcrole/concept-label" xlink:from="HoldingsReportableSegmentsMember" xlink:to="label_HoldingsReportableSegmentsMember_2" />
    <link:label xlink:type="resource" xlink:label="label_FuelAndPowerCompanyReportableSegmentsMember" xml:lang="en" xlink:role="http://www.xbrl.org/2003/role/label" id="label_FuelAndPowerCompanyReportableSegmentsMember">Fuel and Power Company</link:label>
    <link:labelArc xlink:type="arc" xlink:arcrole="http://www.xbrl.org/2003/arcrole/concept-label" xlink:from="FuelAndPowerCompanyReportableSegmentsMember" xlink:to="label_FuelAndPowerCompanyReportableSegmentsMember" />
    <link:label xlink:type="resource" xlink:label="label_FuelAndPowerCompanyReportableSegmentsMember_2" xml:lang="en" xlink:role="http://www.xbrl.org/2003/role/verboseLabel" id="label_FuelAndPowerCompanyReportableSegmentsMember_2">Fuel and Power Company, Reportable segments [member]</link:label>
    <link:labelArc xlink:type="arc" xlink:arcrole="http://www.xbrl.org/2003/arcrole/concept-label" xlink:from="FuelAndPowerCompanyReportableSegmentsMember" xlink:to="label_FuelAndPowerCompanyReportableSegmentsMember_2" />
    <link:label xlink:type="resource" xlink:label="label_PowerGridCompanyReportableSegmentsMember" xml:lang="en" xlink:role="http://www.xbrl.org/2003/role/label" id="label_PowerGridCompanyReportableSegmentsMember">Power Grid Company</link:label>
    <link:labelArc xlink:type="arc" xlink:arcrole="http://www.xbrl.org/2003/arcrole/concept-label" xlink:from="PowerGridCompanyReportableSegmentsMember" xlink:to="label_PowerGridCompanyReportableSegmentsMember" />
    <link:label xlink:type="resource" xlink:label="label_PowerGridCompanyReportableSegmentsMember_2" xml:lang="en" xlink:role="http://www.xbrl.org/2003/role/verboseLabel" id="label_PowerGridCompanyReportableSegmentsMember_2">Power Grid Company, Reportable segments [member]</link:label>
    <link:labelArc xlink:type="arc" xlink:arcrole="http://www.xbrl.org/2003/arcrole/concept-label" xlink:from="PowerGridCompanyReportableSegmentsMember" xlink:to="label_PowerGridCompanyReportableSegmentsMember_2" />
    <link:label xlink:type="resource" xlink:label="label_EnergyPartnerCompanyReportableSegmentsMember" xml:lang="en" xlink:role="http://www.xbrl.org/2003/role/label" id="label_EnergyPartnerCompanyReportableSegmentsMember">Energy Partner Company</link:label>
    <link:labelArc xlink:type="arc" xlink:arcrole="http://www.xbrl.org/2003/arcrole/concept-label" xlink:from="EnergyPartnerCompanyReportableSegmentsMember" xlink:to="label_EnergyPartnerCompanyReportableSegmentsMember" />
    <link:label xlink:type="resource" xlink:label="label_EnergyPartnerCompanyReportableSegmentsMember_2" xml:lang="en" xlink:role="http://www.xbrl.org/2003/role/verboseLabel" id="label_EnergyPartnerCompanyReportableSegmentsMember_2">Energy Partner Company, Reportable segments [member]</link:label>
    <link:labelArc xlink:type="arc" xlink:arcrole="http://www.xbrl.org/2003/arcrole/concept-label" xlink:from="EnergyPartnerCompanyReportableSegmentsMember" xlink:to="label_EnergyPartnerCompanyReportableSegmentsMember_2" />
    <link:label xlink:type="resource" xlink:label="label_LossOnDecommissioningOfTEPCOFukushimaDainiNuclearPowerStationSegmentInformation" xml:lang="en" xlink:role="http://www.xbrl.org/2003/role/label" id="label_LossOnDecommissioningOfTEPCOFukushimaDainiNuclearPowerStationSegmentInformation">Loss on decommissioning of TEPCO Fukushima Daini Nuclear Power Station</link:label>
    <link:labelArc xlink:type="arc" xlink:arcrole="http://www.xbrl.org/2003/arcrole/concept-label" xlink:from="LossOnDecommissioningOfTEPCOFukushimaDainiNuclearPowerStationSegmentInformation" xlink:to="label_LossOnDecommissioningOfTEPCOFukushimaDainiNuclearPowerStationSegmentInformation" />
    <link:label xlink:type="resource" xlink:label="label_LossOnDecommissioningOfTEPCOFukushimaDainiNuclearPowerStationSegmentInformation_2" xml:lang="en" xlink:role="http://www.xbrl.org/2003/role/verboseLabel" id="label_LossOnDecommissioningOfTEPCOFukushimaDainiNuclearPowerStationSegmentInformation_2">Loss on decommissioning of TEPCO Fukushima Daini Nuclear Power Station, Segment Information</link:label>
    <link:labelArc xlink:type="arc" xlink:arcrole="http://www.xbrl.org/2003/arcrole/concept-label" xlink:from="LossOnDecommissioningOfTEPCOFukushimaDainiNuclearPowerStationSegmentInformation" xlink:to="label_LossOnDecommissioningOfTEPCOFukushimaDainiNuclearPowerStationSegmentInformation_2" />
    <link:label xlink:type="resource" xlink:label="label_MitsushiSaikiMember" xml:lang="en" xlink:role="http://www.xbrl.org/2003/role/label" id="label_MitsushiSaikiMember">Mitsushi Saiki</link:label>
    <link:labelArc xlink:type="arc" xlink:arcrole="http://www.xbrl.org/2003/arcrole/concept-label" xlink:from="MitsushiSaikiMember" xlink:to="label_MitsushiSaikiMember" />
    <link:label xlink:type="resource" xlink:label="label_MitsushiSaikiMember_2" xml:lang="en" xlink:role="http://www.xbrl.org/2003/role/verboseLabel" id="label_MitsushiSaikiMember_2">Mitsushi Saiki [member]</link:label>
    <link:labelArc xlink:type="arc" xlink:arcrole="http://www.xbrl.org/2003/arcrole/concept-label" xlink:from="MitsushiSaikiMember" xlink:to="label_MitsushiSaikiMember_2" />
    <link:label xlink:type="resource" xlink:label="label_TomomichiSekiMember" xml:lang="en" xlink:role="http://www.xbrl.org/2003/role/label" id="label_TomomichiSekiMember">Tomomichi Seki</link:label>
    <link:labelArc xlink:type="arc" xlink:arcrole="http://www.xbrl.org/2003/arcrole/concept-label" xlink:from="TomomichiSekiMember" xlink:to="label_TomomichiSekiMember" />
    <link:label xlink:type="resource" xlink:label="label_TomomichiSekiMember_2" xml:lang="en" xlink:role="http://www.xbrl.org/2003/role/verboseLabel" id="label_TomomichiSekiMember_2">Tomomichi Seki [member]</link:label>
    <link:labelArc xlink:type="arc" xlink:arcrole="http://www.xbrl.org/2003/arcrole/concept-label" xlink:from="TomomichiSekiMember" xlink:to="label_TomomichiSekiMember_2" />
    <link:label xlink:type="resource" xlink:label="label_RyutaroYamamotoMember" xml:lang="en" xlink:role="http://www.xbrl.org/2003/role/label" id="label_RyutaroYamamotoMember">Ryutaro Yamamoto</link:label>
    <link:labelArc xlink:type="arc" xlink:arcrole="http://www.xbrl.org/2003/arcrole/concept-label" xlink:from="RyutaroYamamotoMember" xlink:to="label_RyutaroYamamotoMember" />
    <link:label xlink:type="resource" xlink:label="label_RyutaroYamamotoMember_2" xml:lang="en" xlink:role="http://www.xbrl.org/2003/role/verboseLabel" id="label_RyutaroYamamotoMember_2">Ryutaro Yamamoto [member]</link:label>
    <link:labelArc xlink:type="arc" xlink:arcrole="http://www.xbrl.org/2003/arcrole/concept-label" xlink:from="RyutaroYamamotoMember" xlink:to="label_RyutaroYamamotoMember_2" />
    <link:label xlink:type="resource" xlink:label="label_RikuoOhtsukiMember" xml:lang="en" xlink:role="http://www.xbrl.org/2003/role/label" id="label_RikuoOhtsukiMember">Rikuo Ohtsuki</link:label>
    <link:labelArc xlink:type="arc" xlink:arcrole="http://www.xbrl.org/2003/arcrole/concept-label" xlink:from="RikuoOhtsukiMember" xlink:to="label_RikuoOhtsukiMember" />
    <link:label xlink:type="resource" xlink:label="label_RikuoOhtsukiMember_2" xml:lang="en" xlink:role="http://www.xbrl.org/2003/role/verboseLabel" id="label_RikuoOhtsukiMember_2">Rikuo Ohtsuki [member]</link:label>
    <link:labelArc xlink:type="arc" xlink:arcrole="http://www.xbrl.org/2003/arcrole/concept-label" xlink:from="RikuoOhtsukiMember" xlink:to="label_RikuoOhtsukiMember_2" />
    <link:label xlink:type="resource" xlink:label="label_MasashiNagasawaMember" xml:lang="en" xlink:role="http://www.xbrl.org/2003/role/label" id="label_MasashiNagasawaMember">Masashi Nagasawa</link:label>
    <link:labelArc xlink:type="arc" xlink:arcrole="http://www.xbrl.org/2003/arcrole/concept-label" xlink:from="MasashiNagasawaMember" xlink:to="label_MasashiNagasawaMember" />
    <link:label xlink:type="resource" xlink:label="label_MasashiNagasawaMember_2" xml:lang="en" xlink:role="http://www.xbrl.org/2003/role/verboseLabel" id="label_MasashiNagasawaMember_2">Masashi Nagasawa [member]</link:label>
    <link:labelArc xlink:type="arc" xlink:arcrole="http://www.xbrl.org/2003/arcrole/concept-label" xlink:from="MasashiNagasawaMember" xlink:to="label_MasashiNagasawaMember_2" />
    <link:label xlink:type="resource" xlink:label="label_AkiraOnoMember" xml:lang="en" xlink:role="http://www.xbrl.org/2003/role/verboseLabel" id="label_AkiraOnoMember">Akira Ono [member]</link:label>
    <link:labelArc xlink:type="arc" xlink:arcrole="http://www.xbrl.org/2003/arcrole/concept-label" xlink:from="AkiraOnoMember" xlink:to="label_AkiraOnoMember" />
    <link:label xlink:type="resource" xlink:label="label_AkiraOnoMember_2" xml:lang="en" xlink:role="http://www.xbrl.org/2003/role/label" id="label_AkiraOnoMember_2">Akira Ono</link:label>
    <link:labelArc xlink:type="arc" xlink:arcrole="http://www.xbrl.org/2003/arcrole/concept-label" xlink:from="AkiraOnoMember" xlink:to="label_AkiraOnoMember_2" />
    <link:label xlink:type="resource" xlink:label="label_MakotoOkuraMember" xml:lang="en" xlink:role="http://www.xbrl.org/2003/role/label" id="label_MakotoOkuraMember">Makoto Okura</link:label>
    <link:labelArc xlink:type="arc" xlink:arcrole="http://www.xbrl.org/2003/arcrole/concept-label" xlink:from="MakotoOkuraMember" xlink:to="label_MakotoOkuraMember" />
    <link:label xlink:type="resource" xlink:label="label_MakotoOkuraMember_2" xml:lang="en" xlink:role="http://www.xbrl.org/2003/role/verboseLabel" id="label_MakotoOkuraMember_2">Makoto Okura [member]</link:label>
    <link:labelArc xlink:type="arc" xlink:arcrole="http://www.xbrl.org/2003/arcrole/concept-label" xlink:from="MakotoOkuraMember" xlink:to="label_MakotoOkuraMember_2" />
    <link:label xlink:type="resource" xlink:label="label_MasayaKittaMember" xml:lang="en" xlink:role="http://www.xbrl.org/2003/role/label" id="label_MasayaKittaMember">Masaya Kitta</link:label>
    <link:labelArc xlink:type="arc" xlink:arcrole="http://www.xbrl.org/2003/arcrole/concept-label" xlink:from="MasayaKittaMember" xlink:to="label_MasayaKittaMember" />
    <link:label xlink:type="resource" xlink:label="label_MasayaKittaMember_2" xml:lang="en" xlink:role="http://www.xbrl.org/2003/role/verboseLabel" id="label_MasayaKittaMember_2">Masaya Kitta [member]</link:label>
    <link:labelArc xlink:type="arc" xlink:arcrole="http://www.xbrl.org/2003/arcrole/concept-label" xlink:from="MasayaKittaMember" xlink:to="label_MasayaKittaMember_2" />
    <link:label xlink:type="resource" xlink:label="label_IsseiSouMember" xml:lang="en" xlink:role="http://www.xbrl.org/2003/role/verboseLabel" id="label_IsseiSouMember">Issei Sou [member]</link:label>
    <link:labelArc xlink:type="arc" xlink:arcrole="http://www.xbrl.org/2003/arcrole/concept-label" xlink:from="IsseiSouMember" xlink:to="label_IsseiSouMember" />
    <link:label xlink:type="resource" xlink:label="label_IsseiSouMember_2" xml:lang="en" xlink:role="http://www.xbrl.org/2003/role/label" id="label_IsseiSouMember_2">Issei Sou</link:label>
    <link:labelArc xlink:type="arc" xlink:arcrole="http://www.xbrl.org/2003/arcrole/concept-label" xlink:from="IsseiSouMember" xlink:to="label_IsseiSouMember_2" />
    <link:label xlink:type="resource" xlink:label="label_MomokoNagasakiMember" xml:lang="en" xlink:role="http://www.xbrl.org/2003/role/label" id="label_MomokoNagasakiMember">Momoko Nagasaki</link:label>
    <link:labelArc xlink:type="arc" xlink:arcrole="http://www.xbrl.org/2003/arcrole/concept-label" xlink:from="MomokoNagasakiMember" xlink:to="label_MomokoNagasakiMember" />
    <link:label xlink:type="resource" xlink:label="label_MomokoNagasakiMember_2" xml:lang="en" xlink:role="http://www.xbrl.org/2003/role/verboseLabel" id="label_MomokoNagasakiMember_2">Momoko Nagasaki [member]</link:label>
    <link:labelArc xlink:type="arc" xlink:arcrole="http://www.xbrl.org/2003/arcrole/concept-label" xlink:from="MomokoNagasakiMember" xlink:to="label_MomokoNagasakiMember_2" />
    <link:label xlink:type="resource" xlink:label="label_ShigehiroYoshinoMember" xml:lang="en" xlink:role="http://www.xbrl.org/2003/role/label" id="label_ShigehiroYoshinoMember">Shigehiro Yoshino</link:label>
    <link:labelArc xlink:type="arc" xlink:arcrole="http://www.xbrl.org/2003/arcrole/concept-label" xlink:from="ShigehiroYoshinoMember" xlink:to="label_ShigehiroYoshinoMember" />
    <link:label xlink:type="resource" xlink:label="label_ShigehiroYoshinoMember_2" xml:lang="en" xlink:role="http://www.xbrl.org/2003/role/verboseLabel" id="label_ShigehiroYoshinoMember_2">Shigehiro Yoshino [member]</link:label>
    <link:labelArc xlink:type="arc" xlink:arcrole="http://www.xbrl.org/2003/arcrole/concept-label" xlink:from="ShigehiroYoshinoMember" xlink:to="label_ShigehiroYoshinoMember_2" />
    <link:label xlink:type="resource" xlink:label="label_HidekoKuniiMember" xml:lang="en" xlink:role="http://www.xbrl.org/2003/role/verboseLabel" id="label_HidekoKuniiMember">Hideko Kunii [member]</link:label>
    <link:labelArc xlink:type="arc" xlink:arcrole="http://www.xbrl.org/2003/arcrole/concept-label" xlink:from="HidekoKuniiMember" xlink:to="label_HidekoKuniiMember" />
    <link:label xlink:type="resource" xlink:label="label_HidekoKuniiMember_2" xml:lang="en" xlink:role="http://www.xbrl.org/2003/role/label" id="label_HidekoKuniiMember_2">Hideko Kunii</link:label>
    <link:labelArc xlink:type="arc" xlink:arcrole="http://www.xbrl.org/2003/arcrole/concept-label" xlink:from="HidekoKuniiMember" xlink:to="label_HidekoKuniiMember_2" />
    <link:label xlink:type="resource" xlink:label="label_ShoeiUtsudaMember" xml:lang="en" xlink:role="http://www.xbrl.org/2003/role/verboseLabel" id="label_ShoeiUtsudaMember">Shoei Utsuda [member]</link:label>
    <link:labelArc xlink:type="arc" xlink:arcrole="http://www.xbrl.org/2003/arcrole/concept-label" xlink:from="ShoeiUtsudaMember" xlink:to="label_ShoeiUtsudaMember" />
    <link:label xlink:type="resource" xlink:label="label_ShoeiUtsudaMember_2" xml:lang="en" xlink:role="http://www.xbrl.org/2003/role/label" id="label_ShoeiUtsudaMember_2">Shoei Utsuda</link:label>
    <link:labelArc xlink:type="arc" xlink:arcrole="http://www.xbrl.org/2003/arcrole/concept-label" xlink:from="ShoeiUtsudaMember" xlink:to="label_ShoeiUtsudaMember_2" />
    <link:label xlink:type="resource" xlink:label="label_HideoTakauraMember" xml:lang="en" xlink:role="http://www.xbrl.org/2003/role/verboseLabel" id="label_HideoTakauraMember">Hideo Takaura [member]</link:label>
    <link:labelArc xlink:type="arc" xlink:arcrole="http://www.xbrl.org/2003/arcrole/concept-label" xlink:from="HideoTakauraMember" xlink:to="label_HideoTakauraMember" />
    <link:label xlink:type="resource" xlink:label="label_HideoTakauraMember_2" xml:lang="en" xlink:role="http://www.xbrl.org/2003/role/label" id="label_HideoTakauraMember_2">Hideo Takaura</link:label>
    <link:labelArc xlink:type="arc" xlink:arcrole="http://www.xbrl.org/2003/arcrole/concept-label" xlink:from="HideoTakauraMember" xlink:to="label_HideoTakauraMember_2" />
    <link:label xlink:type="resource" xlink:label="label_JunjiAnnenMember" xml:lang="en" xlink:role="http://www.xbrl.org/2003/role/verboseLabel" id="label_JunjiAnnenMember">Junji Annen [member]</link:label>
    <link:labelArc xlink:type="arc" xlink:arcrole="http://www.xbrl.org/2003/arcrole/concept-label" xlink:from="JunjiAnnenMember" xlink:to="label_JunjiAnnenMember" />
    <link:label xlink:type="resource" xlink:label="label_JunjiAnnenMember_2" xml:lang="en" xlink:role="http://www.xbrl.org/2003/role/label" id="label_JunjiAnnenMember_2">Junji Annen</link:label>
    <link:labelArc xlink:type="arc" xlink:arcrole="http://www.xbrl.org/2003/arcrole/concept-label" xlink:from="JunjiAnnenMember" xlink:to="label_JunjiAnnenMember_2" />
    <link:label xlink:type="resource" xlink:label="label_NobuhideAkimotoMember" xml:lang="en" xlink:role="http://www.xbrl.org/2003/role/label" id="label_NobuhideAkimotoMember">Nobuhide Akimoto</link:label>
    <link:labelArc xlink:type="arc" xlink:arcrole="http://www.xbrl.org/2003/arcrole/concept-label" xlink:from="NobuhideAkimotoMember" xlink:to="label_NobuhideAkimotoMember" />
    <link:label xlink:type="resource" xlink:label="label_NobuhideAkimotoMember_2" xml:lang="en" xlink:role="http://www.xbrl.org/2003/role/verboseLabel" id="label_NobuhideAkimotoMember_2">Nobuhide Akimoto [member]</link:label>
    <link:labelArc xlink:type="arc" xlink:arcrole="http://www.xbrl.org/2003/arcrole/concept-label" xlink:from="NobuhideAkimotoMember" xlink:to="label_NobuhideAkimotoMember_2" />
    <link:label xlink:type="resource" xlink:label="label_YoshihitoMorishitaMember" xml:lang="en" xlink:role="http://www.xbrl.org/2003/role/verboseLabel" id="label_YoshihitoMorishitaMember">Yoshihito Morishita [member]</link:label>
    <link:labelArc xlink:type="arc" xlink:arcrole="http://www.xbrl.org/2003/arcrole/concept-label" xlink:from="YoshihitoMorishitaMember" xlink:to="label_YoshihitoMorishitaMember" />
    <link:label xlink:type="resource" xlink:label="label_YoshihitoMorishitaMember_2" xml:lang="en" xlink:role="http://www.xbrl.org/2003/role/label" id="label_YoshihitoMorishitaMember_2">Yoshihito Morishita</link:label>
    <link:labelArc xlink:type="arc" xlink:arcrole="http://www.xbrl.org/2003/arcrole/concept-label" xlink:from="YoshihitoMorishitaMember" xlink:to="label_YoshihitoMorishitaMember_2" />
    <link:label xlink:type="resource" xlink:label="label_ShoichiroOnishiMember" xml:lang="en" xlink:role="http://www.xbrl.org/2003/role/verboseLabel" id="label_ShoichiroOnishiMember">Shoichiro Onishi [member]</link:label>
    <link:labelArc xlink:type="arc" xlink:arcrole="http://www.xbrl.org/2003/arcrole/concept-label" xlink:from="ShoichiroOnishiMember" xlink:to="label_ShoichiroOnishiMember" />
    <link:label xlink:type="resource" xlink:label="label_ShoichiroOnishiMember_2" xml:lang="en" xlink:role="http://www.xbrl.org/2003/role/label" id="label_ShoichiroOnishiMember_2">Shoichiro Onishi</link:label>
    <link:labelArc xlink:type="arc" xlink:arcrole="http://www.xbrl.org/2003/arcrole/concept-label" xlink:from="ShoichiroOnishiMember" xlink:to="label_ShoichiroOnishiMember_2" />
    <link:label xlink:type="resource" xlink:label="label_KotaroTanakaMember" xml:lang="en" xlink:role="http://www.xbrl.org/2003/role/verboseLabel" id="label_KotaroTanakaMember">Kotaro Tanaka [member]</link:label>
    <link:labelArc xlink:type="arc" xlink:arcrole="http://www.xbrl.org/2003/arcrole/concept-label" xlink:from="KotaroTanakaMember" xlink:to="label_KotaroTanakaMember" />
    <link:label xlink:type="resource" xlink:label="label_KotaroTanakaMember_2" xml:lang="en" xlink:role="http://www.xbrl.org/2003/role/label" id="label_KotaroTanakaMember_2">Kotaro Tanaka</link:label>
    <link:labelArc xlink:type="arc" xlink:arcrole="http://www.xbrl.org/2003/arcrole/concept-label" xlink:from="KotaroTanakaMember" xlink:to="label_KotaroTanakaMember_2" />
    <link:label xlink:type="resource" xlink:label="label_ShigeoOhyagiMember" xml:lang="en" xlink:role="http://www.xbrl.org/2003/role/verboseLabel" id="label_ShigeoOhyagiMember">Shigeo Ohyagi [member]</link:label>
    <link:labelArc xlink:type="arc" xlink:arcrole="http://www.xbrl.org/2003/arcrole/concept-label" xlink:from="ShigeoOhyagiMember" xlink:to="label_ShigeoOhyagiMember" />
    <link:label xlink:type="resource" xlink:label="label_ShigeoOhyagiMember_2" xml:lang="en" xlink:role="http://www.xbrl.org/2003/role/label" id="label_ShigeoOhyagiMember_2">Shigeo Ohyagi</link:label>
    <link:labelArc xlink:type="arc" xlink:arcrole="http://www.xbrl.org/2003/arcrole/concept-label" xlink:from="ShigeoOhyagiMember" xlink:to="label_ShigeoOhyagiMember_2" />
    <link:label xlink:type="resource" xlink:label="label_TomoakiKobayakawaMember" xml:lang="en" xlink:role="http://www.xbrl.org/2003/role/verboseLabel" id="label_TomoakiKobayakawaMember">Tomoaki Kobayakawa [member]</link:label>
    <link:labelArc xlink:type="arc" xlink:arcrole="http://www.xbrl.org/2003/arcrole/concept-label" xlink:from="TomoakiKobayakawaMember" xlink:to="label_TomoakiKobayakawaMember" />
    <link:label xlink:type="resource" xlink:label="label_TomoakiKobayakawaMember_2" xml:lang="en" xlink:role="http://www.xbrl.org/2003/role/label" id="label_TomoakiKobayakawaMember_2">Tomoaki Kobayakawa</link:label>
    <link:labelArc xlink:type="arc" xlink:arcrole="http://www.xbrl.org/2003/arcrole/concept-label" xlink:from="TomoakiKobayakawaMember" xlink:to="label_TomoakiKobayakawaMember_2" />
    <link:label xlink:type="resource" xlink:label="label_SeiichiFubasamiMember" xml:lang="en" xlink:role="http://www.xbrl.org/2003/role/verboseLabel" id="label_SeiichiFubasamiMember">Seiichi Fubasami [member]</link:label>
    <link:labelArc xlink:type="arc" xlink:arcrole="http://www.xbrl.org/2003/arcrole/concept-label" xlink:from="SeiichiFubasamiMember" xlink:to="label_SeiichiFubasamiMember" />
    <link:label xlink:type="resource" xlink:label="label_SeiichiFubasamiMember_2" xml:lang="en" xlink:role="http://www.xbrl.org/2003/role/label" id="label_SeiichiFubasamiMember_2">Seiichi Fubasami</link:label>
    <link:labelArc xlink:type="arc" xlink:arcrole="http://www.xbrl.org/2003/arcrole/concept-label" xlink:from="SeiichiFubasamiMember" xlink:to="label_SeiichiFubasamiMember_2" />
    <link:label xlink:type="resource" xlink:label="label_SeijiMoriyaMember" xml:lang="en" xlink:role="http://www.xbrl.org/2003/role/verboseLabel" id="label_SeijiMoriyaMember">Seiji Moriya [member]</link:label>
    <link:labelArc xlink:type="arc" xlink:arcrole="http://www.xbrl.org/2003/arcrole/concept-label" xlink:from="SeijiMoriyaMember" xlink:to="label_SeijiMoriyaMember" />
    <link:label xlink:type="resource" xlink:label="label_SeijiMoriyaMember_2" xml:lang="en" xlink:role="http://www.xbrl.org/2003/role/label" id="label_SeijiMoriyaMember_2">Seiji Moriya</link:label>
    <link:labelArc xlink:type="arc" xlink:arcrole="http://www.xbrl.org/2003/arcrole/concept-label" xlink:from="SeijiMoriyaMember" xlink:to="label_SeijiMoriyaMember_2" />
    <link:label xlink:type="resource" xlink:label="label_ShigenoriMakinoMember" xml:lang="en" xlink:role="http://www.xbrl.org/2003/role/verboseLabel" id="label_ShigenoriMakinoMember">Shigenori Makino [member]</link:label>
    <link:labelArc xlink:type="arc" xlink:arcrole="http://www.xbrl.org/2003/arcrole/concept-label" xlink:from="ShigenoriMakinoMember" xlink:to="label_ShigenoriMakinoMember" />
    <link:label xlink:type="resource" xlink:label="label_ShigenoriMakinoMember_2" xml:lang="en" xlink:role="http://www.xbrl.org/2003/role/label" id="label_ShigenoriMakinoMember_2">Shigenori Makino</link:label>
    <link:labelArc xlink:type="arc" xlink:arcrole="http://www.xbrl.org/2003/arcrole/concept-label" xlink:from="ShigenoriMakinoMember" xlink:to="label_ShigenoriMakinoMember_2" />
    <link:label xlink:type="resource" xlink:label="label_ContributionReceivedForNuclearReactorDecommissionORElectricELE" xml:lang="en" xlink:role="http://www.xbrl.org/2003/role/label" id="label_ContributionReceivedForNuclearReactorDecommissionORElectricELE">Contribution received for nuclear reactor decommission</link:label>
    <link:labelArc xlink:type="arc" xlink:arcrole="http://www.xbrl.org/2003/arcrole/concept-label" xlink:from="ContributionReceivedForNuclearReactorDecommissionORElectricELE" xlink:to="label_ContributionReceivedForNuclearReactorDecommissionORElectricELE" />
    <link:label xlink:type="resource" xlink:label="label_ContributionReceivedForNuclearReactorDecommissionORElectricELE_2" xml:lang="en" xlink:role="http://www.xbrl.org/2003/role/verboseLabel" id="label_ContributionReceivedForNuclearReactorDecommissionORElectricELE_2">Contribution received for nuclear reactor decommission-OR-electric-ELE</link:label>
    <link:labelArc xlink:type="arc" xlink:arcrole="http://www.xbrl.org/2003/arcrole/concept-label" xlink:from="ContributionReceivedForNuclearReactorDecommissionORElectricELE" xlink:to="label_ContributionReceivedForNuclearReactorDecommissionORElectricELE_2" />
    <link:label xlink:type="resource" xlink:label="label_OperatingExpensesSharedOfficeBusinessOEIncidentalELE" xml:lang="en" xlink:role="http://www.xbrl.org/2003/role/label" id="label_OperatingExpensesSharedOfficeBusinessOEIncidentalELE">Operating expenses - shared office business</link:label>
    <link:labelArc xlink:type="arc" xlink:arcrole="http://www.xbrl.org/2003/arcrole/concept-label" xlink:from="OperatingExpensesSharedOfficeBusinessOEIncidentalELE" xlink:to="label_OperatingExpensesSharedOfficeBusinessOEIncidentalELE" />
    <link:label xlink:type="resource" xlink:label="label_OperatingExpensesSharedOfficeBusinessOEIncidentalELE_2" xml:lang="en" xlink:role="http://www.xbrl.org/2003/role/verboseLabel" id="label_OperatingExpensesSharedOfficeBusinessOEIncidentalELE_2">Operating expenses-shared office business-OE-incidental-ELE</link:label>
    <link:labelArc xlink:type="arc" xlink:arcrole="http://www.xbrl.org/2003/arcrole/concept-label" xlink:from="OperatingExpensesSharedOfficeBusinessOEIncidentalELE" xlink:to="label_OperatingExpensesSharedOfficeBusinessOEIncidentalELE_2" />
    <link:label xlink:type="resource" xlink:label="label_ExtraordinaryLossOnDisasterEL" xml:lang="en" xlink:role="http://www.xbrl.org/2003/role/label" id="label_ExtraordinaryLossOnDisasterEL">Extraordinary loss on disaster</link:label>
    <link:labelArc xlink:type="arc" xlink:arcrole="http://www.xbrl.org/2003/arcrole/concept-label" xlink:from="ExtraordinaryLossOnDisasterEL" xlink:to="label_ExtraordinaryLossOnDisasterEL" />
    <link:label xlink:type="resource" xlink:label="label_ExtraordinaryLossOnDisasterEL_2" xml:lang="en" xlink:role="http://www.xbrl.org/2003/role/verboseLabel" id="label_ExtraordinaryLossOnDisasterEL_2">Extraordinary loss on disaster-EL</link:label>
    <link:labelArc xlink:type="arc" xlink:arcrole="http://www.xbrl.org/2003/arcrole/concept-label" xlink:from="ExtraordinaryLossOnDisasterEL" xlink:to="label_ExtraordinaryLossOnDisasterEL_2" />
    <link:label xlink:type="resource" xlink:label="label_CompensationForNuclearPowerRelatedDamagesELELE" xml:lang="en" xlink:role="http://www.xbrl.org/2003/role/label" id="label_CompensationForNuclearPowerRelatedDamagesELELE">Compensation for nuclear power-related damages</link:label>
    <link:labelArc xlink:type="arc" xlink:arcrole="http://www.xbrl.org/2003/arcrole/concept-label" xlink:from="CompensationForNuclearPowerRelatedDamagesELELE" xlink:to="label_CompensationForNuclearPowerRelatedDamagesELELE" />
    <link:label xlink:type="resource" xlink:label="label_CompensationForNuclearPowerRelatedDamagesELELE_2" xml:lang="en" xlink:role="http://www.xbrl.org/2003/role/verboseLabel" id="label_CompensationForNuclearPowerRelatedDamagesELELE_2">Compensation for nuclear power-related damages-EL-ELE</link:label>
    <link:labelArc xlink:type="arc" xlink:arcrole="http://www.xbrl.org/2003/arcrole/concept-label" xlink:from="CompensationForNuclearPowerRelatedDamagesELELE" xlink:to="label_CompensationForNuclearPowerRelatedDamagesELELE_2" />
    <link:label xlink:type="resource" xlink:label="label_OperatingRevenueSharedOfficeBusinessOEIncidentalELE" xml:lang="en" xlink:role="http://www.xbrl.org/2003/role/label" id="label_OperatingRevenueSharedOfficeBusinessOEIncidentalELE">Operating revenue - shared office business</link:label>
    <link:labelArc xlink:type="arc" xlink:arcrole="http://www.xbrl.org/2003/arcrole/concept-label" xlink:from="OperatingRevenueSharedOfficeBusinessOEIncidentalELE" xlink:to="label_OperatingRevenueSharedOfficeBusinessOEIncidentalELE" />
    <link:label xlink:type="resource" xlink:label="label_OperatingRevenueSharedOfficeBusinessOEIncidentalELE_2" xml:lang="en" xlink:role="http://www.xbrl.org/2003/role/verboseLabel" id="label_OperatingRevenueSharedOfficeBusinessOEIncidentalELE_2">Operating revenue-shared office business-OE-incidental-ELE</link:label>
    <link:labelArc xlink:type="arc" xlink:arcrole="http://www.xbrl.org/2003/arcrole/concept-label" xlink:from="OperatingRevenueSharedOfficeBusinessOEIncidentalELE" xlink:to="label_OperatingRevenueSharedOfficeBusinessOEIncidentalELE_2" />
    <link:label xlink:type="resource" xlink:label="label_LossOnDecommissioningOfTEPCOFukushimaDainiNuclearPowerStationEL" xml:lang="en" xlink:role="http://www.xbrl.org/2003/role/label" id="label_LossOnDecommissioningOfTEPCOFukushimaDainiNuclearPowerStationEL">Loss on decommissioning of TEPCO Fukushima Daini Nuclear Power Station</link:label>
    <link:labelArc xlink:type="arc" xlink:arcrole="http://www.xbrl.org/2003/arcrole/concept-label" xlink:from="LossOnDecommissioningOfTEPCOFukushimaDainiNuclearPowerStationEL" xlink:to="label_LossOnDecommissioningOfTEPCOFukushimaDainiNuclearPowerStationEL" />
    <link:label xlink:type="resource" xlink:label="label_LossOnDecommissioningOfTEPCOFukushimaDainiNuclearPowerStationEL_2" xml:lang="en" xlink:role="http://www.xbrl.org/2003/role/verboseLabel" id="label_LossOnDecommissioningOfTEPCOFukushimaDainiNuclearPowerStationEL_2">Loss on decommissioning of TEPCO Fukushima Daini Nuclear Power Station-EL</link:label>
    <link:labelArc xlink:type="arc" xlink:arcrole="http://www.xbrl.org/2003/arcrole/concept-label" xlink:from="LossOnDecommissioningOfTEPCOFukushimaDainiNuclearPowerStationEL" xlink:to="label_LossOnDecommissioningOfTEPCOFukushimaDainiNuclearPowerStationEL_2" />
  </link:labelLink>
</link:linkbase>