﻿<?xml version="1.0" encoding="utf-8"?>
<!-- Edited with XiRUTE .NET Library 01-08 -->
<link:linkbase xmlns:xlink="http://www.w3.org/1999/xlink" xmlns:xsi="http://www.w3.org/2001/XMLSchema-instance" xmlns:link="http://www.xbrl.org/2003/linkbase">
  <link:labelLink xlink:type="extended" xlink:role="http://www.xbrl.org/2003/role/link">
    <link:label xml:lang="en" xlink:type="resource" xlink:label="jpcrp_cor_ShareholdingRatio_label" xlink:role="http://www.xbrl.org/2003/role/label">Shareholding ratio (excluding treasury shares)</link:label>
    <link:label xml:lang="en" xlink:type="resource" xlink:label="jpcrp030000-asr_E04502-000_ConsignmemtExpensesElectricUtilityOparatingExpensesSGA_label" xlink:role="http://www.xbrl.org/2003/role/label">Consignmemt expenses</link:label>
    <link:label xml:lang="en" xlink:type="resource" xlink:label="jpcrp030000-asr_E04502-000_ConsignmemtExpensesElectricUtilityOparatingExpensesSGA_label_1" xlink:role="http://www.xbrl.org/2003/role/verboseLabel">Consignmemt expenses, Electric utility oparating expenses-SGA</link:label>
    <link:label xml:lang="en" xlink:type="resource" xlink:label="jpcrp030000-asr_E04502-000_ConsignmemtExpensesElectricUtilityOperatingExpenses_label" xlink:role="http://www.xbrl.org/2003/role/label">Consignmemt expenses</link:label>
    <link:label xml:lang="en" xlink:type="resource" xlink:label="jpcrp030000-asr_E04502-000_ConsignmemtExpensesElectricUtilityOperatingExpenses_label_1" xlink:role="http://www.xbrl.org/2003/role/verboseLabel">Consignmemt expenses, Electric utility operating expenses</link:label>
    <link:label xml:lang="en" xlink:type="resource" xlink:label="jpcrp030000-asr_E04502-000_CustomerServiceAndSalesCompanyReportableSegmentMember_label" xlink:role="http://www.xbrl.org/2003/role/label">Customer service and sales company</link:label>
    <link:label xml:lang="en" xlink:type="resource" xlink:label="jpcrp030000-asr_E04502-000_CustomerServiceAndSalesCompanyReportableSegmentMember_label_1" xlink:role="http://www.xbrl.org/2003/role/verboseLabel">Customer service and sales company, Reportable segment [member]</link:label>
    <link:label xml:lang="en" xlink:type="resource" xlink:label="jpcrp030000-asr_E04502-000_DepreciationElectricUtilityOparatingExpensesSGA_label" xlink:role="http://www.xbrl.org/2003/role/label">Depreciation</link:label>
    <link:label xml:lang="en" xlink:type="resource" xlink:label="jpcrp030000-asr_E04502-000_DepreciationElectricUtilityOparatingExpensesSGA_label_1" xlink:role="http://www.xbrl.org/2003/role/verboseLabel">Depreciation, Electric utility oparating expenses-SGA</link:label>
    <link:label xml:lang="en" xlink:type="resource" xlink:label="jpcrp030000-asr_E04502-000_DepreciationElectricUtilityOperatingExpenses_label" xlink:role="http://www.xbrl.org/2003/role/label">Depreciation</link:label>
    <link:label xml:lang="en" xlink:type="resource" xlink:label="jpcrp030000-asr_E04502-000_DepreciationElectricUtilityOperatingExpenses_label_1" xlink:role="http://www.xbrl.org/2003/role/verboseLabel">Depreciation, Electric utility operating expenses</link:label>
    <link:label xml:lang="en" xlink:type="resource" xlink:label="jpcrp030000-asr_E04502-000_DescriptionOfFactAndReasonWhyNotesBusinessCombinationsIsNotPresentedFinancialStatementsTextBlock_label" xlink:role="http://www.xbrl.org/2003/role/label">Description of fact and reason why notes - business combinations is not presented</link:label>
    <link:label xml:lang="en" xlink:type="resource" xlink:label="jpcrp030000-asr_E04502-000_DescriptionOfFactAndReasonWhyNotesBusinessCombinationsIsNotPresentedFinancialStatementsTextBlock_label_1" xlink:role="http://www.xbrl.org/2003/role/verboseLabel">Description of fact and reason why notes - business combinations is not presented, Financial statements [text block]</link:label>
    <link:label xml:lang="en" xlink:type="resource" xlink:label="jpcrp030000-asr_E04502-000_ElectricUtilityOperatingExpenses_label" xlink:role="http://www.xbrl.org/2003/role/label">Electric utility operating expenses</link:label>
    <link:label xml:lang="en" xlink:type="resource" xlink:label="jpcrp030000-asr_E04502-000_ElectricUtilityOperatingExpenses_label_1" xlink:role="http://www.xbrl.org/2003/role/verboseLabel">Electric utility operating expenses</link:label>
    <link:label xml:lang="en" xlink:type="resource" xlink:label="jpcrp030000-asr_E04502-000_FuelExpensesElectricUtilityOparatingExpensesSGA_label" xlink:role="http://www.xbrl.org/2003/role/label">Fuel expenses</link:label>
    <link:label xml:lang="en" xlink:type="resource" xlink:label="jpcrp030000-asr_E04502-000_FuelExpensesElectricUtilityOparatingExpensesSGA_label_1" xlink:role="http://www.xbrl.org/2003/role/verboseLabel">Fuel expenses, Electric utility oparating expenses-SGA</link:label>
    <link:label xml:lang="en" xlink:type="resource" xlink:label="jpcrp030000-asr_E04502-000_FuelExpensesElectricUtilityOperatingExpenses_label" xlink:role="http://www.xbrl.org/2003/role/label">Fuel expenses</link:label>
    <link:label xml:lang="en" xlink:type="resource" xlink:label="jpcrp030000-asr_E04502-000_FuelExpensesElectricUtilityOperatingExpenses_label_1" xlink:role="http://www.xbrl.org/2003/role/verboseLabel">Fuel expenses, Electric utility operating expenses</link:label>
    <link:label xml:lang="en" xlink:type="resource" xlink:label="jpcrp030000-asr_E04502-000_GainOnChangeInEquityOpeCF_label" xlink:role="http://www.xbrl.org/2003/role/label">Gain on change in equity</link:label>
    <link:label xml:lang="en" xlink:type="resource" xlink:label="jpcrp030000-asr_E04502-000_GainOnChangeInEquityOpeCF_label_1" xlink:role="http://www.xbrl.org/2003/role/verboseLabel">Gain on change in equity-OpeCF</link:label>
    <link:label xml:lang="en" xlink:type="resource" xlink:label="jpcrp030000-asr_E04502-000_IncreaseDecreaseInNetDefinedBenefitLiabilityAndAssetOpeCF_label_1" xlink:role="http://www.xbrl.org/2003/role/label">Increase decrease in net defined benefit liability and asset</link:label>
    <link:label xml:lang="en" xlink:type="resource" xlink:label="jpcrp030000-asr_E04502-000_IncreaseDecreaseInNetDefinedBenefitLiabilityAndAssetOpeCF_label_2" xlink:role="http://www.xbrl.org/2003/role/verboseLabel">Increase decrease in net defined benefit liability and asset-OpeCF</link:label>
    <link:label xml:lang="en" xlink:type="resource" xlink:label="jpcrp030000-asr_E04502-000_IncreaseDecreaseInNetDefinedBenefitLiabilityAndAssetOpeCF_label" xlink:role="http://www.xbrl.org/2003/role/documentation">Increase decrease in net defined benefit liability and asset-OpeCF</link:label>
    <link:label xml:lang="en" xlink:type="resource" xlink:label="jpcrp030000-asr_E04502-000_IncreaseDecreaseInProvisionForLossInConjunctionWithDiscontinuedOperationsOfNuclearPowerPlantsOpeCFELE_label_1" xlink:role="http://www.xbrl.org/2003/role/label">Increase (decrease) in provision for loss in conjunction with discontinued operations of nuclear power plants</link:label>
    <link:label xml:lang="en" xlink:type="resource" xlink:label="jpcrp030000-asr_E04502-000_IncreaseDecreaseInProvisionForLossInConjunctionWithDiscontinuedOperationsOfNuclearPowerPlantsOpeCFELE_label_2" xlink:role="http://www.xbrl.org/2003/role/verboseLabel">Increase (decrease) in provision for loss in conjunction with discontinued operations of nuclear power plants-OpeCF-ELE</link:label>
    <link:label xml:lang="en" xlink:type="resource" xlink:label="jpcrp030000-asr_E04502-000_IncreaseDecreaseInProvisionForLossInConjunctionWithDiscontinuedOperationsOfNuclearPowerPlantsOpeCFELE_label" xlink:role="http://www.xbrl.org/2003/role/documentation">Increase (decrease) in provision for loss in conjunction with discontinued operations of nuclear power plants-OpeCF-ELE</link:label>
    <link:label xml:lang="en" xlink:type="resource" xlink:label="jpcrp030000-asr_E04502-000_InternalTransactionCancellationElectricUtilityOperatingExpenses_label" xlink:role="http://www.xbrl.org/2003/role/label">Internal transaction cancellation</link:label>
    <link:label xml:lang="en" xlink:type="resource" xlink:label="jpcrp030000-asr_E04502-000_InternalTransactionCancellationElectricUtilityOperatingExpenses_label_1" xlink:role="http://www.xbrl.org/2003/role/verboseLabel">Internal transaction cancellation, Electric utility operating expenses</link:label>
    <link:label xml:lang="en" xlink:type="resource" xlink:label="jpcrp030000-asr_E04502-000_LevyUnderActOnPurchaseOfRenewableEnergySourcedElectricityOEElectricELESGA_label" xlink:role="http://www.xbrl.org/2003/role/label">Levy under Act on Purchase of Renewable Energy Sourced Electricity</link:label>
    <link:label xml:lang="en" xlink:type="resource" xlink:label="jpcrp030000-asr_E04502-000_LevyUnderActOnPurchaseOfRenewableEnergySourcedElectricityOEElectricELESGA_label_1" xlink:role="http://www.xbrl.org/2003/role/verboseLabel">Levy under Act on Purchase of Renewable Energy Sourced Electricity-OE-electric-ELE-SGA</link:label>
    <link:label xml:lang="en" xlink:type="resource" xlink:label="jpcrp030000-asr_E04502-000_ManagementAnalysisOfFinancialPositionOperatingResultsAndCashFlowsHeading_label" xlink:role="http://www.xbrl.org/2003/role/label">Management analysis of financial position, operating results and cash flows</link:label>
    <link:label xml:lang="en" xlink:type="resource" xlink:label="jpcrp030000-asr_E04502-000_ManagementAnalysisOfFinancialPositionOperatingResultsAndCashFlowsHeading_label_1" xlink:role="http://www.xbrl.org/2003/role/verboseLabel">Management analysis of financial position, operating results and cash flows [heading]</link:label>
    <link:label xml:lang="en" xlink:type="resource" xlink:label="jpcrp030000-asr_E04502-000_ManagementAnalysisOfFinancialPositionOperatingResultsAndCashFlowsTextBlock_label" xlink:role="http://www.xbrl.org/2003/role/label">Management analysis of financial position, operating results and cash flows</link:label>
    <link:label xml:lang="en" xlink:type="resource" xlink:label="jpcrp030000-asr_E04502-000_ManagementAnalysisOfFinancialPositionOperatingResultsAndCashFlowsTextBlock_label_1" xlink:role="http://www.xbrl.org/2003/role/verboseLabel">Management analysis of financial position, operating results and cash flows [text block]</link:label>
    <link:label xml:lang="en" xlink:type="resource" xlink:label="jpcrp030000-asr_E04502-000_NotesRegardingAccruedTaxesTextBlock_label" xlink:role="http://www.xbrl.org/2003/role/label">Notes regarding accrued taxes</link:label>
    <link:label xml:lang="en" xlink:type="resource" xlink:label="jpcrp030000-asr_E04502-000_NotesRegardingAccruedTaxesTextBlock_label_1" xlink:role="http://www.xbrl.org/2003/role/verboseLabel">Notes regarding accrued taxes[text block]</link:label>
    <link:label xml:lang="en" xlink:type="resource" xlink:label="jpcrp030000-asr_E04502-000_NotesRegardingAmountsOfReductionEntryOfNonCurrentAssetsTextBlock_label" xlink:role="http://www.xbrl.org/2003/role/label">Notes regarding amounts of reduction entry of non-current assets</link:label>
    <link:label xml:lang="en" xlink:type="resource" xlink:label="jpcrp030000-asr_E04502-000_NotesRegardingAmountsOfReductionEntryOfNonCurrentAssetsTextBlock_label_1" xlink:role="http://www.xbrl.org/2003/role/verboseLabel">Notes regarding amounts of reduction entry of non-current assets[text block]</link:label>
    <link:label xml:lang="en" xlink:type="resource" xlink:label="jpcrp030000-asr_E04502-000_NotesRegardingCurrentPortionOfNoncurrentLiabilitiesTextBlock_label" xlink:role="http://www.xbrl.org/2003/role/label">Notes regarding current portion of noncurrent liabilities</link:label>
    <link:label xml:lang="en" xlink:type="resource" xlink:label="jpcrp030000-asr_E04502-000_NotesRegardingCurrentPortionOfNoncurrentLiabilitiesTextBlock_label_1" xlink:role="http://www.xbrl.org/2003/role/verboseLabel">Notes regarding current portion of noncurrent liabilities[text block]</link:label>
    <link:label xml:lang="en" xlink:type="resource" xlink:label="jpcrp030000-asr_E04502-000_NotesRegardingIncidentalBusinessFacilitiesInStatementOfIncomeTextBlock_label" xlink:role="http://www.xbrl.org/2003/role/label">Notes regarding incidental business facilities in statement of income</link:label>
    <link:label xml:lang="en" xlink:type="resource" xlink:label="jpcrp030000-asr_E04502-000_NotesRegardingIncidentalBusinessFacilitiesInStatementOfIncomeTextBlock_label_1" xlink:role="http://www.xbrl.org/2003/role/verboseLabel">Notes regarding incidental business facilities in statement of income[text block]</link:label>
    <link:label xml:lang="en" xlink:type="resource" xlink:label="jpcrp030000-asr_E04502-000_NotesRegardingLoansPayableToDevelopmentBankOfJapanIncTextBlock_label" xlink:role="http://www.xbrl.org/2003/role/label">Notes regarding loans payable to development bank of japan inc.</link:label>
    <link:label xml:lang="en" xlink:type="resource" xlink:label="jpcrp030000-asr_E04502-000_NotesRegardingLoansPayableToDevelopmentBankOfJapanIncTextBlock_label_1" xlink:role="http://www.xbrl.org/2003/role/verboseLabel">Notes regarding loans payable to development bank of japan inc.[text block]</link:label>
    <link:label xml:lang="en" xlink:type="resource" xlink:label="jpcrp030000-asr_E04502-000_NotesRegardingProvisionOfAllowanceIncludedInOperatingExpensesTextBlock_label" xlink:role="http://www.xbrl.org/2003/role/label">Notes regarding provision of allowance included in operating expenses</link:label>
    <link:label xml:lang="en" xlink:type="resource" xlink:label="jpcrp030000-asr_E04502-000_NotesRegardingProvisionOfAllowanceIncludedInOperatingExpensesTextBlock_label_1" xlink:role="http://www.xbrl.org/2003/role/verboseLabel">Notes regarding provision of allowance included in operating expenses[text block]</link:label>
    <link:label xml:lang="en" xlink:type="resource" xlink:label="jpcrp030000-asr_E04502-000_NotesRegardingResearchAndDevelopmentCostsIncludedInOperatingExpensesTextBlock_label" xlink:role="http://www.xbrl.org/2003/role/label">Notes regarding research and development costs included in operating expenses</link:label>
    <link:label xml:lang="en" xlink:type="resource" xlink:label="jpcrp030000-asr_E04502-000_NotesRegardingResearchAndDevelopmentCostsIncludedInOperatingExpensesTextBlock_label_1" xlink:role="http://www.xbrl.org/2003/role/verboseLabel">Notes regarding research and development costs included in operating expenses[text block]</link:label>
    <link:label xml:lang="en" xlink:type="resource" xlink:label="jpcrp030000-asr_E04502-000_OtherElectricUtilityOparatingExpensesSGA_label" xlink:role="http://www.xbrl.org/2003/role/label">Other</link:label>
    <link:label xml:lang="en" xlink:type="resource" xlink:label="jpcrp030000-asr_E04502-000_OtherElectricUtilityOparatingExpensesSGA_label_1" xlink:role="http://www.xbrl.org/2003/role/verboseLabel">Other, Electric utility oparating expenses-SGA</link:label>
    <link:label xml:lang="en" xlink:type="resource" xlink:label="jpcrp030000-asr_E04502-000_OtherElectricUtilityOperatingExpenses_label" xlink:role="http://www.xbrl.org/2003/role/label">Other</link:label>
    <link:label xml:lang="en" xlink:type="resource" xlink:label="jpcrp030000-asr_E04502-000_OtherElectricUtilityOperatingExpenses_label_1" xlink:role="http://www.xbrl.org/2003/role/verboseLabel">Other, Electric utility operating expenses</link:label>
    <link:label xml:lang="en" xlink:type="resource" xlink:label="jpcrp030000-asr_E04502-000_OtherInformationAboutShareAcquisitionRightsHeading_label" xlink:role="http://www.xbrl.org/2003/role/label">Other information about share acquisition rights</link:label>
    <link:label xml:lang="en" xlink:type="resource" xlink:label="jpcrp030000-asr_E04502-000_OtherInformationAboutShareAcquisitionRightsHeading_label_1" xlink:role="http://www.xbrl.org/2003/role/verboseLabel">Other information about share acquisition rights [heading]</link:label>
    <link:label xml:lang="en" xlink:type="resource" xlink:label="jpcrp030000-asr_E04502-000_OtherInformationAboutShareAcquisitionRightsNATextBlock_label" xlink:role="http://www.xbrl.org/2003/role/label">Other information about share acquisition rights (N/A)</link:label>
    <link:label xml:lang="en" xlink:type="resource" xlink:label="jpcrp030000-asr_E04502-000_OtherInformationAboutShareAcquisitionRightsNATextBlock_label_1" xlink:role="http://www.xbrl.org/2003/role/verboseLabel">Other information about share acquisition rights (N/A) [text block]</link:label>
    <link:label xml:lang="en" xlink:type="resource" xlink:label="jpcrp030000-asr_E04502-000_PaymentsOfContributionForAccruedReprocessingOfIrradiatedNuclearFuelOpeCFELE_label" xlink:role="http://www.xbrl.org/2003/role/label">Payments of contribution for accrued reprocessing of irradiated nuclear fuel</link:label>
    <link:label xml:lang="en" xlink:type="resource" xlink:label="jpcrp030000-asr_E04502-000_PaymentsOfContributionForAccruedReprocessingOfIrradiatedNuclearFuelOpeCFELE_label_1" xlink:role="http://www.xbrl.org/2003/role/verboseLabel">Payments of contribution for accrued reprocessing of irradiated nuclear fuel-OpeCF-ELE</link:label>
    <link:label xml:lang="en" xlink:type="resource" xlink:label="jpcrp030000-asr_E04502-000_PowerGenerationCompanyReportableSegmentMember_label" xlink:role="http://www.xbrl.org/2003/role/label">Power generation company</link:label>
    <link:label xml:lang="en" xlink:type="resource" xlink:label="jpcrp030000-asr_E04502-000_PowerGenerationCompanyReportableSegmentMember_label_1" xlink:role="http://www.xbrl.org/2003/role/verboseLabel">Power generation company, Reportable segment [member]</link:label>
    <link:label xml:lang="en" xlink:type="resource" xlink:label="jpcrp030000-asr_E04502-000_PowerNetworkCompanyReportableSegmentMember_label" xlink:role="http://www.xbrl.org/2003/role/label">Power network company</link:label>
    <link:label xml:lang="en" xlink:type="resource" xlink:label="jpcrp030000-asr_E04502-000_PowerNetworkCompanyReportableSegmentMember_label_1" xlink:role="http://www.xbrl.org/2003/role/verboseLabel">Power network company, Reportable segment [member]</link:label>
    <link:label xml:lang="en" xlink:type="resource" xlink:label="jpcrp030000-asr_E04502-000_PowerPurchaseExpensesPaidToOtherSuppliersElectricUtilityOperatingExpenses_label" xlink:role="http://www.xbrl.org/2003/role/label">Power purchase expenses paid to other suppliers</link:label>
    <link:label xml:lang="en" xlink:type="resource" xlink:label="jpcrp030000-asr_E04502-000_PowerPurchaseExpensesPaidToOtherSuppliersElectricUtilityOperatingExpenses_label_1" xlink:role="http://www.xbrl.org/2003/role/verboseLabel">Power purchase expenses paid to other suppliers, Electric utility operating expenses</link:label>
    <link:label xml:lang="en" xlink:type="resource" xlink:label="jpcrp030000-asr_E04502-000_PowerPurchaseExpensesPaidToOtherSuppliersElectricUtilityOperatingExpensesSGA_label" xlink:role="http://www.xbrl.org/2003/role/label">Power purchase expenses paid to other suppliers-Electric utility operating expenses</link:label>
    <link:label xml:lang="en" xlink:type="resource" xlink:label="jpcrp030000-asr_E04502-000_PowerPurchaseExpensesPaidToOtherSuppliersElectricUtilityOperatingExpensesSGA_label_1" xlink:role="http://www.xbrl.org/2003/role/verboseLabel">Power purchase expenses paid to other suppliers, Electric utility operating expenses-SGA</link:label>
    <link:label xml:lang="en" xlink:type="resource" xlink:label="jpcrp030000-asr_E04502-000_ProvisionForLossInConjunctionWithDiscontinuedOperationsOfNuclearPowerPlantsNCLELE_label_1" xlink:role="http://www.xbrl.org/2003/role/label">Provision for loss in conjunction with discontinued operations of nuclear power plants</link:label>
    <link:label xml:lang="en" xlink:type="resource" xlink:label="jpcrp030000-asr_E04502-000_ProvisionForLossInConjunctionWithDiscontinuedOperationsOfNuclearPowerPlantsNCLELE_label_2" xlink:role="http://www.xbrl.org/2003/role/verboseLabel">Provision for loss in conjunction with discontinued operations of nuclear power plants-NCL-ELE</link:label>
    <link:label xml:lang="en" xlink:type="resource" xlink:label="jpcrp030000-asr_E04502-000_ProvisionForLossInConjunctionWithDiscontinuedOperationsOfNuclearPowerPlantsNCLELE_label" xlink:role="http://www.xbrl.org/2003/role/documentation">Provision for loss in conjunction with discontinued operations of nuclear power plants-NCL-ELE</link:label>
    <link:label xml:lang="en" xlink:type="resource" xlink:label="jpcrp030000-asr_E04502-000_RetirementBenefitExpensesElectricUtilityOparatingExpensesSGA_label" xlink:role="http://www.xbrl.org/2003/role/label">Retirement benefit expenses</link:label>
    <link:label xml:lang="en" xlink:type="resource" xlink:label="jpcrp030000-asr_E04502-000_RetirementBenefitExpensesElectricUtilityOparatingExpensesSGA_label_1" xlink:role="http://www.xbrl.org/2003/role/verboseLabel">Retirement benefit expenses, Electric utility oparating expenses-SGA</link:label>
    <link:label xml:lang="en" xlink:type="resource" xlink:label="jpcrp030000-asr_E04502-000_RetirementBenefitExpensesElectricUtilityOperatingExpenses_label" xlink:role="http://www.xbrl.org/2003/role/label">Retirement benefit expenses</link:label>
    <link:label xml:lang="en" xlink:type="resource" xlink:label="jpcrp030000-asr_E04502-000_RetirementBenefitExpensesElectricUtilityOperatingExpenses_label_1" xlink:role="http://www.xbrl.org/2003/role/verboseLabel">Retirement benefit expenses, Electric utility operating expenses</link:label>
    <link:label xml:lang="en" xlink:type="resource" xlink:label="jpcrp030000-asr_E04502-000_SalariesAndAllowancesElectricUtilityOparatingExpensesSGA_label" xlink:role="http://www.xbrl.org/2003/role/label">Salaries and allowances</link:label>
    <link:label xml:lang="en" xlink:type="resource" xlink:label="jpcrp030000-asr_E04502-000_SalariesAndAllowancesElectricUtilityOparatingExpensesSGA_label_1" xlink:role="http://www.xbrl.org/2003/role/verboseLabel">Salaries and allowances, Electric utility oparating expenses-SGA</link:label>
    <link:label xml:lang="en" xlink:type="resource" xlink:label="jpcrp030000-asr_E04502-000_SalariesAndAllowancesElectricUtilityOperatingExpenses_label" xlink:role="http://www.xbrl.org/2003/role/label">Salaries and allowances</link:label>
    <link:label xml:lang="en" xlink:type="resource" xlink:label="jpcrp030000-asr_E04502-000_SalariesAndAllowancesElectricUtilityOperatingExpenses_label_1" xlink:role="http://www.xbrl.org/2003/role/verboseLabel">Salaries and allowances, Electric utility operating expenses</link:label>
    <link:label xml:lang="en" xlink:type="resource" xlink:label="jpcrp030000-asr_E04502-000_SellingGeneralAndAdministrativeExpensesElectricUtilityOperatingExpenses_label" xlink:role="http://www.xbrl.org/2003/role/label">Selling, general and administrative expenses</link:label>
    <link:label xml:lang="en" xlink:type="resource" xlink:label="jpcrp030000-asr_E04502-000_SellingGeneralAndAdministrativeExpensesElectricUtilityOperatingExpenses_label_1" xlink:role="http://www.xbrl.org/2003/role/verboseLabel">Selling, general and administrative expenses, Electric utility operating expenses</link:label>
    <link:label xml:lang="en" xlink:type="resource" xlink:label="jpcrp030000-asr_E04502-000_SubtotalElectricUtilityOperatingExpenses_label" xlink:role="http://www.xbrl.org/2003/role/label">Subtotal</link:label>
    <link:label xml:lang="en" xlink:type="resource" xlink:label="jpcrp030000-asr_E04502-000_SubtotalElectricUtilityOperatingExpenses_label_1" xlink:role="http://www.xbrl.org/2003/role/verboseLabel">Subtotal, Electric utility operating expenses</link:label>
    <link:loc xlink:type="locator" xlink:href="http://disclosure.edinet-fsa.go.jp/taxonomy/jpcrp/2018-02-28/jpcrp_cor_2018-02-28.xsd#jpcrp_cor_ShareholdingRatio" xlink:label="jpcrp_cor_ShareholdingRatio" />
    <link:loc xlink:type="locator" xlink:href="http://disclosure.edinet-fsa.go.jp/taxonomy/jpcrp/2018-02-28/label/jpcrp_2018-02-28_lab-en.xml#label_ShareholdingRatio" xlink:label="label_ShareholdingRatio" />
    <link:loc xlink:type="locator" xlink:href="jpcrp030000-asr-001_E04502-000_2018-03-31_01_2018-06-28.xsd#jpcrp030000-asr_E04502-000_ConsignmemtExpensesElectricUtilityOparatingExpensesSGA" xlink:label="jpcrp030000-asr_E04502-000_ConsignmemtExpensesElectricUtilityOparatingExpensesSGA" />
    <link:loc xlink:type="locator" xlink:href="jpcrp030000-asr-001_E04502-000_2018-03-31_01_2018-06-28.xsd#jpcrp030000-asr_E04502-000_ConsignmemtExpensesElectricUtilityOperatingExpenses" xlink:label="jpcrp030000-asr_E04502-000_ConsignmemtExpensesElectricUtilityOperatingExpenses" />
    <link:loc xlink:type="locator" xlink:href="jpcrp030000-asr-001_E04502-000_2018-03-31_01_2018-06-28.xsd#jpcrp030000-asr_E04502-000_CustomerServiceAndSalesCompanyReportableSegmentMember" xlink:label="jpcrp030000-asr_E04502-000_CustomerServiceAndSalesCompanyReportableSegmentMember" />
    <link:loc xlink:type="locator" xlink:href="jpcrp030000-asr-001_E04502-000_2018-03-31_01_2018-06-28.xsd#jpcrp030000-asr_E04502-000_DepreciationElectricUtilityOparatingExpensesSGA" xlink:label="jpcrp030000-asr_E04502-000_DepreciationElectricUtilityOparatingExpensesSGA" />
    <link:loc xlink:type="locator" xlink:href="jpcrp030000-asr-001_E04502-000_2018-03-31_01_2018-06-28.xsd#jpcrp030000-asr_E04502-000_DepreciationElectricUtilityOperatingExpenses" xlink:label="jpcrp030000-asr_E04502-000_DepreciationElectricUtilityOperatingExpenses" />
    <link:loc xlink:type="locator" xlink:href="jpcrp030000-asr-001_E04502-000_2018-03-31_01_2018-06-28.xsd#jpcrp030000-asr_E04502-000_DescriptionOfFactAndReasonWhyNotesBusinessCombinationsIsNotPresentedFinancialStatementsTextBlock" xlink:label="jpcrp030000-asr_E04502-000_DescriptionOfFactAndReasonWhyNotesBusinessCombinationsIsNotPresentedFinancialStatementsTextBlock" />
    <link:loc xlink:type="locator" xlink:href="jpcrp030000-asr-001_E04502-000_2018-03-31_01_2018-06-28.xsd#jpcrp030000-asr_E04502-000_ElectricUtilityOperatingExpenses" xlink:label="jpcrp030000-asr_E04502-000_ElectricUtilityOperatingExpenses" />
    <link:loc xlink:type="locator" xlink:href="jpcrp030000-asr-001_E04502-000_2018-03-31_01_2018-06-28.xsd#jpcrp030000-asr_E04502-000_FuelExpensesElectricUtilityOparatingExpensesSGA" xlink:label="jpcrp030000-asr_E04502-000_FuelExpensesElectricUtilityOparatingExpensesSGA" />
    <link:loc xlink:type="locator" xlink:href="jpcrp030000-asr-001_E04502-000_2018-03-31_01_2018-06-28.xsd#jpcrp030000-asr_E04502-000_FuelExpensesElectricUtilityOperatingExpenses" xlink:label="jpcrp030000-asr_E04502-000_FuelExpensesElectricUtilityOperatingExpenses" />
    <link:loc xlink:type="locator" xlink:href="jpcrp030000-asr-001_E04502-000_2018-03-31_01_2018-06-28.xsd#jpcrp030000-asr_E04502-000_GainOnChangeInEquityOpeCF" xlink:label="jpcrp030000-asr_E04502-000_GainOnChangeInEquityOpeCF" />
    <link:loc xlink:type="locator" xlink:href="jpcrp030000-asr-001_E04502-000_2018-03-31_01_2018-06-28.xsd#jpcrp030000-asr_E04502-000_IncreaseDecreaseInNetDefinedBenefitLiabilityAndAssetOpeCF" xlink:label="jpcrp030000-asr_E04502-000_IncreaseDecreaseInNetDefinedBenefitLiabilityAndAssetOpeCF" />
    <link:loc xlink:type="locator" xlink:href="jpcrp030000-asr-001_E04502-000_2018-03-31_01_2018-06-28.xsd#jpcrp030000-asr_E04502-000_IncreaseDecreaseInProvisionForLossInConjunctionWithDiscontinuedOperationsOfNuclearPowerPlantsOpeCFELE" xlink:label="jpcrp030000-asr_E04502-000_IncreaseDecreaseInProvisionForLossInConjunctionWithDiscontinuedOperationsOfNuclearPowerPlantsOpeCFELE" />
    <link:loc xlink:type="locator" xlink:href="jpcrp030000-asr-001_E04502-000_2018-03-31_01_2018-06-28.xsd#jpcrp030000-asr_E04502-000_InternalTransactionCancellationElectricUtilityOperatingExpenses" xlink:label="jpcrp030000-asr_E04502-000_InternalTransactionCancellationElectricUtilityOperatingExpenses" />
    <link:loc xlink:type="locator" xlink:href="jpcrp030000-asr-001_E04502-000_2018-03-31_01_2018-06-28.xsd#jpcrp030000-asr_E04502-000_LevyUnderActOnPurchaseOfRenewableEnergySourcedElectricityOEElectricELESGA" xlink:label="jpcrp030000-asr_E04502-000_LevyUnderActOnPurchaseOfRenewableEnergySourcedElectricityOEElectricELESGA" />
    <link:loc xlink:type="locator" xlink:href="jpcrp030000-asr-001_E04502-000_2018-03-31_01_2018-06-28.xsd#jpcrp030000-asr_E04502-000_ManagementAnalysisOfFinancialPositionOperatingResultsAndCashFlowsHeading" xlink:label="jpcrp030000-asr_E04502-000_ManagementAnalysisOfFinancialPositionOperatingResultsAndCashFlowsHeading" />
    <link:loc xlink:type="locator" xlink:href="jpcrp030000-asr-001_E04502-000_2018-03-31_01_2018-06-28.xsd#jpcrp030000-asr_E04502-000_ManagementAnalysisOfFinancialPositionOperatingResultsAndCashFlowsTextBlock" xlink:label="jpcrp030000-asr_E04502-000_ManagementAnalysisOfFinancialPositionOperatingResultsAndCashFlowsTextBlock" />
    <link:loc xlink:type="locator" xlink:href="jpcrp030000-asr-001_E04502-000_2018-03-31_01_2018-06-28.xsd#jpcrp030000-asr_E04502-000_NotesRegardingAccruedTaxesTextBlock" xlink:label="jpcrp030000-asr_E04502-000_NotesRegardingAccruedTaxesTextBlock" />
    <link:loc xlink:type="locator" xlink:href="jpcrp030000-asr-001_E04502-000_2018-03-31_01_2018-06-28.xsd#jpcrp030000-asr_E04502-000_NotesRegardingAmountsOfReductionEntryOfNonCurrentAssetsTextBlock" xlink:label="jpcrp030000-asr_E04502-000_NotesRegardingAmountsOfReductionEntryOfNonCurrentAssetsTextBlock" />
    <link:loc xlink:type="locator" xlink:href="jpcrp030000-asr-001_E04502-000_2018-03-31_01_2018-06-28.xsd#jpcrp030000-asr_E04502-000_NotesRegardingCurrentPortionOfNoncurrentLiabilitiesTextBlock" xlink:label="jpcrp030000-asr_E04502-000_NotesRegardingCurrentPortionOfNoncurrentLiabilitiesTextBlock" />
    <link:loc xlink:type="locator" xlink:href="jpcrp030000-asr-001_E04502-000_2018-03-31_01_2018-06-28.xsd#jpcrp030000-asr_E04502-000_NotesRegardingIncidentalBusinessFacilitiesInStatementOfIncomeTextBlock" xlink:label="jpcrp030000-asr_E04502-000_NotesRegardingIncidentalBusinessFacilitiesInStatementOfIncomeTextBlock" />
    <link:loc xlink:type="locator" xlink:href="jpcrp030000-asr-001_E04502-000_2018-03-31_01_2018-06-28.xsd#jpcrp030000-asr_E04502-000_NotesRegardingLoansPayableToDevelopmentBankOfJapanIncTextBlock" xlink:label="jpcrp030000-asr_E04502-000_NotesRegardingLoansPayableToDevelopmentBankOfJapanIncTextBlock" />
    <link:loc xlink:type="locator" xlink:href="jpcrp030000-asr-001_E04502-000_2018-03-31_01_2018-06-28.xsd#jpcrp030000-asr_E04502-000_NotesRegardingProvisionOfAllowanceIncludedInOperatingExpensesTextBlock" xlink:label="jpcrp030000-asr_E04502-000_NotesRegardingProvisionOfAllowanceIncludedInOperatingExpensesTextBlock" />
    <link:loc xlink:type="locator" xlink:href="jpcrp030000-asr-001_E04502-000_2018-03-31_01_2018-06-28.xsd#jpcrp030000-asr_E04502-000_NotesRegardingResearchAndDevelopmentCostsIncludedInOperatingExpensesTextBlock" xlink:label="jpcrp030000-asr_E04502-000_NotesRegardingResearchAndDevelopmentCostsIncludedInOperatingExpensesTextBlock" />
    <link:loc xlink:type="locator" xlink:href="jpcrp030000-asr-001_E04502-000_2018-03-31_01_2018-06-28.xsd#jpcrp030000-asr_E04502-000_OtherElectricUtilityOparatingExpensesSGA" xlink:label="jpcrp030000-asr_E04502-000_OtherElectricUtilityOparatingExpensesSGA" />
    <link:loc xlink:type="locator" xlink:href="jpcrp030000-asr-001_E04502-000_2018-03-31_01_2018-06-28.xsd#jpcrp030000-asr_E04502-000_OtherElectricUtilityOperatingExpenses" xlink:label="jpcrp030000-asr_E04502-000_OtherElectricUtilityOperatingExpenses" />
    <link:loc xlink:type="locator" xlink:href="jpcrp030000-asr-001_E04502-000_2018-03-31_01_2018-06-28.xsd#jpcrp030000-asr_E04502-000_OtherInformationAboutShareAcquisitionRightsHeading" xlink:label="jpcrp030000-asr_E04502-000_OtherInformationAboutShareAcquisitionRightsHeading" />
    <link:loc xlink:type="locator" xlink:href="jpcrp030000-asr-001_E04502-000_2018-03-31_01_2018-06-28.xsd#jpcrp030000-asr_E04502-000_OtherInformationAboutShareAcquisitionRightsNATextBlock" xlink:label="jpcrp030000-asr_E04502-000_OtherInformationAboutShareAcquisitionRightsNATextBlock" />
    <link:loc xlink:type="locator" xlink:href="jpcrp030000-asr-001_E04502-000_2018-03-31_01_2018-06-28.xsd#jpcrp030000-asr_E04502-000_PaymentsOfContributionForAccruedReprocessingOfIrradiatedNuclearFuelOpeCFELE" xlink:label="jpcrp030000-asr_E04502-000_PaymentsOfContributionForAccruedReprocessingOfIrradiatedNuclearFuelOpeCFELE" />
    <link:loc xlink:type="locator" xlink:href="jpcrp030000-asr-001_E04502-000_2018-03-31_01_2018-06-28.xsd#jpcrp030000-asr_E04502-000_PowerGenerationCompanyReportableSegmentMember" xlink:label="jpcrp030000-asr_E04502-000_PowerGenerationCompanyReportableSegmentMember" />
    <link:loc xlink:type="locator" xlink:href="jpcrp030000-asr-001_E04502-000_2018-03-31_01_2018-06-28.xsd#jpcrp030000-asr_E04502-000_PowerNetworkCompanyReportableSegmentMember" xlink:label="jpcrp030000-asr_E04502-000_PowerNetworkCompanyReportableSegmentMember" />
    <link:loc xlink:type="locator" xlink:href="jpcrp030000-asr-001_E04502-000_2018-03-31_01_2018-06-28.xsd#jpcrp030000-asr_E04502-000_PowerPurchaseExpensesPaidToOtherSuppliersElectricUtilityOperatingExpenses" xlink:label="jpcrp030000-asr_E04502-000_PowerPurchaseExpensesPaidToOtherSuppliersElectricUtilityOperatingExpenses" />
    <link:loc xlink:type="locator" xlink:href="jpcrp030000-asr-001_E04502-000_2018-03-31_01_2018-06-28.xsd#jpcrp030000-asr_E04502-000_PowerPurchaseExpensesPaidToOtherSuppliersElectricUtilityOperatingExpensesSGA" xlink:label="jpcrp030000-asr_E04502-000_PowerPurchaseExpensesPaidToOtherSuppliersElectricUtilityOperatingExpensesSGA" />
    <link:loc xlink:type="locator" xlink:href="jpcrp030000-asr-001_E04502-000_2018-03-31_01_2018-06-28.xsd#jpcrp030000-asr_E04502-000_ProvisionForLossInConjunctionWithDiscontinuedOperationsOfNuclearPowerPlantsNCLELE" xlink:label="jpcrp030000-asr_E04502-000_ProvisionForLossInConjunctionWithDiscontinuedOperationsOfNuclearPowerPlantsNCLELE" />
    <link:loc xlink:type="locator" xlink:href="jpcrp030000-asr-001_E04502-000_2018-03-31_01_2018-06-28.xsd#jpcrp030000-asr_E04502-000_RetirementBenefitExpensesElectricUtilityOparatingExpensesSGA" xlink:label="jpcrp030000-asr_E04502-000_RetirementBenefitExpensesElectricUtilityOparatingExpensesSGA" />
    <link:loc xlink:type="locator" xlink:href="jpcrp030000-asr-001_E04502-000_2018-03-31_01_2018-06-28.xsd#jpcrp030000-asr_E04502-000_RetirementBenefitExpensesElectricUtilityOperatingExpenses" xlink:label="jpcrp030000-asr_E04502-000_RetirementBenefitExpensesElectricUtilityOperatingExpenses" />
    <link:loc xlink:type="locator" xlink:href="jpcrp030000-asr-001_E04502-000_2018-03-31_01_2018-06-28.xsd#jpcrp030000-asr_E04502-000_SalariesAndAllowancesElectricUtilityOparatingExpensesSGA" xlink:label="jpcrp030000-asr_E04502-000_SalariesAndAllowancesElectricUtilityOparatingExpensesSGA" />
    <link:loc xlink:type="locator" xlink:href="jpcrp030000-asr-001_E04502-000_2018-03-31_01_2018-06-28.xsd#jpcrp030000-asr_E04502-000_SalariesAndAllowancesElectricUtilityOperatingExpenses" xlink:label="jpcrp030000-asr_E04502-000_SalariesAndAllowancesElectricUtilityOperatingExpenses" />
    <link:loc xlink:type="locator" xlink:href="jpcrp030000-asr-001_E04502-000_2018-03-31_01_2018-06-28.xsd#jpcrp030000-asr_E04502-000_SellingGeneralAndAdministrativeExpensesElectricUtilityOperatingExpenses" xlink:label="jpcrp030000-asr_E04502-000_SellingGeneralAndAdministrativeExpensesElectricUtilityOperatingExpenses" />
    <link:loc xlink:type="locator" xlink:href="jpcrp030000-asr-001_E04502-000_2018-03-31_01_2018-06-28.xsd#jpcrp030000-asr_E04502-000_SubtotalElectricUtilityOperatingExpenses" xlink:label="jpcrp030000-asr_E04502-000_SubtotalElectricUtilityOperatingExpenses" />
    <link:labelArc xlink:type="arc" xlink:from="jpcrp_cor_ShareholdingRatio" xlink:to="label_ShareholdingRatio" xlink:arcrole="http://www.xbrl.org/2003/arcrole/concept-label" use="prohibited" priority="1" order="1" />
    <link:labelArc xlink:type="arc" xlink:from="jpcrp_cor_ShareholdingRatio" xlink:to="jpcrp_cor_ShareholdingRatio_label" xlink:arcrole="http://www.xbrl.org/2003/arcrole/concept-label" order="1" />
    <link:labelArc xlink:type="arc" xlink:from="jpcrp030000-asr_E04502-000_ConsignmemtExpensesElectricUtilityOparatingExpensesSGA" xlink:to="jpcrp030000-asr_E04502-000_ConsignmemtExpensesElectricUtilityOparatingExpensesSGA_label_1" xlink:arcrole="http://www.xbrl.org/2003/arcrole/concept-label" order="1" />
    <link:labelArc xlink:type="arc" xlink:from="jpcrp030000-asr_E04502-000_ConsignmemtExpensesElectricUtilityOparatingExpensesSGA" xlink:to="jpcrp030000-asr_E04502-000_ConsignmemtExpensesElectricUtilityOparatingExpensesSGA_label" xlink:arcrole="http://www.xbrl.org/2003/arcrole/concept-label" order="1" />
    <link:labelArc xlink:type="arc" xlink:from="jpcrp030000-asr_E04502-000_ConsignmemtExpensesElectricUtilityOperatingExpenses" xlink:to="jpcrp030000-asr_E04502-000_ConsignmemtExpensesElectricUtilityOperatingExpenses_label_1" xlink:arcrole="http://www.xbrl.org/2003/arcrole/concept-label" order="1" />
    <link:labelArc xlink:type="arc" xlink:from="jpcrp030000-asr_E04502-000_ConsignmemtExpensesElectricUtilityOperatingExpenses" xlink:to="jpcrp030000-asr_E04502-000_ConsignmemtExpensesElectricUtilityOperatingExpenses_label" xlink:arcrole="http://www.xbrl.org/2003/arcrole/concept-label" order="1" />
    <link:labelArc xlink:type="arc" xlink:from="jpcrp030000-asr_E04502-000_CustomerServiceAndSalesCompanyReportableSegmentMember" xlink:to="jpcrp030000-asr_E04502-000_CustomerServiceAndSalesCompanyReportableSegmentMember_label_1" xlink:arcrole="http://www.xbrl.org/2003/arcrole/concept-label" order="1" />
    <link:labelArc xlink:type="arc" xlink:from="jpcrp030000-asr_E04502-000_CustomerServiceAndSalesCompanyReportableSegmentMember" xlink:to="jpcrp030000-asr_E04502-000_CustomerServiceAndSalesCompanyReportableSegmentMember_label" xlink:arcrole="http://www.xbrl.org/2003/arcrole/concept-label" order="1" />
    <link:labelArc xlink:type="arc" xlink:from="jpcrp030000-asr_E04502-000_DepreciationElectricUtilityOparatingExpensesSGA" xlink:to="jpcrp030000-asr_E04502-000_DepreciationElectricUtilityOparatingExpensesSGA_label_1" xlink:arcrole="http://www.xbrl.org/2003/arcrole/concept-label" order="1" />
    <link:labelArc xlink:type="arc" xlink:from="jpcrp030000-asr_E04502-000_DepreciationElectricUtilityOparatingExpensesSGA" xlink:to="jpcrp030000-asr_E04502-000_DepreciationElectricUtilityOparatingExpensesSGA_label" xlink:arcrole="http://www.xbrl.org/2003/arcrole/concept-label" order="1" />
    <link:labelArc xlink:type="arc" xlink:from="jpcrp030000-asr_E04502-000_DepreciationElectricUtilityOperatingExpenses" xlink:to="jpcrp030000-asr_E04502-000_DepreciationElectricUtilityOperatingExpenses_label_1" xlink:arcrole="http://www.xbrl.org/2003/arcrole/concept-label" order="1" />
    <link:labelArc xlink:type="arc" xlink:from="jpcrp030000-asr_E04502-000_DepreciationElectricUtilityOperatingExpenses" xlink:to="jpcrp030000-asr_E04502-000_DepreciationElectricUtilityOperatingExpenses_label" xlink:arcrole="http://www.xbrl.org/2003/arcrole/concept-label" order="1" />
    <link:labelArc xlink:type="arc" xlink:from="jpcrp030000-asr_E04502-000_DescriptionOfFactAndReasonWhyNotesBusinessCombinationsIsNotPresentedFinancialStatementsTextBlock" xlink:to="jpcrp030000-asr_E04502-000_DescriptionOfFactAndReasonWhyNotesBusinessCombinationsIsNotPresentedFinancialStatementsTextBlock_label_1" xlink:arcrole="http://www.xbrl.org/2003/arcrole/concept-label" order="1" />
    <link:labelArc xlink:type="arc" xlink:from="jpcrp030000-asr_E04502-000_DescriptionOfFactAndReasonWhyNotesBusinessCombinationsIsNotPresentedFinancialStatementsTextBlock" xlink:to="jpcrp030000-asr_E04502-000_DescriptionOfFactAndReasonWhyNotesBusinessCombinationsIsNotPresentedFinancialStatementsTextBlock_label" xlink:arcrole="http://www.xbrl.org/2003/arcrole/concept-label" order="1" />
    <link:labelArc xlink:type="arc" xlink:from="jpcrp030000-asr_E04502-000_ElectricUtilityOperatingExpenses" xlink:to="jpcrp030000-asr_E04502-000_ElectricUtilityOperatingExpenses_label_1" xlink:arcrole="http://www.xbrl.org/2003/arcrole/concept-label" order="1" />
    <link:labelArc xlink:type="arc" xlink:from="jpcrp030000-asr_E04502-000_ElectricUtilityOperatingExpenses" xlink:to="jpcrp030000-asr_E04502-000_ElectricUtilityOperatingExpenses_label" xlink:arcrole="http://www.xbrl.org/2003/arcrole/concept-label" order="1" />
    <link:labelArc xlink:type="arc" xlink:from="jpcrp030000-asr_E04502-000_FuelExpensesElectricUtilityOparatingExpensesSGA" xlink:to="jpcrp030000-asr_E04502-000_FuelExpensesElectricUtilityOparatingExpensesSGA_label_1" xlink:arcrole="http://www.xbrl.org/2003/arcrole/concept-label" order="1" />
    <link:labelArc xlink:type="arc" xlink:from="jpcrp030000-asr_E04502-000_FuelExpensesElectricUtilityOparatingExpensesSGA" xlink:to="jpcrp030000-asr_E04502-000_FuelExpensesElectricUtilityOparatingExpensesSGA_label" xlink:arcrole="http://www.xbrl.org/2003/arcrole/concept-label" order="1" />
    <link:labelArc xlink:type="arc" xlink:from="jpcrp030000-asr_E04502-000_FuelExpensesElectricUtilityOperatingExpenses" xlink:to="jpcrp030000-asr_E04502-000_FuelExpensesElectricUtilityOperatingExpenses_label_1" xlink:arcrole="http://www.xbrl.org/2003/arcrole/concept-label" order="1" />
    <link:labelArc xlink:type="arc" xlink:from="jpcrp030000-asr_E04502-000_FuelExpensesElectricUtilityOperatingExpenses" xlink:to="jpcrp030000-asr_E04502-000_FuelExpensesElectricUtilityOperatingExpenses_label" xlink:arcrole="http://www.xbrl.org/2003/arcrole/concept-label" order="1" />
    <link:labelArc xlink:type="arc" xlink:from="jpcrp030000-asr_E04502-000_GainOnChangeInEquityOpeCF" xlink:to="jpcrp030000-asr_E04502-000_GainOnChangeInEquityOpeCF_label_1" xlink:arcrole="http://www.xbrl.org/2003/arcrole/concept-label" order="1" />
    <link:labelArc xlink:type="arc" xlink:from="jpcrp030000-asr_E04502-000_GainOnChangeInEquityOpeCF" xlink:to="jpcrp030000-asr_E04502-000_GainOnChangeInEquityOpeCF_label" xlink:arcrole="http://www.xbrl.org/2003/arcrole/concept-label" order="1" />
    <link:labelArc xlink:type="arc" xlink:from="jpcrp030000-asr_E04502-000_IncreaseDecreaseInNetDefinedBenefitLiabilityAndAssetOpeCF" xlink:to="jpcrp030000-asr_E04502-000_IncreaseDecreaseInNetDefinedBenefitLiabilityAndAssetOpeCF_label_2" xlink:arcrole="http://www.xbrl.org/2003/arcrole/concept-label" order="1" />
    <link:labelArc xlink:type="arc" xlink:from="jpcrp030000-asr_E04502-000_IncreaseDecreaseInNetDefinedBenefitLiabilityAndAssetOpeCF" xlink:to="jpcrp030000-asr_E04502-000_IncreaseDecreaseInNetDefinedBenefitLiabilityAndAssetOpeCF_label_1" xlink:arcrole="http://www.xbrl.org/2003/arcrole/concept-label" order="1" />
    <link:labelArc xlink:type="arc" xlink:from="jpcrp030000-asr_E04502-000_IncreaseDecreaseInNetDefinedBenefitLiabilityAndAssetOpeCF" xlink:to="jpcrp030000-asr_E04502-000_IncreaseDecreaseInNetDefinedBenefitLiabilityAndAssetOpeCF_label" xlink:arcrole="http://www.xbrl.org/2003/arcrole/concept-label" order="1" />
    <link:labelArc xlink:type="arc" xlink:from="jpcrp030000-asr_E04502-000_IncreaseDecreaseInProvisionForLossInConjunctionWithDiscontinuedOperationsOfNuclearPowerPlantsOpeCFELE" xlink:to="jpcrp030000-asr_E04502-000_IncreaseDecreaseInProvisionForLossInConjunctionWithDiscontinuedOperationsOfNuclearPowerPlantsOpeCFELE_label_2" xlink:arcrole="http://www.xbrl.org/2003/arcrole/concept-label" order="1" />
    <link:labelArc xlink:type="arc" xlink:from="jpcrp030000-asr_E04502-000_IncreaseDecreaseInProvisionForLossInConjunctionWithDiscontinuedOperationsOfNuclearPowerPlantsOpeCFELE" xlink:to="jpcrp030000-asr_E04502-000_IncreaseDecreaseInProvisionForLossInConjunctionWithDiscontinuedOperationsOfNuclearPowerPlantsOpeCFELE_label_1" xlink:arcrole="http://www.xbrl.org/2003/arcrole/concept-label" order="1" />
    <link:labelArc xlink:type="arc" xlink:from="jpcrp030000-asr_E04502-000_IncreaseDecreaseInProvisionForLossInConjunctionWithDiscontinuedOperationsOfNuclearPowerPlantsOpeCFELE" xlink:to="jpcrp030000-asr_E04502-000_IncreaseDecreaseInProvisionForLossInConjunctionWithDiscontinuedOperationsOfNuclearPowerPlantsOpeCFELE_label" xlink:arcrole="http://www.xbrl.org/2003/arcrole/concept-label" order="1" />
    <link:labelArc xlink:type="arc" xlink:from="jpcrp030000-asr_E04502-000_InternalTransactionCancellationElectricUtilityOperatingExpenses" xlink:to="jpcrp030000-asr_E04502-000_InternalTransactionCancellationElectricUtilityOperatingExpenses_label_1" xlink:arcrole="http://www.xbrl.org/2003/arcrole/concept-label" order="1" />
    <link:labelArc xlink:type="arc" xlink:from="jpcrp030000-asr_E04502-000_InternalTransactionCancellationElectricUtilityOperatingExpenses" xlink:to="jpcrp030000-asr_E04502-000_InternalTransactionCancellationElectricUtilityOperatingExpenses_label" xlink:arcrole="http://www.xbrl.org/2003/arcrole/concept-label" order="1" />
    <link:labelArc xlink:type="arc" xlink:from="jpcrp030000-asr_E04502-000_LevyUnderActOnPurchaseOfRenewableEnergySourcedElectricityOEElectricELESGA" xlink:to="jpcrp030000-asr_E04502-000_LevyUnderActOnPurchaseOfRenewableEnergySourcedElectricityOEElectricELESGA_label_1" xlink:arcrole="http://www.xbrl.org/2003/arcrole/concept-label" order="1" />
    <link:labelArc xlink:type="arc" xlink:from="jpcrp030000-asr_E04502-000_LevyUnderActOnPurchaseOfRenewableEnergySourcedElectricityOEElectricELESGA" xlink:to="jpcrp030000-asr_E04502-000_LevyUnderActOnPurchaseOfRenewableEnergySourcedElectricityOEElectricELESGA_label" xlink:arcrole="http://www.xbrl.org/2003/arcrole/concept-label" order="1" />
    <link:labelArc xlink:type="arc" xlink:from="jpcrp030000-asr_E04502-000_ManagementAnalysisOfFinancialPositionOperatingResultsAndCashFlowsHeading" xlink:to="jpcrp030000-asr_E04502-000_ManagementAnalysisOfFinancialPositionOperatingResultsAndCashFlowsHeading_label_1" xlink:arcrole="http://www.xbrl.org/2003/arcrole/concept-label" order="1" />
    <link:labelArc xlink:type="arc" xlink:from="jpcrp030000-asr_E04502-000_ManagementAnalysisOfFinancialPositionOperatingResultsAndCashFlowsHeading" xlink:to="jpcrp030000-asr_E04502-000_ManagementAnalysisOfFinancialPositionOperatingResultsAndCashFlowsHeading_label" xlink:arcrole="http://www.xbrl.org/2003/arcrole/concept-label" order="1" />
    <link:labelArc xlink:type="arc" xlink:from="jpcrp030000-asr_E04502-000_ManagementAnalysisOfFinancialPositionOperatingResultsAndCashFlowsTextBlock" xlink:to="jpcrp030000-asr_E04502-000_ManagementAnalysisOfFinancialPositionOperatingResultsAndCashFlowsTextBlock_label_1" xlink:arcrole="http://www.xbrl.org/2003/arcrole/concept-label" order="1" />
    <link:labelArc xlink:type="arc" xlink:from="jpcrp030000-asr_E04502-000_ManagementAnalysisOfFinancialPositionOperatingResultsAndCashFlowsTextBlock" xlink:to="jpcrp030000-asr_E04502-000_ManagementAnalysisOfFinancialPositionOperatingResultsAndCashFlowsTextBlock_label" xlink:arcrole="http://www.xbrl.org/2003/arcrole/concept-label" order="1" />
    <link:labelArc xlink:type="arc" xlink:from="jpcrp030000-asr_E04502-000_NotesRegardingAccruedTaxesTextBlock" xlink:to="jpcrp030000-asr_E04502-000_NotesRegardingAccruedTaxesTextBlock_label_1" xlink:arcrole="http://www.xbrl.org/2003/arcrole/concept-label" order="1" />
    <link:labelArc xlink:type="arc" xlink:from="jpcrp030000-asr_E04502-000_NotesRegardingAccruedTaxesTextBlock" xlink:to="jpcrp030000-asr_E04502-000_NotesRegardingAccruedTaxesTextBlock_label" xlink:arcrole="http://www.xbrl.org/2003/arcrole/concept-label" order="1" />
    <link:labelArc xlink:type="arc" xlink:from="jpcrp030000-asr_E04502-000_NotesRegardingAmountsOfReductionEntryOfNonCurrentAssetsTextBlock" xlink:to="jpcrp030000-asr_E04502-000_NotesRegardingAmountsOfReductionEntryOfNonCurrentAssetsTextBlock_label_1" xlink:arcrole="http://www.xbrl.org/2003/arcrole/concept-label" order="1" />
    <link:labelArc xlink:type="arc" xlink:from="jpcrp030000-asr_E04502-000_NotesRegardingAmountsOfReductionEntryOfNonCurrentAssetsTextBlock" xlink:to="jpcrp030000-asr_E04502-000_NotesRegardingAmountsOfReductionEntryOfNonCurrentAssetsTextBlock_label" xlink:arcrole="http://www.xbrl.org/2003/arcrole/concept-label" order="1" />
    <link:labelArc xlink:type="arc" xlink:from="jpcrp030000-asr_E04502-000_NotesRegardingCurrentPortionOfNoncurrentLiabilitiesTextBlock" xlink:to="jpcrp030000-asr_E04502-000_NotesRegardingCurrentPortionOfNoncurrentLiabilitiesTextBlock_label_1" xlink:arcrole="http://www.xbrl.org/2003/arcrole/concept-label" order="1" />
    <link:labelArc xlink:type="arc" xlink:from="jpcrp030000-asr_E04502-000_NotesRegardingCurrentPortionOfNoncurrentLiabilitiesTextBlock" xlink:to="jpcrp030000-asr_E04502-000_NotesRegardingCurrentPortionOfNoncurrentLiabilitiesTextBlock_label" xlink:arcrole="http://www.xbrl.org/2003/arcrole/concept-label" order="1" />
    <link:labelArc xlink:type="arc" xlink:from="jpcrp030000-asr_E04502-000_NotesRegardingIncidentalBusinessFacilitiesInStatementOfIncomeTextBlock" xlink:to="jpcrp030000-asr_E04502-000_NotesRegardingIncidentalBusinessFacilitiesInStatementOfIncomeTextBlock_label_1" xlink:arcrole="http://www.xbrl.org/2003/arcrole/concept-label" order="1" />
    <link:labelArc xlink:type="arc" xlink:from="jpcrp030000-asr_E04502-000_NotesRegardingIncidentalBusinessFacilitiesInStatementOfIncomeTextBlock" xlink:to="jpcrp030000-asr_E04502-000_NotesRegardingIncidentalBusinessFacilitiesInStatementOfIncomeTextBlock_label" xlink:arcrole="http://www.xbrl.org/2003/arcrole/concept-label" order="1" />
    <link:labelArc xlink:type="arc" xlink:from="jpcrp030000-asr_E04502-000_NotesRegardingLoansPayableToDevelopmentBankOfJapanIncTextBlock" xlink:to="jpcrp030000-asr_E04502-000_NotesRegardingLoansPayableToDevelopmentBankOfJapanIncTextBlock_label_1" xlink:arcrole="http://www.xbrl.org/2003/arcrole/concept-label" order="1" />
    <link:labelArc xlink:type="arc" xlink:from="jpcrp030000-asr_E04502-000_NotesRegardingLoansPayableToDevelopmentBankOfJapanIncTextBlock" xlink:to="jpcrp030000-asr_E04502-000_NotesRegardingLoansPayableToDevelopmentBankOfJapanIncTextBlock_label" xlink:arcrole="http://www.xbrl.org/2003/arcrole/concept-label" order="1" />
    <link:labelArc xlink:type="arc" xlink:from="jpcrp030000-asr_E04502-000_NotesRegardingProvisionOfAllowanceIncludedInOperatingExpensesTextBlock" xlink:to="jpcrp030000-asr_E04502-000_NotesRegardingProvisionOfAllowanceIncludedInOperatingExpensesTextBlock_label_1" xlink:arcrole="http://www.xbrl.org/2003/arcrole/concept-label" order="1" />
    <link:labelArc xlink:type="arc" xlink:from="jpcrp030000-asr_E04502-000_NotesRegardingProvisionOfAllowanceIncludedInOperatingExpensesTextBlock" xlink:to="jpcrp030000-asr_E04502-000_NotesRegardingProvisionOfAllowanceIncludedInOperatingExpensesTextBlock_label" xlink:arcrole="http://www.xbrl.org/2003/arcrole/concept-label" order="1" />
    <link:labelArc xlink:type="arc" xlink:from="jpcrp030000-asr_E04502-000_NotesRegardingResearchAndDevelopmentCostsIncludedInOperatingExpensesTextBlock" xlink:to="jpcrp030000-asr_E04502-000_NotesRegardingResearchAndDevelopmentCostsIncludedInOperatingExpensesTextBlock_label_1" xlink:arcrole="http://www.xbrl.org/2003/arcrole/concept-label" order="1" />
    <link:labelArc xlink:type="arc" xlink:from="jpcrp030000-asr_E04502-000_NotesRegardingResearchAndDevelopmentCostsIncludedInOperatingExpensesTextBlock" xlink:to="jpcrp030000-asr_E04502-000_NotesRegardingResearchAndDevelopmentCostsIncludedInOperatingExpensesTextBlock_label" xlink:arcrole="http://www.xbrl.org/2003/arcrole/concept-label" order="1" />
    <link:labelArc xlink:type="arc" xlink:from="jpcrp030000-asr_E04502-000_OtherElectricUtilityOparatingExpensesSGA" xlink:to="jpcrp030000-asr_E04502-000_OtherElectricUtilityOparatingExpensesSGA_label_1" xlink:arcrole="http://www.xbrl.org/2003/arcrole/concept-label" order="1" />
    <link:labelArc xlink:type="arc" xlink:from="jpcrp030000-asr_E04502-000_OtherElectricUtilityOparatingExpensesSGA" xlink:to="jpcrp030000-asr_E04502-000_OtherElectricUtilityOparatingExpensesSGA_label" xlink:arcrole="http://www.xbrl.org/2003/arcrole/concept-label" order="1" />
    <link:labelArc xlink:type="arc" xlink:from="jpcrp030000-asr_E04502-000_OtherElectricUtilityOperatingExpenses" xlink:to="jpcrp030000-asr_E04502-000_OtherElectricUtilityOperatingExpenses_label_1" xlink:arcrole="http://www.xbrl.org/2003/arcrole/concept-label" order="1" />
    <link:labelArc xlink:type="arc" xlink:from="jpcrp030000-asr_E04502-000_OtherElectricUtilityOperatingExpenses" xlink:to="jpcrp030000-asr_E04502-000_OtherElectricUtilityOperatingExpenses_label" xlink:arcrole="http://www.xbrl.org/2003/arcrole/concept-label" order="1" />
    <link:labelArc xlink:type="arc" xlink:from="jpcrp030000-asr_E04502-000_OtherInformationAboutShareAcquisitionRightsHeading" xlink:to="jpcrp030000-asr_E04502-000_OtherInformationAboutShareAcquisitionRightsHeading_label_1" xlink:arcrole="http://www.xbrl.org/2003/arcrole/concept-label" order="1" />
    <link:labelArc xlink:type="arc" xlink:from="jpcrp030000-asr_E04502-000_OtherInformationAboutShareAcquisitionRightsHeading" xlink:to="jpcrp030000-asr_E04502-000_OtherInformationAboutShareAcquisitionRightsHeading_label" xlink:arcrole="http://www.xbrl.org/2003/arcrole/concept-label" order="1" />
    <link:labelArc xlink:type="arc" xlink:from="jpcrp030000-asr_E04502-000_OtherInformationAboutShareAcquisitionRightsNATextBlock" xlink:to="jpcrp030000-asr_E04502-000_OtherInformationAboutShareAcquisitionRightsNATextBlock_label_1" xlink:arcrole="http://www.xbrl.org/2003/arcrole/concept-label" order="1" />
    <link:labelArc xlink:type="arc" xlink:from="jpcrp030000-asr_E04502-000_OtherInformationAboutShareAcquisitionRightsNATextBlock" xlink:to="jpcrp030000-asr_E04502-000_OtherInformationAboutShareAcquisitionRightsNATextBlock_label" xlink:arcrole="http://www.xbrl.org/2003/arcrole/concept-label" order="1" />
    <link:labelArc xlink:type="arc" xlink:from="jpcrp030000-asr_E04502-000_PaymentsOfContributionForAccruedReprocessingOfIrradiatedNuclearFuelOpeCFELE" xlink:to="jpcrp030000-asr_E04502-000_PaymentsOfContributionForAccruedReprocessingOfIrradiatedNuclearFuelOpeCFELE_label_1" xlink:arcrole="http://www.xbrl.org/2003/arcrole/concept-label" order="1" />
    <link:labelArc xlink:type="arc" xlink:from="jpcrp030000-asr_E04502-000_PaymentsOfContributionForAccruedReprocessingOfIrradiatedNuclearFuelOpeCFELE" xlink:to="jpcrp030000-asr_E04502-000_PaymentsOfContributionForAccruedReprocessingOfIrradiatedNuclearFuelOpeCFELE_label" xlink:arcrole="http://www.xbrl.org/2003/arcrole/concept-label" order="1" />
    <link:labelArc xlink:type="arc" xlink:from="jpcrp030000-asr_E04502-000_PowerGenerationCompanyReportableSegmentMember" xlink:to="jpcrp030000-asr_E04502-000_PowerGenerationCompanyReportableSegmentMember_label_1" xlink:arcrole="http://www.xbrl.org/2003/arcrole/concept-label" order="1" />
    <link:labelArc xlink:type="arc" xlink:from="jpcrp030000-asr_E04502-000_PowerGenerationCompanyReportableSegmentMember" xlink:to="jpcrp030000-asr_E04502-000_PowerGenerationCompanyReportableSegmentMember_label" xlink:arcrole="http://www.xbrl.org/2003/arcrole/concept-label" order="1" />
    <link:labelArc xlink:type="arc" xlink:from="jpcrp030000-asr_E04502-000_PowerNetworkCompanyReportableSegmentMember" xlink:to="jpcrp030000-asr_E04502-000_PowerNetworkCompanyReportableSegmentMember_label_1" xlink:arcrole="http://www.xbrl.org/2003/arcrole/concept-label" order="1" />
    <link:labelArc xlink:type="arc" xlink:from="jpcrp030000-asr_E04502-000_PowerNetworkCompanyReportableSegmentMember" xlink:to="jpcrp030000-asr_E04502-000_PowerNetworkCompanyReportableSegmentMember_label" xlink:arcrole="http://www.xbrl.org/2003/arcrole/concept-label" order="1" />
    <link:labelArc xlink:type="arc" xlink:from="jpcrp030000-asr_E04502-000_PowerPurchaseExpensesPaidToOtherSuppliersElectricUtilityOperatingExpenses" xlink:to="jpcrp030000-asr_E04502-000_PowerPurchaseExpensesPaidToOtherSuppliersElectricUtilityOperatingExpenses_label_1" xlink:arcrole="http://www.xbrl.org/2003/arcrole/concept-label" order="1" />
    <link:labelArc xlink:type="arc" xlink:from="jpcrp030000-asr_E04502-000_PowerPurchaseExpensesPaidToOtherSuppliersElectricUtilityOperatingExpenses" xlink:to="jpcrp030000-asr_E04502-000_PowerPurchaseExpensesPaidToOtherSuppliersElectricUtilityOperatingExpenses_label" xlink:arcrole="http://www.xbrl.org/2003/arcrole/concept-label" order="1" />
    <link:labelArc xlink:type="arc" xlink:from="jpcrp030000-asr_E04502-000_PowerPurchaseExpensesPaidToOtherSuppliersElectricUtilityOperatingExpensesSGA" xlink:to="jpcrp030000-asr_E04502-000_PowerPurchaseExpensesPaidToOtherSuppliersElectricUtilityOperatingExpensesSGA_label_1" xlink:arcrole="http://www.xbrl.org/2003/arcrole/concept-label" order="1" />
    <link:labelArc xlink:type="arc" xlink:from="jpcrp030000-asr_E04502-000_PowerPurchaseExpensesPaidToOtherSuppliersElectricUtilityOperatingExpensesSGA" xlink:to="jpcrp030000-asr_E04502-000_PowerPurchaseExpensesPaidToOtherSuppliersElectricUtilityOperatingExpensesSGA_label" xlink:arcrole="http://www.xbrl.org/2003/arcrole/concept-label" order="1" />
    <link:labelArc xlink:type="arc" xlink:from="jpcrp030000-asr_E04502-000_ProvisionForLossInConjunctionWithDiscontinuedOperationsOfNuclearPowerPlantsNCLELE" xlink:to="jpcrp030000-asr_E04502-000_ProvisionForLossInConjunctionWithDiscontinuedOperationsOfNuclearPowerPlantsNCLELE_label_2" xlink:arcrole="http://www.xbrl.org/2003/arcrole/concept-label" order="1" />
    <link:labelArc xlink:type="arc" xlink:from="jpcrp030000-asr_E04502-000_ProvisionForLossInConjunctionWithDiscontinuedOperationsOfNuclearPowerPlantsNCLELE" xlink:to="jpcrp030000-asr_E04502-000_ProvisionForLossInConjunctionWithDiscontinuedOperationsOfNuclearPowerPlantsNCLELE_label_1" xlink:arcrole="http://www.xbrl.org/2003/arcrole/concept-label" order="1" />
    <link:labelArc xlink:type="arc" xlink:from="jpcrp030000-asr_E04502-000_ProvisionForLossInConjunctionWithDiscontinuedOperationsOfNuclearPowerPlantsNCLELE" xlink:to="jpcrp030000-asr_E04502-000_ProvisionForLossInConjunctionWithDiscontinuedOperationsOfNuclearPowerPlantsNCLELE_label" xlink:arcrole="http://www.xbrl.org/2003/arcrole/concept-label" order="1" />
    <link:labelArc xlink:type="arc" xlink:from="jpcrp030000-asr_E04502-000_RetirementBenefitExpensesElectricUtilityOparatingExpensesSGA" xlink:to="jpcrp030000-asr_E04502-000_RetirementBenefitExpensesElectricUtilityOparatingExpensesSGA_label_1" xlink:arcrole="http://www.xbrl.org/2003/arcrole/concept-label" order="1" />
    <link:labelArc xlink:type="arc" xlink:from="jpcrp030000-asr_E04502-000_RetirementBenefitExpensesElectricUtilityOparatingExpensesSGA" xlink:to="jpcrp030000-asr_E04502-000_RetirementBenefitExpensesElectricUtilityOparatingExpensesSGA_label" xlink:arcrole="http://www.xbrl.org/2003/arcrole/concept-label" order="1" />
    <link:labelArc xlink:type="arc" xlink:from="jpcrp030000-asr_E04502-000_RetirementBenefitExpensesElectricUtilityOperatingExpenses" xlink:to="jpcrp030000-asr_E04502-000_RetirementBenefitExpensesElectricUtilityOperatingExpenses_label_1" xlink:arcrole="http://www.xbrl.org/2003/arcrole/concept-label" order="1" />
    <link:labelArc xlink:type="arc" xlink:from="jpcrp030000-asr_E04502-000_RetirementBenefitExpensesElectricUtilityOperatingExpenses" xlink:to="jpcrp030000-asr_E04502-000_RetirementBenefitExpensesElectricUtilityOperatingExpenses_label" xlink:arcrole="http://www.xbrl.org/2003/arcrole/concept-label" order="1" />
    <link:labelArc xlink:type="arc" xlink:from="jpcrp030000-asr_E04502-000_SalariesAndAllowancesElectricUtilityOparatingExpensesSGA" xlink:to="jpcrp030000-asr_E04502-000_SalariesAndAllowancesElectricUtilityOparatingExpensesSGA_label_1" xlink:arcrole="http://www.xbrl.org/2003/arcrole/concept-label" order="1" />
    <link:labelArc xlink:type="arc" xlink:from="jpcrp030000-asr_E04502-000_SalariesAndAllowancesElectricUtilityOparatingExpensesSGA" xlink:to="jpcrp030000-asr_E04502-000_SalariesAndAllowancesElectricUtilityOparatingExpensesSGA_label" xlink:arcrole="http://www.xbrl.org/2003/arcrole/concept-label" order="1" />
    <link:labelArc xlink:type="arc" xlink:from="jpcrp030000-asr_E04502-000_SalariesAndAllowancesElectricUtilityOperatingExpenses" xlink:to="jpcrp030000-asr_E04502-000_SalariesAndAllowancesElectricUtilityOperatingExpenses_label_1" xlink:arcrole="http://www.xbrl.org/2003/arcrole/concept-label" order="1" />
    <link:labelArc xlink:type="arc" xlink:from="jpcrp030000-asr_E04502-000_SalariesAndAllowancesElectricUtilityOperatingExpenses" xlink:to="jpcrp030000-asr_E04502-000_SalariesAndAllowancesElectricUtilityOperatingExpenses_label" xlink:arcrole="http://www.xbrl.org/2003/arcrole/concept-label" order="1" />
    <link:labelArc xlink:type="arc" xlink:from="jpcrp030000-asr_E04502-000_SellingGeneralAndAdministrativeExpensesElectricUtilityOperatingExpenses" xlink:to="jpcrp030000-asr_E04502-000_SellingGeneralAndAdministrativeExpensesElectricUtilityOperatingExpenses_label_1" xlink:arcrole="http://www.xbrl.org/2003/arcrole/concept-label" order="1" />
    <link:labelArc xlink:type="arc" xlink:from="jpcrp030000-asr_E04502-000_SellingGeneralAndAdministrativeExpensesElectricUtilityOperatingExpenses" xlink:to="jpcrp030000-asr_E04502-000_SellingGeneralAndAdministrativeExpensesElectricUtilityOperatingExpenses_label" xlink:arcrole="http://www.xbrl.org/2003/arcrole/concept-label" order="1" />
    <link:labelArc xlink:type="arc" xlink:from="jpcrp030000-asr_E04502-000_SubtotalElectricUtilityOperatingExpenses" xlink:to="jpcrp030000-asr_E04502-000_SubtotalElectricUtilityOperatingExpenses_label_1" xlink:arcrole="http://www.xbrl.org/2003/arcrole/concept-label" order="1" />
    <link:labelArc xlink:type="arc" xlink:from="jpcrp030000-asr_E04502-000_SubtotalElectricUtilityOperatingExpenses" xlink:to="jpcrp030000-asr_E04502-000_SubtotalElectricUtilityOperatingExpenses_label" xlink:arcrole="http://www.xbrl.org/2003/arcrole/concept-label" order="1" />
  </link:labelLink>
</link:linkbase>