﻿<?xml version="1.0" encoding="utf-8"?>
<!-- Edited with FutureStage XBRL Solution Library .NET 01-11 -->
<link:linkbase xmlns:xlink="http://www.w3.org/1999/xlink" xmlns:xsi="http://www.w3.org/2001/XMLSchema-instance" xmlns:link="http://www.xbrl.org/2003/linkbase">
  <link:labelLink xlink:type="extended" xlink:role="http://www.xbrl.org/2003/role/link">
    <link:label xml:lang="en" xlink:type="resource" xlink:label="jpcrp030000-asr_E04502-000_ConsignmemtExpensesElectricUtilityOparatingExpensesSGA_label" xlink:role="http://www.xbrl.org/2003/role/label">Consignmemt expenses</link:label>
    <link:label xml:lang="en" xlink:type="resource" xlink:label="jpcrp030000-asr_E04502-000_ConsignmemtExpensesElectricUtilityOparatingExpensesSGA_label_1" xlink:role="http://www.xbrl.org/2003/role/verboseLabel">Consignmemt expenses, Electric utility oparating expenses-SGA</link:label>
    <link:label xml:lang="en" xlink:type="resource" xlink:label="jpcrp030000-asr_E04502-000_ConsignmemtExpensesElectricUtilityOperatingExpenses_label" xlink:role="http://www.xbrl.org/2003/role/label">Consignmemt expenses</link:label>
    <link:label xml:lang="en" xlink:type="resource" xlink:label="jpcrp030000-asr_E04502-000_ConsignmemtExpensesElectricUtilityOperatingExpenses_label_1" xlink:role="http://www.xbrl.org/2003/role/verboseLabel">Consignmemt expenses, Electric utility operating expenses</link:label>
    <link:label xml:lang="en" xlink:type="resource" xlink:label="jpcrp030000-asr_E04502-000_CONSIGNMENTCHARGECALCULATION_label" xlink:role="http://www.xbrl.org/2003/role/label">CONSIGNMENT CHARGE CALCULATION</link:label>
    <link:label xml:lang="en" xlink:type="resource" xlink:label="jpcrp030000-asr_E04502-000_CONSIGNMENTCHARGECALCULATION_label_1" xlink:role="http://www.xbrl.org/2003/role/verboseLabel">CONSIGNMENT CHARGE CALCULATION</link:label>
    <link:label xml:lang="en" xlink:type="resource" xlink:label="jpcrp030000-asr_E04502-000_CustomerServiceAndSalesCompanyReportableSegmentMember_label" xlink:role="http://www.xbrl.org/2003/role/label">Customer service and sales company</link:label>
    <link:label xml:lang="en" xlink:type="resource" xlink:label="jpcrp030000-asr_E04502-000_CustomerServiceAndSalesCompanyReportableSegmentMember_label_1" xlink:role="http://www.xbrl.org/2003/role/verboseLabel">Customer service and sales company, Reportable segment [member]</link:label>
    <link:label xml:lang="en" xlink:type="resource" xlink:label="jpcrp030000-asr_E04502-000_DecreaseIncreaseInTradeReceivablesAndContractAssetsOpeCF_label" xlink:role="http://www.xbrl.org/2003/role/label">Decrease increase in trade receivables and contract assets</link:label>
    <link:label xml:lang="en" xlink:type="resource" xlink:label="jpcrp030000-asr_E04502-000_DecreaseIncreaseInTradeReceivablesAndContractAssetsOpeCF_label_1" xlink:role="http://www.xbrl.org/2003/role/verboseLabel">Decrease increase in trade receivables and contract assets-OpeCF</link:label>
    <link:label xml:lang="en" xlink:type="resource" xlink:label="jpcrp030000-asr_E04502-000_ElectricUtilityOperatingExpenses_label" xlink:role="http://www.xbrl.org/2003/role/label">Electric utility operating expenses</link:label>
    <link:label xml:lang="en" xlink:type="resource" xlink:label="jpcrp030000-asr_E04502-000_ElectricUtilityOperatingExpenses_label_1" xlink:role="http://www.xbrl.org/2003/role/verboseLabel">Electric utility operating expenses</link:label>
    <link:label xml:lang="en" xlink:type="resource" xlink:label="jpcrp030000-asr_E04502-000_GainOnReturnOfImbalanceChargeNOI_label" xlink:role="http://www.xbrl.org/2003/role/label">Gain on return of imbalance charge</link:label>
    <link:label xml:lang="en" xlink:type="resource" xlink:label="jpcrp030000-asr_E04502-000_GainOnReturnOfImbalanceChargeNOI_label_1" xlink:role="http://www.xbrl.org/2003/role/verboseLabel">Gain on return of imbalance charge-NOI</link:label>
    <link:label xml:lang="en" xlink:type="resource" xlink:label="jpcrp030000-asr_E04502-000_HamaguchiMichinariMember_label" xlink:role="http://www.xbrl.org/2003/role/label">Hamaguchi, Michinari</link:label>
    <link:label xml:lang="en" xlink:type="resource" xlink:label="jpcrp030000-asr_E04502-000_HamaguchiMichinariMember_label_1" xlink:role="http://www.xbrl.org/2003/role/verboseLabel">Hamaguchi, Michinari [member]</link:label>
    <link:label xml:lang="en" xlink:type="resource" xlink:label="jpcrp030000-asr_E04502-000_HashimotoTakayukiMember_label" xlink:role="http://www.xbrl.org/2003/role/label">Hashimoto, Takayuki</link:label>
    <link:label xml:lang="en" xlink:type="resource" xlink:label="jpcrp030000-asr_E04502-000_HashimotoTakayukiMember_label_1" xlink:role="http://www.xbrl.org/2003/role/verboseLabel">Hashimoto, Takayuki [member]</link:label>
    <link:label xml:lang="en" xlink:type="resource" xlink:label="jpcrp030000-asr_E04502-000_HayashiKingoMember_label" xlink:role="http://www.xbrl.org/2003/role/label">Hayashi, Kingo</link:label>
    <link:label xml:lang="en" xlink:type="resource" xlink:label="jpcrp030000-asr_E04502-000_HayashiKingoMember_label_1" xlink:role="http://www.xbrl.org/2003/role/verboseLabel">Hayashi, Kingo [member]</link:label>
    <link:label xml:lang="en" xlink:type="resource" xlink:label="jpcrp030000-asr_E04502-000_IharaIchiroMember_label" xlink:role="http://www.xbrl.org/2003/role/label">Ihara, Ichiro</link:label>
    <link:label xml:lang="en" xlink:type="resource" xlink:label="jpcrp030000-asr_E04502-000_IharaIchiroMember_label_1" xlink:role="http://www.xbrl.org/2003/role/verboseLabel">Ihara, Ichiro [member]</link:label>
    <link:label xml:lang="en" xlink:type="resource" xlink:label="jpcrp030000-asr_E04502-000_IncreaseDecreaseInNetDefinedBenefitLiabilityAndAssetOpeCF_label_1" xlink:role="http://www.xbrl.org/2003/role/label">Increase decrease in net defined benefit liability and asset</link:label>
    <link:label xml:lang="en" xlink:type="resource" xlink:label="jpcrp030000-asr_E04502-000_IncreaseDecreaseInNetDefinedBenefitLiabilityAndAssetOpeCF_label_2" xlink:role="http://www.xbrl.org/2003/role/verboseLabel">Increase decrease in net defined benefit liability and asset-OpeCF</link:label>
    <link:label xml:lang="en" xlink:type="resource" xlink:label="jpcrp030000-asr_E04502-000_IncreaseDecreaseInNetDefinedBenefitLiabilityAndAssetOpeCF_label" xlink:role="http://www.xbrl.org/2003/role/documentation">Increase decrease in net defined benefit liability and asset-OpeCF</link:label>
    <link:label xml:lang="en" xlink:type="resource" xlink:label="jpcrp030000-asr_E04502-000_IncreaseDecreaseInProvisionForLossInConjunctionWithDiscontinuedOperationsOfNuclearPowerPlantsOpeCFELE_label_1" xlink:role="http://www.xbrl.org/2003/role/label">Increase (decrease) in provision for loss in conjunction with discontinued operations of nuclear power plants</link:label>
    <link:label xml:lang="en" xlink:type="resource" xlink:label="jpcrp030000-asr_E04502-000_IncreaseDecreaseInProvisionForLossInConjunctionWithDiscontinuedOperationsOfNuclearPowerPlantsOpeCFELE_label_2" xlink:role="http://www.xbrl.org/2003/role/verboseLabel">Increase (decrease) in provision for loss in conjunction with discontinued operations of nuclear power plants-OpeCF-ELE</link:label>
    <link:label xml:lang="en" xlink:type="resource" xlink:label="jpcrp030000-asr_E04502-000_IncreaseDecreaseInProvisionForLossInConjunctionWithDiscontinuedOperationsOfNuclearPowerPlantsOpeCFELE_label" xlink:role="http://www.xbrl.org/2003/role/documentation">Increase (decrease) in provision for loss in conjunction with discontinued operations of nuclear power plants-OpeCF-ELE</link:label>
    <link:label xml:lang="en" xlink:type="resource" xlink:label="jpcrp030000-asr_E04502-000_InternalTransactionCancellationElectricUtilityOperatingExpenses_label" xlink:role="http://www.xbrl.org/2003/role/label">Internal transaction cancellation</link:label>
    <link:label xml:lang="en" xlink:type="resource" xlink:label="jpcrp030000-asr_E04502-000_InternalTransactionCancellationElectricUtilityOperatingExpenses_label_1" xlink:role="http://www.xbrl.org/2003/role/verboseLabel">Internal transaction cancellation, Electric utility operating expenses</link:label>
    <link:label xml:lang="en" xlink:type="resource" xlink:label="jpcrp030000-asr_E04502-000_ItoHisanoriMember_label" xlink:role="http://www.xbrl.org/2003/role/label">Ito, Hisanori</link:label>
    <link:label xml:lang="en" xlink:type="resource" xlink:label="jpcrp030000-asr_E04502-000_ItoHisanoriMember_label_1" xlink:role="http://www.xbrl.org/2003/role/verboseLabel">Ito, Hisanori [member]</link:label>
    <link:label xml:lang="en" xlink:type="resource" xlink:label="jpcrp030000-asr_E04502-000_JERAReportableSegmentMember_label" xlink:role="http://www.xbrl.org/2003/role/label">JERA</link:label>
    <link:label xml:lang="en" xlink:type="resource" xlink:label="jpcrp030000-asr_E04502-000_JERAReportableSegmentMember_label_1" xlink:role="http://www.xbrl.org/2003/role/verboseLabel">JERA, Reportable segment [member]</link:label>
    <link:label xml:lang="en" xlink:type="resource" xlink:label="jpcrp030000-asr_E04502-000_KataokaAkinoriMember_label" xlink:role="http://www.xbrl.org/2003/role/label">Kataoka, Akinori</link:label>
    <link:label xml:lang="en" xlink:type="resource" xlink:label="jpcrp030000-asr_E04502-000_KataokaAkinoriMember_label_1" xlink:role="http://www.xbrl.org/2003/role/verboseLabel">Kataoka, Akinori [member]</link:label>
    <link:label xml:lang="en" xlink:type="resource" xlink:label="jpcrp030000-asr_E04502-000_KatsunoSatoruMember_label" xlink:role="http://www.xbrl.org/2003/role/label">Katsuno, Satoru</link:label>
    <link:label xml:lang="en" xlink:type="resource" xlink:label="jpcrp030000-asr_E04502-000_KatsunoSatoruMember_label_1" xlink:role="http://www.xbrl.org/2003/role/verboseLabel">Katsuno, Satoru [member]</link:label>
    <link:label xml:lang="en" xlink:type="resource" xlink:label="jpcrp030000-asr_E04502-000_KudoYokoMember_label" xlink:role="http://www.xbrl.org/2003/role/label">Kudo,Yoko</link:label>
    <link:label xml:lang="en" xlink:type="resource" xlink:label="jpcrp030000-asr_E04502-000_KudoYokoMember_label_1" xlink:role="http://www.xbrl.org/2003/role/verboseLabel">Kudo,Yoko [member]</link:label>
    <link:label xml:lang="en" xlink:type="resource" xlink:label="jpcrp030000-asr_E04502-000_KuriharaMitsueMember_label" xlink:role="http://www.xbrl.org/2003/role/label">Kurihara, Mitsue</link:label>
    <link:label xml:lang="en" xlink:type="resource" xlink:label="jpcrp030000-asr_E04502-000_KuriharaMitsueMember_label_1" xlink:role="http://www.xbrl.org/2003/role/verboseLabel">Kurihara, Mitsue [member]</link:label>
    <link:label xml:lang="en" xlink:type="resource" xlink:label="jpcrp030000-asr_E04502-000_LevyUnderActOnPurchaseOfRenewableEnergySourcedElectricityOEElectricELE_label" xlink:role="http://www.xbrl.org/2003/role/label">Levy under Act on Purchase of Renewable Energy Sourced Electricity</link:label>
    <link:label xml:lang="en" xlink:type="resource" xlink:label="jpcrp030000-asr_E04502-000_LevyUnderActOnPurchaseOfRenewableEnergySourcedElectricityOEElectricELE_label_1" xlink:role="http://www.xbrl.org/2003/role/verboseLabel">Levy under Act on Purchase of Renewable Energy Sourced Electricity-OE-electric-ELE</link:label>
    <link:label xml:lang="en" xlink:type="resource" xlink:label="jpcrp030000-asr_E04502-000_LevyUnderActOnPurchaseOfRenewableEnergySourcedElectricityOEElectricELESGA_label" xlink:role="http://www.xbrl.org/2003/role/label">Levy under Act on Purchase of Renewable Energy Sourced Electricity</link:label>
    <link:label xml:lang="en" xlink:type="resource" xlink:label="jpcrp030000-asr_E04502-000_LevyUnderActOnPurchaseOfRenewableEnergySourcedElectricityOEElectricELESGA_label_1" xlink:role="http://www.xbrl.org/2003/role/verboseLabel">Levy under Act on Purchase of Renewable Energy Sourced Electricity-OE-electric-ELE-SGA</link:label>
    <link:label xml:lang="en" xlink:type="resource" xlink:label="jpcrp030000-asr_E04502-000_LossOnReturnOfImbalanceChargeEL_label" xlink:role="http://www.xbrl.org/2003/role/label">Loss on return of imbalance charge</link:label>
    <link:label xml:lang="en" xlink:type="resource" xlink:label="jpcrp030000-asr_E04502-000_LossOnReturnOfImbalanceChargeEL_label_1" xlink:role="http://www.xbrl.org/2003/role/verboseLabel">Loss on return of imbalance charge-EL</link:label>
    <link:label xml:lang="en" xlink:type="resource" xlink:label="jpcrp030000-asr_E04502-000_LossOnReturnOfImbalanceChargeOpeCF_label" xlink:role="http://www.xbrl.org/2003/role/label">Loss on return of imbalance charge</link:label>
    <link:label xml:lang="en" xlink:type="resource" xlink:label="jpcrp030000-asr_E04502-000_LossOnReturnOfImbalanceChargeOpeCF_label_1" xlink:role="http://www.xbrl.org/2003/role/verboseLabel">Loss on return of imbalance charge-OpeCF</link:label>
    <link:label xml:lang="en" xlink:type="resource" xlink:label="jpcrp030000-asr_E04502-000_MiraizReportableSegmentMember_label" xlink:role="http://www.xbrl.org/2003/role/label">Miraiz</link:label>
    <link:label xml:lang="en" xlink:type="resource" xlink:label="jpcrp030000-asr_E04502-000_MiraizReportableSegmentMember_label_1" xlink:role="http://www.xbrl.org/2003/role/verboseLabel">Miraiz, Reportable segment [member]</link:label>
    <link:label xml:lang="en" xlink:type="resource" xlink:label="jpcrp030000-asr_E04502-000_MizutaniHitoshiMember_label" xlink:role="http://www.xbrl.org/2003/role/label">Mizutani, Hitoshi</link:label>
    <link:label xml:lang="en" xlink:type="resource" xlink:label="jpcrp030000-asr_E04502-000_MizutaniHitoshiMember_label_1" xlink:role="http://www.xbrl.org/2003/role/verboseLabel">Mizutani, Hitoshi [member]</link:label>
    <link:label xml:lang="en" xlink:type="resource" xlink:label="jpcrp030000-asr_E04502-000_MonthlyCompensationsMonthlyRemunerationEtcByCategoryOfDirectorsAndOtherOfficers_label" xlink:role="http://www.xbrl.org/2003/role/label">Monthly compensations</link:label>
    <link:label xml:lang="en" xlink:type="resource" xlink:label="jpcrp030000-asr_E04502-000_MonthlyCompensationsMonthlyRemunerationEtcByCategoryOfDirectorsAndOtherOfficers_label_1" xlink:role="http://www.xbrl.org/2003/role/verboseLabel">Monthly compensations, Monthly remuneration, etc. by category of directors (and other officers)</link:label>
    <link:label xml:lang="en" xlink:type="resource" xlink:label="jpcrp030000-asr_E04502-000_NagatomiFumikoMember_label" xlink:role="http://www.xbrl.org/2003/role/label">Nagatomi, Fumiko</link:label>
    <link:label xml:lang="en" xlink:type="resource" xlink:label="jpcrp030000-asr_E04502-000_NagatomiFumikoMember_label_1" xlink:role="http://www.xbrl.org/2003/role/verboseLabel">Nagatomi, Fumiko [member]</link:label>
    <link:label xml:lang="en" xlink:type="resource" xlink:label="jpcrp030000-asr_E04502-000_NotesRegardingAccruedTaxesTextBlock_label" xlink:role="http://www.xbrl.org/2003/role/label">Notes regarding accrued taxes</link:label>
    <link:label xml:lang="en" xlink:type="resource" xlink:label="jpcrp030000-asr_E04502-000_NotesRegardingAccruedTaxesTextBlock_label_1" xlink:role="http://www.xbrl.org/2003/role/verboseLabel">Notes regarding accrued taxes[text block]</link:label>
    <link:label xml:lang="en" xlink:type="resource" xlink:label="jpcrp030000-asr_E04502-000_NotesRegardingAmountsOfReductionEntryOfNonCurrentAssetsTextBlock_label" xlink:role="http://www.xbrl.org/2003/role/label">Notes regarding amounts of reduction entry of non-current assets</link:label>
    <link:label xml:lang="en" xlink:type="resource" xlink:label="jpcrp030000-asr_E04502-000_NotesRegardingAmountsOfReductionEntryOfNonCurrentAssetsTextBlock_label_1" xlink:role="http://www.xbrl.org/2003/role/verboseLabel">Notes regarding amounts of reduction entry of non-current assets[text block]</link:label>
    <link:label xml:lang="en" xlink:type="resource" xlink:label="jpcrp030000-asr_E04502-000_NotesRegardingCurrentPortionOfNoncurrentLiabilitiesTextBlock_label" xlink:role="http://www.xbrl.org/2003/role/label">Notes regarding current portion of noncurrent liabilities</link:label>
    <link:label xml:lang="en" xlink:type="resource" xlink:label="jpcrp030000-asr_E04502-000_NotesRegardingCurrentPortionOfNoncurrentLiabilitiesTextBlock_label_1" xlink:role="http://www.xbrl.org/2003/role/verboseLabel">Notes regarding current portion of noncurrent liabilities[text block]</link:label>
    <link:label xml:lang="en" xlink:type="resource" xlink:label="jpcrp030000-asr_E04502-000_NotesRegardingIncidentalBusinessFacilitiesInStatementOfIncomeTextBlock_label" xlink:role="http://www.xbrl.org/2003/role/label">Notes regarding incidental business facilities in statement of income</link:label>
    <link:label xml:lang="en" xlink:type="resource" xlink:label="jpcrp030000-asr_E04502-000_NotesRegardingIncidentalBusinessFacilitiesInStatementOfIncomeTextBlock_label_1" xlink:role="http://www.xbrl.org/2003/role/verboseLabel">Notes regarding incidental business facilities in statement of income[text block]</link:label>
    <link:label xml:lang="en" xlink:type="resource" xlink:label="jpcrp030000-asr_E04502-000_NotesRegardingLoansPayableToDevelopmentBankOfJapanIncTextBlock_label" xlink:role="http://www.xbrl.org/2003/role/label">Notes regarding loans payable to development bank of japan inc.</link:label>
    <link:label xml:lang="en" xlink:type="resource" xlink:label="jpcrp030000-asr_E04502-000_NotesRegardingLoansPayableToDevelopmentBankOfJapanIncTextBlock_label_1" xlink:role="http://www.xbrl.org/2003/role/verboseLabel">Notes regarding loans payable to development bank of japan inc.[text block]</link:label>
    <link:label xml:lang="en" xlink:type="resource" xlink:label="jpcrp030000-asr_E04502-000_NotesRegardingProvisionOfAllowanceIncludedInOperatingExpensesTextBlock_label" xlink:role="http://www.xbrl.org/2003/role/label">Notes regarding provision of allowance included in operating expenses</link:label>
    <link:label xml:lang="en" xlink:type="resource" xlink:label="jpcrp030000-asr_E04502-000_NotesRegardingProvisionOfAllowanceIncludedInOperatingExpensesTextBlock_label_1" xlink:role="http://www.xbrl.org/2003/role/verboseLabel">Notes regarding provision of allowance included in operating expenses[text block]</link:label>
    <link:label xml:lang="en" xlink:type="resource" xlink:label="jpcrp030000-asr_E04502-000_NotesRegardingResearchAndDevelopmentCostsIncludedInOperatingExpensesTextBlock_label" xlink:role="http://www.xbrl.org/2003/role/label">Notes regarding research and development costs included in operating expenses</link:label>
    <link:label xml:lang="en" xlink:type="resource" xlink:label="jpcrp030000-asr_E04502-000_NotesRegardingResearchAndDevelopmentCostsIncludedInOperatingExpensesTextBlock_label_1" xlink:role="http://www.xbrl.org/2003/role/verboseLabel">Notes regarding research and development costs included in operating expenses[text block]</link:label>
    <link:label xml:lang="en" xlink:type="resource" xlink:label="jpcrp030000-asr_E04502-000_OperatingRevenueOverseasEnergy_label" xlink:role="http://www.xbrl.org/2003/role/label">Operating revenue overseas energy</link:label>
    <link:label xml:lang="en" xlink:type="resource" xlink:label="jpcrp030000-asr_E04502-000_OperatingRevenueOverseasEnergy_label_1" xlink:role="http://www.xbrl.org/2003/role/verboseLabel">Operating revenue overseas energy</link:label>
    <link:label xml:lang="en" xlink:type="resource" xlink:label="jpcrp030000-asr_E04502-000_OperatingRevenueRegionalServiceIncidentalBusinessOperatingRevenue_label" xlink:role="http://www.xbrl.org/2003/role/label">Operating revenue regional service</link:label>
    <link:label xml:lang="en" xlink:type="resource" xlink:label="jpcrp030000-asr_E04502-000_OperatingRevenueRegionalServiceIncidentalBusinessOperatingRevenue_label_1" xlink:role="http://www.xbrl.org/2003/role/verboseLabel">Operating revenue regional service, Incidental business operating revenue</link:label>
    <link:label xml:lang="en" xlink:type="resource" xlink:label="jpcrp030000-asr_E04502-000_OtherElectricUtilityOparatingExpensesSGA_label" xlink:role="http://www.xbrl.org/2003/role/label">Other</link:label>
    <link:label xml:lang="en" xlink:type="resource" xlink:label="jpcrp030000-asr_E04502-000_OtherElectricUtilityOparatingExpensesSGA_label_1" xlink:role="http://www.xbrl.org/2003/role/verboseLabel">Other, Electric utility oparating expenses-SGA</link:label>
    <link:label xml:lang="en" xlink:type="resource" xlink:label="jpcrp030000-asr_E04502-000_OtherElectricUtilityOperatingExpenses_label" xlink:role="http://www.xbrl.org/2003/role/label">Other</link:label>
    <link:label xml:lang="en" xlink:type="resource" xlink:label="jpcrp030000-asr_E04502-000_OtherElectricUtilityOperatingExpenses_label_1" xlink:role="http://www.xbrl.org/2003/role/verboseLabel">Other, Electric utility operating expenses</link:label>
    <link:label xml:lang="en" xlink:type="resource" xlink:label="jpcrp030000-asr_E04502-000_PerformanceLinkedBonusesPerformanceLinkedRemunerationEtcByCategoryOfDirectorsAndOtherOfficers_label" xlink:role="http://www.xbrl.org/2003/role/label">Performance-linked bonuses</link:label>
    <link:label xml:lang="en" xlink:type="resource" xlink:label="jpcrp030000-asr_E04502-000_PerformanceLinkedBonusesPerformanceLinkedRemunerationEtcByCategoryOfDirectorsAndOtherOfficers_label_1" xlink:role="http://www.xbrl.org/2003/role/verboseLabel">Performance-linked bonuses, performance-linked remuneration, etc. by category of directors (and other officers)</link:label>
    <link:label xml:lang="en" xlink:type="resource" xlink:label="jpcrp030000-asr_E04502-000_PowergridReportableSegmentMember_label" xlink:role="http://www.xbrl.org/2003/role/label">Powergrid</link:label>
    <link:label xml:lang="en" xlink:type="resource" xlink:label="jpcrp030000-asr_E04502-000_PowergridReportableSegmentMember_label_1" xlink:role="http://www.xbrl.org/2003/role/verboseLabel">Powergrid, Reportable segment [member]</link:label>
    <link:label xml:lang="en" xlink:type="resource" xlink:label="jpcrp030000-asr_E04502-000_PowerNetworkCompanyReportableSegmentMember_label" xlink:role="http://www.xbrl.org/2003/role/label">Power network company</link:label>
    <link:label xml:lang="en" xlink:type="resource" xlink:label="jpcrp030000-asr_E04502-000_PowerNetworkCompanyReportableSegmentMember_label_1" xlink:role="http://www.xbrl.org/2003/role/verboseLabel">Power network company, Reportable segment [member]</link:label>
    <link:label xml:lang="en" xlink:type="resource" xlink:label="jpcrp030000-asr_E04502-000_PowerPurchaseExpensesPaidToOtherSuppliersElectricUtilityOperatingExpenses_label" xlink:role="http://www.xbrl.org/2003/role/label">Power purchase expenses paid to other suppliers</link:label>
    <link:label xml:lang="en" xlink:type="resource" xlink:label="jpcrp030000-asr_E04502-000_PowerPurchaseExpensesPaidToOtherSuppliersElectricUtilityOperatingExpenses_label_1" xlink:role="http://www.xbrl.org/2003/role/verboseLabel">Power purchase expenses paid to other suppliers, Electric utility operating expenses</link:label>
    <link:label xml:lang="en" xlink:type="resource" xlink:label="jpcrp030000-asr_E04502-000_PowerPurchaseExpensesPaidToOtherSuppliersElectricUtilityOperatingExpensesSGA_label" xlink:role="http://www.xbrl.org/2003/role/label">Power purchase expenses paid to other suppliers-Electric utility operating expenses</link:label>
    <link:label xml:lang="en" xlink:type="resource" xlink:label="jpcrp030000-asr_E04502-000_PowerPurchaseExpensesPaidToOtherSuppliersElectricUtilityOperatingExpensesSGA_label_1" xlink:role="http://www.xbrl.org/2003/role/verboseLabel">Power purchase expenses paid to other suppliers, Electric utility operating expenses-SGA</link:label>
    <link:label xml:lang="en" xlink:type="resource" xlink:label="jpcrp030000-asr_E04502-000_ProvisionForLossInConjunctionWithDiscontinuedOperationsOfNuclearPowerPlantsNCLELE_label_1" xlink:role="http://www.xbrl.org/2003/role/label">Provision for loss in conjunction with discontinued operations of nuclear power plants</link:label>
    <link:label xml:lang="en" xlink:type="resource" xlink:label="jpcrp030000-asr_E04502-000_ProvisionForLossInConjunctionWithDiscontinuedOperationsOfNuclearPowerPlantsNCLELE_label_2" xlink:role="http://www.xbrl.org/2003/role/verboseLabel">Provision for loss in conjunction with discontinued operations of nuclear power plants-NCL-ELE</link:label>
    <link:label xml:lang="en" xlink:type="resource" xlink:label="jpcrp030000-asr_E04502-000_ProvisionForLossInConjunctionWithDiscontinuedOperationsOfNuclearPowerPlantsNCLELE_label" xlink:role="http://www.xbrl.org/2003/role/documentation">Provision for loss in conjunction with discontinued operations of nuclear power plants-NCL-ELE</link:label>
    <link:label xml:lang="en" xlink:type="resource" xlink:label="jpcrp030000-asr_E04502-000_RetirementBenefitExpensesElectricUtilityOparatingExpensesSGA_label" xlink:role="http://www.xbrl.org/2003/role/label">Retirement benefit expenses</link:label>
    <link:label xml:lang="en" xlink:type="resource" xlink:label="jpcrp030000-asr_E04502-000_RetirementBenefitExpensesElectricUtilityOparatingExpensesSGA_label_1" xlink:role="http://www.xbrl.org/2003/role/verboseLabel">Retirement benefit expenses, Electric utility oparating expenses-SGA</link:label>
    <link:label xml:lang="en" xlink:type="resource" xlink:label="jpcrp030000-asr_E04502-000_RetirementBenefitExpensesElectricUtilityOperatingExpenses_label" xlink:role="http://www.xbrl.org/2003/role/label">Retirement benefit expenses</link:label>
    <link:label xml:lang="en" xlink:type="resource" xlink:label="jpcrp030000-asr_E04502-000_RetirementBenefitExpensesElectricUtilityOperatingExpenses_label_1" xlink:role="http://www.xbrl.org/2003/role/verboseLabel">Retirement benefit expenses, Electric utility operating expenses</link:label>
    <link:label xml:lang="en" xlink:type="resource" xlink:label="jpcrp030000-asr_E04502-000_RevenueEquivalentToContributionForNuclearDamageCompensation_label" xlink:role="http://www.xbrl.org/2003/role/label">Revenue equivalent to contribution for nuclear damage compensation</link:label>
    <link:label xml:lang="en" xlink:type="resource" xlink:label="jpcrp030000-asr_E04502-000_RevenueEquivalentToContributionForNuclearDamageCompensation_label_1" xlink:role="http://www.xbrl.org/2003/role/verboseLabel">Revenue equivalent to contribution for nuclear damage compensation</link:label>
    <link:label xml:lang="en" xlink:type="resource" xlink:label="jpcrp030000-asr_E04502-000_SalariesAndAllowancesElectricUtilityOparatingExpensesSGA_label" xlink:role="http://www.xbrl.org/2003/role/label">Salaries and allowances</link:label>
    <link:label xml:lang="en" xlink:type="resource" xlink:label="jpcrp030000-asr_E04502-000_SalariesAndAllowancesElectricUtilityOparatingExpensesSGA_label_1" xlink:role="http://www.xbrl.org/2003/role/verboseLabel">Salaries and allowances, Electric utility oparating expenses-SGA</link:label>
    <link:label xml:lang="en" xlink:type="resource" xlink:label="jpcrp030000-asr_E04502-000_SalariesAndAllowancesElectricUtilityOperatingExpenses_label" xlink:role="http://www.xbrl.org/2003/role/label">Salaries and allowances</link:label>
    <link:label xml:lang="en" xlink:type="resource" xlink:label="jpcrp030000-asr_E04502-000_SalariesAndAllowancesElectricUtilityOperatingExpenses_label_1" xlink:role="http://www.xbrl.org/2003/role/verboseLabel">Salaries and allowances, Electric utility operating expenses</link:label>
    <link:label xml:lang="en" xlink:type="resource" xlink:label="jpcrp030000-asr_E04502-000_SellingGeneralAndAdministrativeExpensesElectricUtilityOperatingExpenses_label" xlink:role="http://www.xbrl.org/2003/role/label">Selling, general and administrative expenses</link:label>
    <link:label xml:lang="en" xlink:type="resource" xlink:label="jpcrp030000-asr_E04502-000_SellingGeneralAndAdministrativeExpensesElectricUtilityOperatingExpenses_label_1" xlink:role="http://www.xbrl.org/2003/role/verboseLabel">Selling, general and administrative expenses, Electric utility operating expenses</link:label>
    <link:label xml:lang="en" xlink:type="resource" xlink:label="jpcrp030000-asr_E04502-000_ShimaoTadashiMember_label" xlink:role="http://www.xbrl.org/2003/role/label">Shimao, Tadashi</link:label>
    <link:label xml:lang="en" xlink:type="resource" xlink:label="jpcrp030000-asr_E04502-000_ShimaoTadashiMember_label_1" xlink:role="http://www.xbrl.org/2003/role/verboseLabel">Shimao, Tadashi [member]</link:label>
    <link:label xml:lang="en" xlink:type="resource" xlink:label="jpcrp030000-asr_E04502-000_SubtotalElectricUtilityOperatingExpenses_label" xlink:role="http://www.xbrl.org/2003/role/label">Subtotal</link:label>
    <link:label xml:lang="en" xlink:type="resource" xlink:label="jpcrp030000-asr_E04502-000_SubtotalElectricUtilityOperatingExpenses_label_1" xlink:role="http://www.xbrl.org/2003/role/verboseLabel">Subtotal, Electric utility operating expenses</link:label>
    <link:label xml:lang="en" xlink:type="resource" xlink:label="jpcrp030000-asr_E04502-000_TakadaHiroshiMember_label" xlink:role="http://www.xbrl.org/2003/role/label">Takada, Hiroshi</link:label>
    <link:label xml:lang="en" xlink:type="resource" xlink:label="jpcrp030000-asr_E04502-000_TakadaHiroshiMember_label_1" xlink:role="http://www.xbrl.org/2003/role/verboseLabel">Takada, Hiroshi [member]</link:label>
    <link:label xml:lang="en" xlink:type="resource" xlink:label="jpcrp030000-asr_E04502-000_TeradaShuichiMember_label" xlink:role="http://www.xbrl.org/2003/role/label">Terada, Shuichi</link:label>
    <link:label xml:lang="en" xlink:type="resource" xlink:label="jpcrp030000-asr_E04502-000_TeradaShuichiMember_label_1" xlink:role="http://www.xbrl.org/2003/role/verboseLabel">Terada, Shuichi [member]</link:label>
    <link:label xml:lang="en" xlink:type="resource" xlink:label="jpcrp030000-asr_E04502-000_WorkingExpensesOverseasEnergy_label" xlink:role="http://www.xbrl.org/2003/role/label">Working expenses overseas energy</link:label>
    <link:label xml:lang="en" xlink:type="resource" xlink:label="jpcrp030000-asr_E04502-000_WorkingExpensesOverseasEnergy_label_1" xlink:role="http://www.xbrl.org/2003/role/verboseLabel">Working expenses overseas energy</link:label>
    <link:label xml:lang="en" xlink:type="resource" xlink:label="jpcrp030000-asr_E04502-000_WorkingExpensesRegionalServiceIncidentalBusinessOperatingExpenses_label" xlink:role="http://www.xbrl.org/2003/role/label">Working expenses regional service</link:label>
    <link:label xml:lang="en" xlink:type="resource" xlink:label="jpcrp030000-asr_E04502-000_WorkingExpensesRegionalServiceIncidentalBusinessOperatingExpenses_label_1" xlink:role="http://www.xbrl.org/2003/role/verboseLabel">Working expenses regional service, Incidental business operating expenses</link:label>
    <link:label xml:lang="en" xlink:type="resource" xlink:label="jppfs_cor_CumulativeEffectsOfChangesInAccountingPolicies_label" xlink:role="http://www.xbrl.org/2003/role/periodStartLabel">Cumulative effects of changes in accounting policies</link:label>
    <link:label xml:lang="en" xlink:type="resource" xlink:label="jppfs_cor_RestatedBalance_label" xlink:role="http://www.xbrl.org/2003/role/periodStartLabel">Restated balance</link:label>
    <link:loc xlink:type="locator" xlink:href="http://disclosure.edinet-fsa.go.jp/taxonomy/jppfs/2021-11-01/jppfs_cor_2021-11-01.xsd#jppfs_cor_CumulativeEffectsOfChangesInAccountingPolicies" xlink:label="jppfs_cor_CumulativeEffectsOfChangesInAccountingPolicies" />
    <link:loc xlink:type="locator" xlink:href="http://disclosure.edinet-fsa.go.jp/taxonomy/jppfs/2021-11-01/jppfs_cor_2021-11-01.xsd#jppfs_cor_RestatedBalance" xlink:label="jppfs_cor_RestatedBalance" />
    <link:loc xlink:type="locator" xlink:href="jpcrp030000-asr-001_E04502-000_2022-03-31_01_2022-06-29.xsd#jpcrp030000-asr_E04502-000_ConsignmemtExpensesElectricUtilityOparatingExpensesSGA" xlink:label="jpcrp030000-asr_E04502-000_ConsignmemtExpensesElectricUtilityOparatingExpensesSGA" />
    <link:loc xlink:type="locator" xlink:href="jpcrp030000-asr-001_E04502-000_2022-03-31_01_2022-06-29.xsd#jpcrp030000-asr_E04502-000_ConsignmemtExpensesElectricUtilityOperatingExpenses" xlink:label="jpcrp030000-asr_E04502-000_ConsignmemtExpensesElectricUtilityOperatingExpenses" />
    <link:loc xlink:type="locator" xlink:href="jpcrp030000-asr-001_E04502-000_2022-03-31_01_2022-06-29.xsd#jpcrp030000-asr_E04502-000_CONSIGNMENTCHARGECALCULATION" xlink:label="jpcrp030000-asr_E04502-000_CONSIGNMENTCHARGECALCULATION" />
    <link:loc xlink:type="locator" xlink:href="jpcrp030000-asr-001_E04502-000_2022-03-31_01_2022-06-29.xsd#jpcrp030000-asr_E04502-000_CustomerServiceAndSalesCompanyReportableSegmentMember" xlink:label="jpcrp030000-asr_E04502-000_CustomerServiceAndSalesCompanyReportableSegmentMember" />
    <link:loc xlink:type="locator" xlink:href="jpcrp030000-asr-001_E04502-000_2022-03-31_01_2022-06-29.xsd#jpcrp030000-asr_E04502-000_DecreaseIncreaseInTradeReceivablesAndContractAssetsOpeCF" xlink:label="jpcrp030000-asr_E04502-000_DecreaseIncreaseInTradeReceivablesAndContractAssetsOpeCF" />
    <link:loc xlink:type="locator" xlink:href="jpcrp030000-asr-001_E04502-000_2022-03-31_01_2022-06-29.xsd#jpcrp030000-asr_E04502-000_ElectricUtilityOperatingExpenses" xlink:label="jpcrp030000-asr_E04502-000_ElectricUtilityOperatingExpenses" />
    <link:loc xlink:type="locator" xlink:href="jpcrp030000-asr-001_E04502-000_2022-03-31_01_2022-06-29.xsd#jpcrp030000-asr_E04502-000_GainOnReturnOfImbalanceChargeNOI" xlink:label="jpcrp030000-asr_E04502-000_GainOnReturnOfImbalanceChargeNOI" />
    <link:loc xlink:type="locator" xlink:href="jpcrp030000-asr-001_E04502-000_2022-03-31_01_2022-06-29.xsd#jpcrp030000-asr_E04502-000_HamaguchiMichinariMember" xlink:label="jpcrp030000-asr_E04502-000_HamaguchiMichinariMember" />
    <link:loc xlink:type="locator" xlink:href="jpcrp030000-asr-001_E04502-000_2022-03-31_01_2022-06-29.xsd#jpcrp030000-asr_E04502-000_HashimotoTakayukiMember" xlink:label="jpcrp030000-asr_E04502-000_HashimotoTakayukiMember" />
    <link:loc xlink:type="locator" xlink:href="jpcrp030000-asr-001_E04502-000_2022-03-31_01_2022-06-29.xsd#jpcrp030000-asr_E04502-000_HayashiKingoMember" xlink:label="jpcrp030000-asr_E04502-000_HayashiKingoMember" />
    <link:loc xlink:type="locator" xlink:href="jpcrp030000-asr-001_E04502-000_2022-03-31_01_2022-06-29.xsd#jpcrp030000-asr_E04502-000_IharaIchiroMember" xlink:label="jpcrp030000-asr_E04502-000_IharaIchiroMember" />
    <link:loc xlink:type="locator" xlink:href="jpcrp030000-asr-001_E04502-000_2022-03-31_01_2022-06-29.xsd#jpcrp030000-asr_E04502-000_IncreaseDecreaseInNetDefinedBenefitLiabilityAndAssetOpeCF" xlink:label="jpcrp030000-asr_E04502-000_IncreaseDecreaseInNetDefinedBenefitLiabilityAndAssetOpeCF" />
    <link:loc xlink:type="locator" xlink:href="jpcrp030000-asr-001_E04502-000_2022-03-31_01_2022-06-29.xsd#jpcrp030000-asr_E04502-000_IncreaseDecreaseInProvisionForLossInConjunctionWithDiscontinuedOperationsOfNuclearPowerPlantsOpeCFELE" xlink:label="jpcrp030000-asr_E04502-000_IncreaseDecreaseInProvisionForLossInConjunctionWithDiscontinuedOperationsOfNuclearPowerPlantsOpeCFELE" />
    <link:loc xlink:type="locator" xlink:href="jpcrp030000-asr-001_E04502-000_2022-03-31_01_2022-06-29.xsd#jpcrp030000-asr_E04502-000_InternalTransactionCancellationElectricUtilityOperatingExpenses" xlink:label="jpcrp030000-asr_E04502-000_InternalTransactionCancellationElectricUtilityOperatingExpenses" />
    <link:loc xlink:type="locator" xlink:href="jpcrp030000-asr-001_E04502-000_2022-03-31_01_2022-06-29.xsd#jpcrp030000-asr_E04502-000_ItoHisanoriMember" xlink:label="jpcrp030000-asr_E04502-000_ItoHisanoriMember" />
    <link:loc xlink:type="locator" xlink:href="jpcrp030000-asr-001_E04502-000_2022-03-31_01_2022-06-29.xsd#jpcrp030000-asr_E04502-000_JERAReportableSegmentMember" xlink:label="jpcrp030000-asr_E04502-000_JERAReportableSegmentMember" />
    <link:loc xlink:type="locator" xlink:href="jpcrp030000-asr-001_E04502-000_2022-03-31_01_2022-06-29.xsd#jpcrp030000-asr_E04502-000_KataokaAkinoriMember" xlink:label="jpcrp030000-asr_E04502-000_KataokaAkinoriMember" />
    <link:loc xlink:type="locator" xlink:href="jpcrp030000-asr-001_E04502-000_2022-03-31_01_2022-06-29.xsd#jpcrp030000-asr_E04502-000_KatsunoSatoruMember" xlink:label="jpcrp030000-asr_E04502-000_KatsunoSatoruMember" />
    <link:loc xlink:type="locator" xlink:href="jpcrp030000-asr-001_E04502-000_2022-03-31_01_2022-06-29.xsd#jpcrp030000-asr_E04502-000_KudoYokoMember" xlink:label="jpcrp030000-asr_E04502-000_KudoYokoMember" />
    <link:loc xlink:type="locator" xlink:href="jpcrp030000-asr-001_E04502-000_2022-03-31_01_2022-06-29.xsd#jpcrp030000-asr_E04502-000_KuriharaMitsueMember" xlink:label="jpcrp030000-asr_E04502-000_KuriharaMitsueMember" />
    <link:loc xlink:type="locator" xlink:href="jpcrp030000-asr-001_E04502-000_2022-03-31_01_2022-06-29.xsd#jpcrp030000-asr_E04502-000_LevyUnderActOnPurchaseOfRenewableEnergySourcedElectricityOEElectricELE" xlink:label="jpcrp030000-asr_E04502-000_LevyUnderActOnPurchaseOfRenewableEnergySourcedElectricityOEElectricELE" />
    <link:loc xlink:type="locator" xlink:href="jpcrp030000-asr-001_E04502-000_2022-03-31_01_2022-06-29.xsd#jpcrp030000-asr_E04502-000_LevyUnderActOnPurchaseOfRenewableEnergySourcedElectricityOEElectricELESGA" xlink:label="jpcrp030000-asr_E04502-000_LevyUnderActOnPurchaseOfRenewableEnergySourcedElectricityOEElectricELESGA" />
    <link:loc xlink:type="locator" xlink:href="jpcrp030000-asr-001_E04502-000_2022-03-31_01_2022-06-29.xsd#jpcrp030000-asr_E04502-000_LossOnReturnOfImbalanceChargeEL" xlink:label="jpcrp030000-asr_E04502-000_LossOnReturnOfImbalanceChargeEL" />
    <link:loc xlink:type="locator" xlink:href="jpcrp030000-asr-001_E04502-000_2022-03-31_01_2022-06-29.xsd#jpcrp030000-asr_E04502-000_LossOnReturnOfImbalanceChargeOpeCF" xlink:label="jpcrp030000-asr_E04502-000_LossOnReturnOfImbalanceChargeOpeCF" />
    <link:loc xlink:type="locator" xlink:href="jpcrp030000-asr-001_E04502-000_2022-03-31_01_2022-06-29.xsd#jpcrp030000-asr_E04502-000_MiraizReportableSegmentMember" xlink:label="jpcrp030000-asr_E04502-000_MiraizReportableSegmentMember" />
    <link:loc xlink:type="locator" xlink:href="jpcrp030000-asr-001_E04502-000_2022-03-31_01_2022-06-29.xsd#jpcrp030000-asr_E04502-000_MizutaniHitoshiMember" xlink:label="jpcrp030000-asr_E04502-000_MizutaniHitoshiMember" />
    <link:loc xlink:type="locator" xlink:href="jpcrp030000-asr-001_E04502-000_2022-03-31_01_2022-06-29.xsd#jpcrp030000-asr_E04502-000_MonthlyCompensationsMonthlyRemunerationEtcByCategoryOfDirectorsAndOtherOfficers" xlink:label="jpcrp030000-asr_E04502-000_MonthlyCompensationsMonthlyRemunerationEtcByCategoryOfDirectorsAndOtherOfficers" />
    <link:loc xlink:type="locator" xlink:href="jpcrp030000-asr-001_E04502-000_2022-03-31_01_2022-06-29.xsd#jpcrp030000-asr_E04502-000_NagatomiFumikoMember" xlink:label="jpcrp030000-asr_E04502-000_NagatomiFumikoMember" />
    <link:loc xlink:type="locator" xlink:href="jpcrp030000-asr-001_E04502-000_2022-03-31_01_2022-06-29.xsd#jpcrp030000-asr_E04502-000_NotesRegardingAccruedTaxesTextBlock" xlink:label="jpcrp030000-asr_E04502-000_NotesRegardingAccruedTaxesTextBlock" />
    <link:loc xlink:type="locator" xlink:href="jpcrp030000-asr-001_E04502-000_2022-03-31_01_2022-06-29.xsd#jpcrp030000-asr_E04502-000_NotesRegardingAmountsOfReductionEntryOfNonCurrentAssetsTextBlock" xlink:label="jpcrp030000-asr_E04502-000_NotesRegardingAmountsOfReductionEntryOfNonCurrentAssetsTextBlock" />
    <link:loc xlink:type="locator" xlink:href="jpcrp030000-asr-001_E04502-000_2022-03-31_01_2022-06-29.xsd#jpcrp030000-asr_E04502-000_NotesRegardingCurrentPortionOfNoncurrentLiabilitiesTextBlock" xlink:label="jpcrp030000-asr_E04502-000_NotesRegardingCurrentPortionOfNoncurrentLiabilitiesTextBlock" />
    <link:loc xlink:type="locator" xlink:href="jpcrp030000-asr-001_E04502-000_2022-03-31_01_2022-06-29.xsd#jpcrp030000-asr_E04502-000_NotesRegardingIncidentalBusinessFacilitiesInStatementOfIncomeTextBlock" xlink:label="jpcrp030000-asr_E04502-000_NotesRegardingIncidentalBusinessFacilitiesInStatementOfIncomeTextBlock" />
    <link:loc xlink:type="locator" xlink:href="jpcrp030000-asr-001_E04502-000_2022-03-31_01_2022-06-29.xsd#jpcrp030000-asr_E04502-000_NotesRegardingLoansPayableToDevelopmentBankOfJapanIncTextBlock" xlink:label="jpcrp030000-asr_E04502-000_NotesRegardingLoansPayableToDevelopmentBankOfJapanIncTextBlock" />
    <link:loc xlink:type="locator" xlink:href="jpcrp030000-asr-001_E04502-000_2022-03-31_01_2022-06-29.xsd#jpcrp030000-asr_E04502-000_NotesRegardingProvisionOfAllowanceIncludedInOperatingExpensesTextBlock" xlink:label="jpcrp030000-asr_E04502-000_NotesRegardingProvisionOfAllowanceIncludedInOperatingExpensesTextBlock" />
    <link:loc xlink:type="locator" xlink:href="jpcrp030000-asr-001_E04502-000_2022-03-31_01_2022-06-29.xsd#jpcrp030000-asr_E04502-000_NotesRegardingResearchAndDevelopmentCostsIncludedInOperatingExpensesTextBlock" xlink:label="jpcrp030000-asr_E04502-000_NotesRegardingResearchAndDevelopmentCostsIncludedInOperatingExpensesTextBlock" />
    <link:loc xlink:type="locator" xlink:href="jpcrp030000-asr-001_E04502-000_2022-03-31_01_2022-06-29.xsd#jpcrp030000-asr_E04502-000_OperatingRevenueOverseasEnergy" xlink:label="jpcrp030000-asr_E04502-000_OperatingRevenueOverseasEnergy" />
    <link:loc xlink:type="locator" xlink:href="jpcrp030000-asr-001_E04502-000_2022-03-31_01_2022-06-29.xsd#jpcrp030000-asr_E04502-000_OperatingRevenueRegionalServiceIncidentalBusinessOperatingRevenue" xlink:label="jpcrp030000-asr_E04502-000_OperatingRevenueRegionalServiceIncidentalBusinessOperatingRevenue" />
    <link:loc xlink:type="locator" xlink:href="jpcrp030000-asr-001_E04502-000_2022-03-31_01_2022-06-29.xsd#jpcrp030000-asr_E04502-000_OtherElectricUtilityOparatingExpensesSGA" xlink:label="jpcrp030000-asr_E04502-000_OtherElectricUtilityOparatingExpensesSGA" />
    <link:loc xlink:type="locator" xlink:href="jpcrp030000-asr-001_E04502-000_2022-03-31_01_2022-06-29.xsd#jpcrp030000-asr_E04502-000_OtherElectricUtilityOperatingExpenses" xlink:label="jpcrp030000-asr_E04502-000_OtherElectricUtilityOperatingExpenses" />
    <link:loc xlink:type="locator" xlink:href="jpcrp030000-asr-001_E04502-000_2022-03-31_01_2022-06-29.xsd#jpcrp030000-asr_E04502-000_PerformanceLinkedBonusesPerformanceLinkedRemunerationEtcByCategoryOfDirectorsAndOtherOfficers" xlink:label="jpcrp030000-asr_E04502-000_PerformanceLinkedBonusesPerformanceLinkedRemunerationEtcByCategoryOfDirectorsAndOtherOfficers" />
    <link:loc xlink:type="locator" xlink:href="jpcrp030000-asr-001_E04502-000_2022-03-31_01_2022-06-29.xsd#jpcrp030000-asr_E04502-000_PowergridReportableSegmentMember" xlink:label="jpcrp030000-asr_E04502-000_PowergridReportableSegmentMember" />
    <link:loc xlink:type="locator" xlink:href="jpcrp030000-asr-001_E04502-000_2022-03-31_01_2022-06-29.xsd#jpcrp030000-asr_E04502-000_PowerNetworkCompanyReportableSegmentMember" xlink:label="jpcrp030000-asr_E04502-000_PowerNetworkCompanyReportableSegmentMember" />
    <link:loc xlink:type="locator" xlink:href="jpcrp030000-asr-001_E04502-000_2022-03-31_01_2022-06-29.xsd#jpcrp030000-asr_E04502-000_PowerPurchaseExpensesPaidToOtherSuppliersElectricUtilityOperatingExpenses" xlink:label="jpcrp030000-asr_E04502-000_PowerPurchaseExpensesPaidToOtherSuppliersElectricUtilityOperatingExpenses" />
    <link:loc xlink:type="locator" xlink:href="jpcrp030000-asr-001_E04502-000_2022-03-31_01_2022-06-29.xsd#jpcrp030000-asr_E04502-000_PowerPurchaseExpensesPaidToOtherSuppliersElectricUtilityOperatingExpensesSGA" xlink:label="jpcrp030000-asr_E04502-000_PowerPurchaseExpensesPaidToOtherSuppliersElectricUtilityOperatingExpensesSGA" />
    <link:loc xlink:type="locator" xlink:href="jpcrp030000-asr-001_E04502-000_2022-03-31_01_2022-06-29.xsd#jpcrp030000-asr_E04502-000_ProvisionForLossInConjunctionWithDiscontinuedOperationsOfNuclearPowerPlantsNCLELE" xlink:label="jpcrp030000-asr_E04502-000_ProvisionForLossInConjunctionWithDiscontinuedOperationsOfNuclearPowerPlantsNCLELE" />
    <link:loc xlink:type="locator" xlink:href="jpcrp030000-asr-001_E04502-000_2022-03-31_01_2022-06-29.xsd#jpcrp030000-asr_E04502-000_RetirementBenefitExpensesElectricUtilityOparatingExpensesSGA" xlink:label="jpcrp030000-asr_E04502-000_RetirementBenefitExpensesElectricUtilityOparatingExpensesSGA" />
    <link:loc xlink:type="locator" xlink:href="jpcrp030000-asr-001_E04502-000_2022-03-31_01_2022-06-29.xsd#jpcrp030000-asr_E04502-000_RetirementBenefitExpensesElectricUtilityOperatingExpenses" xlink:label="jpcrp030000-asr_E04502-000_RetirementBenefitExpensesElectricUtilityOperatingExpenses" />
    <link:loc xlink:type="locator" xlink:href="jpcrp030000-asr-001_E04502-000_2022-03-31_01_2022-06-29.xsd#jpcrp030000-asr_E04502-000_RevenueEquivalentToContributionForNuclearDamageCompensation" xlink:label="jpcrp030000-asr_E04502-000_RevenueEquivalentToContributionForNuclearDamageCompensation" />
    <link:loc xlink:type="locator" xlink:href="jpcrp030000-asr-001_E04502-000_2022-03-31_01_2022-06-29.xsd#jpcrp030000-asr_E04502-000_SalariesAndAllowancesElectricUtilityOparatingExpensesSGA" xlink:label="jpcrp030000-asr_E04502-000_SalariesAndAllowancesElectricUtilityOparatingExpensesSGA" />
    <link:loc xlink:type="locator" xlink:href="jpcrp030000-asr-001_E04502-000_2022-03-31_01_2022-06-29.xsd#jpcrp030000-asr_E04502-000_SalariesAndAllowancesElectricUtilityOperatingExpenses" xlink:label="jpcrp030000-asr_E04502-000_SalariesAndAllowancesElectricUtilityOperatingExpenses" />
    <link:loc xlink:type="locator" xlink:href="jpcrp030000-asr-001_E04502-000_2022-03-31_01_2022-06-29.xsd#jpcrp030000-asr_E04502-000_SellingGeneralAndAdministrativeExpensesElectricUtilityOperatingExpenses" xlink:label="jpcrp030000-asr_E04502-000_SellingGeneralAndAdministrativeExpensesElectricUtilityOperatingExpenses" />
    <link:loc xlink:type="locator" xlink:href="jpcrp030000-asr-001_E04502-000_2022-03-31_01_2022-06-29.xsd#jpcrp030000-asr_E04502-000_ShimaoTadashiMember" xlink:label="jpcrp030000-asr_E04502-000_ShimaoTadashiMember" />
    <link:loc xlink:type="locator" xlink:href="jpcrp030000-asr-001_E04502-000_2022-03-31_01_2022-06-29.xsd#jpcrp030000-asr_E04502-000_SubtotalElectricUtilityOperatingExpenses" xlink:label="jpcrp030000-asr_E04502-000_SubtotalElectricUtilityOperatingExpenses" />
    <link:loc xlink:type="locator" xlink:href="jpcrp030000-asr-001_E04502-000_2022-03-31_01_2022-06-29.xsd#jpcrp030000-asr_E04502-000_TakadaHiroshiMember" xlink:label="jpcrp030000-asr_E04502-000_TakadaHiroshiMember" />
    <link:loc xlink:type="locator" xlink:href="jpcrp030000-asr-001_E04502-000_2022-03-31_01_2022-06-29.xsd#jpcrp030000-asr_E04502-000_TeradaShuichiMember" xlink:label="jpcrp030000-asr_E04502-000_TeradaShuichiMember" />
    <link:loc xlink:type="locator" xlink:href="jpcrp030000-asr-001_E04502-000_2022-03-31_01_2022-06-29.xsd#jpcrp030000-asr_E04502-000_WorkingExpensesOverseasEnergy" xlink:label="jpcrp030000-asr_E04502-000_WorkingExpensesOverseasEnergy" />
    <link:loc xlink:type="locator" xlink:href="jpcrp030000-asr-001_E04502-000_2022-03-31_01_2022-06-29.xsd#jpcrp030000-asr_E04502-000_WorkingExpensesRegionalServiceIncidentalBusinessOperatingExpenses" xlink:label="jpcrp030000-asr_E04502-000_WorkingExpensesRegionalServiceIncidentalBusinessOperatingExpenses" />
    <link:labelArc xlink:type="arc" xlink:from="jpcrp030000-asr_E04502-000_ConsignmemtExpensesElectricUtilityOparatingExpensesSGA" xlink:to="jpcrp030000-asr_E04502-000_ConsignmemtExpensesElectricUtilityOparatingExpensesSGA_label" xlink:arcrole="http://www.xbrl.org/2003/arcrole/concept-label" order="1" />
    <link:labelArc xlink:type="arc" xlink:from="jpcrp030000-asr_E04502-000_ConsignmemtExpensesElectricUtilityOparatingExpensesSGA" xlink:to="jpcrp030000-asr_E04502-000_ConsignmemtExpensesElectricUtilityOparatingExpensesSGA_label_1" xlink:arcrole="http://www.xbrl.org/2003/arcrole/concept-label" order="1" />
    <link:labelArc xlink:type="arc" xlink:from="jpcrp030000-asr_E04502-000_ConsignmemtExpensesElectricUtilityOperatingExpenses" xlink:to="jpcrp030000-asr_E04502-000_ConsignmemtExpensesElectricUtilityOperatingExpenses_label" xlink:arcrole="http://www.xbrl.org/2003/arcrole/concept-label" order="1" />
    <link:labelArc xlink:type="arc" xlink:from="jpcrp030000-asr_E04502-000_ConsignmemtExpensesElectricUtilityOperatingExpenses" xlink:to="jpcrp030000-asr_E04502-000_ConsignmemtExpensesElectricUtilityOperatingExpenses_label_1" xlink:arcrole="http://www.xbrl.org/2003/arcrole/concept-label" order="1" />
    <link:labelArc xlink:type="arc" xlink:from="jpcrp030000-asr_E04502-000_CONSIGNMENTCHARGECALCULATION" xlink:to="jpcrp030000-asr_E04502-000_CONSIGNMENTCHARGECALCULATION_label" xlink:arcrole="http://www.xbrl.org/2003/arcrole/concept-label" order="1" />
    <link:labelArc xlink:type="arc" xlink:from="jpcrp030000-asr_E04502-000_CONSIGNMENTCHARGECALCULATION" xlink:to="jpcrp030000-asr_E04502-000_CONSIGNMENTCHARGECALCULATION_label_1" xlink:arcrole="http://www.xbrl.org/2003/arcrole/concept-label" order="1" />
    <link:labelArc xlink:type="arc" xlink:from="jpcrp030000-asr_E04502-000_CustomerServiceAndSalesCompanyReportableSegmentMember" xlink:to="jpcrp030000-asr_E04502-000_CustomerServiceAndSalesCompanyReportableSegmentMember_label" xlink:arcrole="http://www.xbrl.org/2003/arcrole/concept-label" order="1" />
    <link:labelArc xlink:type="arc" xlink:from="jpcrp030000-asr_E04502-000_CustomerServiceAndSalesCompanyReportableSegmentMember" xlink:to="jpcrp030000-asr_E04502-000_CustomerServiceAndSalesCompanyReportableSegmentMember_label_1" xlink:arcrole="http://www.xbrl.org/2003/arcrole/concept-label" order="1" />
    <link:labelArc xlink:type="arc" xlink:from="jpcrp030000-asr_E04502-000_DecreaseIncreaseInTradeReceivablesAndContractAssetsOpeCF" xlink:to="jpcrp030000-asr_E04502-000_DecreaseIncreaseInTradeReceivablesAndContractAssetsOpeCF_label" xlink:arcrole="http://www.xbrl.org/2003/arcrole/concept-label" order="1" />
    <link:labelArc xlink:type="arc" xlink:from="jpcrp030000-asr_E04502-000_DecreaseIncreaseInTradeReceivablesAndContractAssetsOpeCF" xlink:to="jpcrp030000-asr_E04502-000_DecreaseIncreaseInTradeReceivablesAndContractAssetsOpeCF_label_1" xlink:arcrole="http://www.xbrl.org/2003/arcrole/concept-label" order="1" />
    <link:labelArc xlink:type="arc" xlink:from="jpcrp030000-asr_E04502-000_ElectricUtilityOperatingExpenses" xlink:to="jpcrp030000-asr_E04502-000_ElectricUtilityOperatingExpenses_label" xlink:arcrole="http://www.xbrl.org/2003/arcrole/concept-label" order="1" />
    <link:labelArc xlink:type="arc" xlink:from="jpcrp030000-asr_E04502-000_ElectricUtilityOperatingExpenses" xlink:to="jpcrp030000-asr_E04502-000_ElectricUtilityOperatingExpenses_label_1" xlink:arcrole="http://www.xbrl.org/2003/arcrole/concept-label" order="1" />
    <link:labelArc xlink:type="arc" xlink:from="jpcrp030000-asr_E04502-000_GainOnReturnOfImbalanceChargeNOI" xlink:to="jpcrp030000-asr_E04502-000_GainOnReturnOfImbalanceChargeNOI_label" xlink:arcrole="http://www.xbrl.org/2003/arcrole/concept-label" order="1" />
    <link:labelArc xlink:type="arc" xlink:from="jpcrp030000-asr_E04502-000_GainOnReturnOfImbalanceChargeNOI" xlink:to="jpcrp030000-asr_E04502-000_GainOnReturnOfImbalanceChargeNOI_label_1" xlink:arcrole="http://www.xbrl.org/2003/arcrole/concept-label" order="1" />
    <link:labelArc xlink:type="arc" xlink:from="jpcrp030000-asr_E04502-000_HamaguchiMichinariMember" xlink:to="jpcrp030000-asr_E04502-000_HamaguchiMichinariMember_label_1" xlink:arcrole="http://www.xbrl.org/2003/arcrole/concept-label" order="1" />
    <link:labelArc xlink:type="arc" xlink:from="jpcrp030000-asr_E04502-000_HamaguchiMichinariMember" xlink:to="jpcrp030000-asr_E04502-000_HamaguchiMichinariMember_label" xlink:arcrole="http://www.xbrl.org/2003/arcrole/concept-label" order="1" />
    <link:labelArc xlink:type="arc" xlink:from="jpcrp030000-asr_E04502-000_HashimotoTakayukiMember" xlink:to="jpcrp030000-asr_E04502-000_HashimotoTakayukiMember_label" xlink:arcrole="http://www.xbrl.org/2003/arcrole/concept-label" order="1" />
    <link:labelArc xlink:type="arc" xlink:from="jpcrp030000-asr_E04502-000_HashimotoTakayukiMember" xlink:to="jpcrp030000-asr_E04502-000_HashimotoTakayukiMember_label_1" xlink:arcrole="http://www.xbrl.org/2003/arcrole/concept-label" order="1" />
    <link:labelArc xlink:type="arc" xlink:from="jpcrp030000-asr_E04502-000_HayashiKingoMember" xlink:to="jpcrp030000-asr_E04502-000_HayashiKingoMember_label" xlink:arcrole="http://www.xbrl.org/2003/arcrole/concept-label" order="1" />
    <link:labelArc xlink:type="arc" xlink:from="jpcrp030000-asr_E04502-000_HayashiKingoMember" xlink:to="jpcrp030000-asr_E04502-000_HayashiKingoMember_label_1" xlink:arcrole="http://www.xbrl.org/2003/arcrole/concept-label" order="1" />
    <link:labelArc xlink:type="arc" xlink:from="jpcrp030000-asr_E04502-000_IharaIchiroMember" xlink:to="jpcrp030000-asr_E04502-000_IharaIchiroMember_label" xlink:arcrole="http://www.xbrl.org/2003/arcrole/concept-label" order="1" />
    <link:labelArc xlink:type="arc" xlink:from="jpcrp030000-asr_E04502-000_IharaIchiroMember" xlink:to="jpcrp030000-asr_E04502-000_IharaIchiroMember_label_1" xlink:arcrole="http://www.xbrl.org/2003/arcrole/concept-label" order="1" />
    <link:labelArc xlink:type="arc" xlink:from="jpcrp030000-asr_E04502-000_IncreaseDecreaseInNetDefinedBenefitLiabilityAndAssetOpeCF" xlink:to="jpcrp030000-asr_E04502-000_IncreaseDecreaseInNetDefinedBenefitLiabilityAndAssetOpeCF_label" xlink:arcrole="http://www.xbrl.org/2003/arcrole/concept-label" order="1" />
    <link:labelArc xlink:type="arc" xlink:from="jpcrp030000-asr_E04502-000_IncreaseDecreaseInNetDefinedBenefitLiabilityAndAssetOpeCF" xlink:to="jpcrp030000-asr_E04502-000_IncreaseDecreaseInNetDefinedBenefitLiabilityAndAssetOpeCF_label_1" xlink:arcrole="http://www.xbrl.org/2003/arcrole/concept-label" order="1" />
    <link:labelArc xlink:type="arc" xlink:from="jpcrp030000-asr_E04502-000_IncreaseDecreaseInNetDefinedBenefitLiabilityAndAssetOpeCF" xlink:to="jpcrp030000-asr_E04502-000_IncreaseDecreaseInNetDefinedBenefitLiabilityAndAssetOpeCF_label_2" xlink:arcrole="http://www.xbrl.org/2003/arcrole/concept-label" order="1" />
    <link:labelArc xlink:type="arc" xlink:from="jpcrp030000-asr_E04502-000_IncreaseDecreaseInProvisionForLossInConjunctionWithDiscontinuedOperationsOfNuclearPowerPlantsOpeCFELE" xlink:to="jpcrp030000-asr_E04502-000_IncreaseDecreaseInProvisionForLossInConjunctionWithDiscontinuedOperationsOfNuclearPowerPlantsOpeCFELE_label" xlink:arcrole="http://www.xbrl.org/2003/arcrole/concept-label" order="1" />
    <link:labelArc xlink:type="arc" xlink:from="jpcrp030000-asr_E04502-000_IncreaseDecreaseInProvisionForLossInConjunctionWithDiscontinuedOperationsOfNuclearPowerPlantsOpeCFELE" xlink:to="jpcrp030000-asr_E04502-000_IncreaseDecreaseInProvisionForLossInConjunctionWithDiscontinuedOperationsOfNuclearPowerPlantsOpeCFELE_label_1" xlink:arcrole="http://www.xbrl.org/2003/arcrole/concept-label" order="1" />
    <link:labelArc xlink:type="arc" xlink:from="jpcrp030000-asr_E04502-000_IncreaseDecreaseInProvisionForLossInConjunctionWithDiscontinuedOperationsOfNuclearPowerPlantsOpeCFELE" xlink:to="jpcrp030000-asr_E04502-000_IncreaseDecreaseInProvisionForLossInConjunctionWithDiscontinuedOperationsOfNuclearPowerPlantsOpeCFELE_label_2" xlink:arcrole="http://www.xbrl.org/2003/arcrole/concept-label" order="1" />
    <link:labelArc xlink:type="arc" xlink:from="jpcrp030000-asr_E04502-000_InternalTransactionCancellationElectricUtilityOperatingExpenses" xlink:to="jpcrp030000-asr_E04502-000_InternalTransactionCancellationElectricUtilityOperatingExpenses_label_1" xlink:arcrole="http://www.xbrl.org/2003/arcrole/concept-label" order="1" />
    <link:labelArc xlink:type="arc" xlink:from="jpcrp030000-asr_E04502-000_InternalTransactionCancellationElectricUtilityOperatingExpenses" xlink:to="jpcrp030000-asr_E04502-000_InternalTransactionCancellationElectricUtilityOperatingExpenses_label" xlink:arcrole="http://www.xbrl.org/2003/arcrole/concept-label" order="1" />
    <link:labelArc xlink:type="arc" xlink:from="jpcrp030000-asr_E04502-000_ItoHisanoriMember" xlink:to="jpcrp030000-asr_E04502-000_ItoHisanoriMember_label" xlink:arcrole="http://www.xbrl.org/2003/arcrole/concept-label" order="1" />
    <link:labelArc xlink:type="arc" xlink:from="jpcrp030000-asr_E04502-000_ItoHisanoriMember" xlink:to="jpcrp030000-asr_E04502-000_ItoHisanoriMember_label_1" xlink:arcrole="http://www.xbrl.org/2003/arcrole/concept-label" order="1" />
    <link:labelArc xlink:type="arc" xlink:from="jpcrp030000-asr_E04502-000_JERAReportableSegmentMember" xlink:to="jpcrp030000-asr_E04502-000_JERAReportableSegmentMember_label" xlink:arcrole="http://www.xbrl.org/2003/arcrole/concept-label" order="1" />
    <link:labelArc xlink:type="arc" xlink:from="jpcrp030000-asr_E04502-000_JERAReportableSegmentMember" xlink:to="jpcrp030000-asr_E04502-000_JERAReportableSegmentMember_label_1" xlink:arcrole="http://www.xbrl.org/2003/arcrole/concept-label" order="1" />
    <link:labelArc xlink:type="arc" xlink:from="jpcrp030000-asr_E04502-000_KataokaAkinoriMember" xlink:to="jpcrp030000-asr_E04502-000_KataokaAkinoriMember_label" xlink:arcrole="http://www.xbrl.org/2003/arcrole/concept-label" order="1" />
    <link:labelArc xlink:type="arc" xlink:from="jpcrp030000-asr_E04502-000_KataokaAkinoriMember" xlink:to="jpcrp030000-asr_E04502-000_KataokaAkinoriMember_label_1" xlink:arcrole="http://www.xbrl.org/2003/arcrole/concept-label" order="1" />
    <link:labelArc xlink:type="arc" xlink:from="jpcrp030000-asr_E04502-000_KatsunoSatoruMember" xlink:to="jpcrp030000-asr_E04502-000_KatsunoSatoruMember_label" xlink:arcrole="http://www.xbrl.org/2003/arcrole/concept-label" order="1" />
    <link:labelArc xlink:type="arc" xlink:from="jpcrp030000-asr_E04502-000_KatsunoSatoruMember" xlink:to="jpcrp030000-asr_E04502-000_KatsunoSatoruMember_label_1" xlink:arcrole="http://www.xbrl.org/2003/arcrole/concept-label" order="1" />
    <link:labelArc xlink:type="arc" xlink:from="jpcrp030000-asr_E04502-000_KudoYokoMember" xlink:to="jpcrp030000-asr_E04502-000_KudoYokoMember_label" xlink:arcrole="http://www.xbrl.org/2003/arcrole/concept-label" order="1" />
    <link:labelArc xlink:type="arc" xlink:from="jpcrp030000-asr_E04502-000_KudoYokoMember" xlink:to="jpcrp030000-asr_E04502-000_KudoYokoMember_label_1" xlink:arcrole="http://www.xbrl.org/2003/arcrole/concept-label" order="1" />
    <link:labelArc xlink:type="arc" xlink:from="jpcrp030000-asr_E04502-000_KuriharaMitsueMember" xlink:to="jpcrp030000-asr_E04502-000_KuriharaMitsueMember_label" xlink:arcrole="http://www.xbrl.org/2003/arcrole/concept-label" order="1" />
    <link:labelArc xlink:type="arc" xlink:from="jpcrp030000-asr_E04502-000_KuriharaMitsueMember" xlink:to="jpcrp030000-asr_E04502-000_KuriharaMitsueMember_label_1" xlink:arcrole="http://www.xbrl.org/2003/arcrole/concept-label" order="1" />
    <link:labelArc xlink:type="arc" xlink:from="jpcrp030000-asr_E04502-000_LevyUnderActOnPurchaseOfRenewableEnergySourcedElectricityOEElectricELE" xlink:to="jpcrp030000-asr_E04502-000_LevyUnderActOnPurchaseOfRenewableEnergySourcedElectricityOEElectricELE_label_1" xlink:arcrole="http://www.xbrl.org/2003/arcrole/concept-label" order="1" />
    <link:labelArc xlink:type="arc" xlink:from="jpcrp030000-asr_E04502-000_LevyUnderActOnPurchaseOfRenewableEnergySourcedElectricityOEElectricELE" xlink:to="jpcrp030000-asr_E04502-000_LevyUnderActOnPurchaseOfRenewableEnergySourcedElectricityOEElectricELE_label" xlink:arcrole="http://www.xbrl.org/2003/arcrole/concept-label" order="1" />
    <link:labelArc xlink:type="arc" xlink:from="jpcrp030000-asr_E04502-000_LevyUnderActOnPurchaseOfRenewableEnergySourcedElectricityOEElectricELESGA" xlink:to="jpcrp030000-asr_E04502-000_LevyUnderActOnPurchaseOfRenewableEnergySourcedElectricityOEElectricELESGA_label" xlink:arcrole="http://www.xbrl.org/2003/arcrole/concept-label" order="1" />
    <link:labelArc xlink:type="arc" xlink:from="jpcrp030000-asr_E04502-000_LevyUnderActOnPurchaseOfRenewableEnergySourcedElectricityOEElectricELESGA" xlink:to="jpcrp030000-asr_E04502-000_LevyUnderActOnPurchaseOfRenewableEnergySourcedElectricityOEElectricELESGA_label_1" xlink:arcrole="http://www.xbrl.org/2003/arcrole/concept-label" order="1" />
    <link:labelArc xlink:type="arc" xlink:from="jpcrp030000-asr_E04502-000_LossOnReturnOfImbalanceChargeEL" xlink:to="jpcrp030000-asr_E04502-000_LossOnReturnOfImbalanceChargeEL_label" xlink:arcrole="http://www.xbrl.org/2003/arcrole/concept-label" order="1" />
    <link:labelArc xlink:type="arc" xlink:from="jpcrp030000-asr_E04502-000_LossOnReturnOfImbalanceChargeEL" xlink:to="jpcrp030000-asr_E04502-000_LossOnReturnOfImbalanceChargeEL_label_1" xlink:arcrole="http://www.xbrl.org/2003/arcrole/concept-label" order="1" />
    <link:labelArc xlink:type="arc" xlink:from="jpcrp030000-asr_E04502-000_LossOnReturnOfImbalanceChargeOpeCF" xlink:to="jpcrp030000-asr_E04502-000_LossOnReturnOfImbalanceChargeOpeCF_label" xlink:arcrole="http://www.xbrl.org/2003/arcrole/concept-label" order="1" />
    <link:labelArc xlink:type="arc" xlink:from="jpcrp030000-asr_E04502-000_LossOnReturnOfImbalanceChargeOpeCF" xlink:to="jpcrp030000-asr_E04502-000_LossOnReturnOfImbalanceChargeOpeCF_label_1" xlink:arcrole="http://www.xbrl.org/2003/arcrole/concept-label" order="1" />
    <link:labelArc xlink:type="arc" xlink:from="jpcrp030000-asr_E04502-000_MiraizReportableSegmentMember" xlink:to="jpcrp030000-asr_E04502-000_MiraizReportableSegmentMember_label" xlink:arcrole="http://www.xbrl.org/2003/arcrole/concept-label" order="1" />
    <link:labelArc xlink:type="arc" xlink:from="jpcrp030000-asr_E04502-000_MiraizReportableSegmentMember" xlink:to="jpcrp030000-asr_E04502-000_MiraizReportableSegmentMember_label_1" xlink:arcrole="http://www.xbrl.org/2003/arcrole/concept-label" order="1" />
    <link:labelArc xlink:type="arc" xlink:from="jpcrp030000-asr_E04502-000_MizutaniHitoshiMember" xlink:to="jpcrp030000-asr_E04502-000_MizutaniHitoshiMember_label" xlink:arcrole="http://www.xbrl.org/2003/arcrole/concept-label" order="1" />
    <link:labelArc xlink:type="arc" xlink:from="jpcrp030000-asr_E04502-000_MizutaniHitoshiMember" xlink:to="jpcrp030000-asr_E04502-000_MizutaniHitoshiMember_label_1" xlink:arcrole="http://www.xbrl.org/2003/arcrole/concept-label" order="1" />
    <link:labelArc xlink:type="arc" xlink:from="jpcrp030000-asr_E04502-000_MonthlyCompensationsMonthlyRemunerationEtcByCategoryOfDirectorsAndOtherOfficers" xlink:to="jpcrp030000-asr_E04502-000_MonthlyCompensationsMonthlyRemunerationEtcByCategoryOfDirectorsAndOtherOfficers_label" xlink:arcrole="http://www.xbrl.org/2003/arcrole/concept-label" order="1" />
    <link:labelArc xlink:type="arc" xlink:from="jpcrp030000-asr_E04502-000_MonthlyCompensationsMonthlyRemunerationEtcByCategoryOfDirectorsAndOtherOfficers" xlink:to="jpcrp030000-asr_E04502-000_MonthlyCompensationsMonthlyRemunerationEtcByCategoryOfDirectorsAndOtherOfficers_label_1" xlink:arcrole="http://www.xbrl.org/2003/arcrole/concept-label" order="1" />
    <link:labelArc xlink:type="arc" xlink:from="jpcrp030000-asr_E04502-000_NagatomiFumikoMember" xlink:to="jpcrp030000-asr_E04502-000_NagatomiFumikoMember_label" xlink:arcrole="http://www.xbrl.org/2003/arcrole/concept-label" order="1" />
    <link:labelArc xlink:type="arc" xlink:from="jpcrp030000-asr_E04502-000_NagatomiFumikoMember" xlink:to="jpcrp030000-asr_E04502-000_NagatomiFumikoMember_label_1" xlink:arcrole="http://www.xbrl.org/2003/arcrole/concept-label" order="1" />
    <link:labelArc xlink:type="arc" xlink:from="jpcrp030000-asr_E04502-000_NotesRegardingAccruedTaxesTextBlock" xlink:to="jpcrp030000-asr_E04502-000_NotesRegardingAccruedTaxesTextBlock_label_1" xlink:arcrole="http://www.xbrl.org/2003/arcrole/concept-label" order="1" />
    <link:labelArc xlink:type="arc" xlink:from="jpcrp030000-asr_E04502-000_NotesRegardingAccruedTaxesTextBlock" xlink:to="jpcrp030000-asr_E04502-000_NotesRegardingAccruedTaxesTextBlock_label" xlink:arcrole="http://www.xbrl.org/2003/arcrole/concept-label" order="1" />
    <link:labelArc xlink:type="arc" xlink:from="jpcrp030000-asr_E04502-000_NotesRegardingAmountsOfReductionEntryOfNonCurrentAssetsTextBlock" xlink:to="jpcrp030000-asr_E04502-000_NotesRegardingAmountsOfReductionEntryOfNonCurrentAssetsTextBlock_label" xlink:arcrole="http://www.xbrl.org/2003/arcrole/concept-label" order="1" />
    <link:labelArc xlink:type="arc" xlink:from="jpcrp030000-asr_E04502-000_NotesRegardingAmountsOfReductionEntryOfNonCurrentAssetsTextBlock" xlink:to="jpcrp030000-asr_E04502-000_NotesRegardingAmountsOfReductionEntryOfNonCurrentAssetsTextBlock_label_1" xlink:arcrole="http://www.xbrl.org/2003/arcrole/concept-label" order="1" />
    <link:labelArc xlink:type="arc" xlink:from="jpcrp030000-asr_E04502-000_NotesRegardingCurrentPortionOfNoncurrentLiabilitiesTextBlock" xlink:to="jpcrp030000-asr_E04502-000_NotesRegardingCurrentPortionOfNoncurrentLiabilitiesTextBlock_label" xlink:arcrole="http://www.xbrl.org/2003/arcrole/concept-label" order="1" />
    <link:labelArc xlink:type="arc" xlink:from="jpcrp030000-asr_E04502-000_NotesRegardingCurrentPortionOfNoncurrentLiabilitiesTextBlock" xlink:to="jpcrp030000-asr_E04502-000_NotesRegardingCurrentPortionOfNoncurrentLiabilitiesTextBlock_label_1" xlink:arcrole="http://www.xbrl.org/2003/arcrole/concept-label" order="1" />
    <link:labelArc xlink:type="arc" xlink:from="jpcrp030000-asr_E04502-000_NotesRegardingIncidentalBusinessFacilitiesInStatementOfIncomeTextBlock" xlink:to="jpcrp030000-asr_E04502-000_NotesRegardingIncidentalBusinessFacilitiesInStatementOfIncomeTextBlock_label" xlink:arcrole="http://www.xbrl.org/2003/arcrole/concept-label" order="1" />
    <link:labelArc xlink:type="arc" xlink:from="jpcrp030000-asr_E04502-000_NotesRegardingIncidentalBusinessFacilitiesInStatementOfIncomeTextBlock" xlink:to="jpcrp030000-asr_E04502-000_NotesRegardingIncidentalBusinessFacilitiesInStatementOfIncomeTextBlock_label_1" xlink:arcrole="http://www.xbrl.org/2003/arcrole/concept-label" order="1" />
    <link:labelArc xlink:type="arc" xlink:from="jpcrp030000-asr_E04502-000_NotesRegardingLoansPayableToDevelopmentBankOfJapanIncTextBlock" xlink:to="jpcrp030000-asr_E04502-000_NotesRegardingLoansPayableToDevelopmentBankOfJapanIncTextBlock_label" xlink:arcrole="http://www.xbrl.org/2003/arcrole/concept-label" order="1" />
    <link:labelArc xlink:type="arc" xlink:from="jpcrp030000-asr_E04502-000_NotesRegardingLoansPayableToDevelopmentBankOfJapanIncTextBlock" xlink:to="jpcrp030000-asr_E04502-000_NotesRegardingLoansPayableToDevelopmentBankOfJapanIncTextBlock_label_1" xlink:arcrole="http://www.xbrl.org/2003/arcrole/concept-label" order="1" />
    <link:labelArc xlink:type="arc" xlink:from="jpcrp030000-asr_E04502-000_NotesRegardingProvisionOfAllowanceIncludedInOperatingExpensesTextBlock" xlink:to="jpcrp030000-asr_E04502-000_NotesRegardingProvisionOfAllowanceIncludedInOperatingExpensesTextBlock_label" xlink:arcrole="http://www.xbrl.org/2003/arcrole/concept-label" order="1" />
    <link:labelArc xlink:type="arc" xlink:from="jpcrp030000-asr_E04502-000_NotesRegardingProvisionOfAllowanceIncludedInOperatingExpensesTextBlock" xlink:to="jpcrp030000-asr_E04502-000_NotesRegardingProvisionOfAllowanceIncludedInOperatingExpensesTextBlock_label_1" xlink:arcrole="http://www.xbrl.org/2003/arcrole/concept-label" order="1" />
    <link:labelArc xlink:type="arc" xlink:from="jpcrp030000-asr_E04502-000_NotesRegardingResearchAndDevelopmentCostsIncludedInOperatingExpensesTextBlock" xlink:to="jpcrp030000-asr_E04502-000_NotesRegardingResearchAndDevelopmentCostsIncludedInOperatingExpensesTextBlock_label" xlink:arcrole="http://www.xbrl.org/2003/arcrole/concept-label" order="1" />
    <link:labelArc xlink:type="arc" xlink:from="jpcrp030000-asr_E04502-000_NotesRegardingResearchAndDevelopmentCostsIncludedInOperatingExpensesTextBlock" xlink:to="jpcrp030000-asr_E04502-000_NotesRegardingResearchAndDevelopmentCostsIncludedInOperatingExpensesTextBlock_label_1" xlink:arcrole="http://www.xbrl.org/2003/arcrole/concept-label" order="1" />
    <link:labelArc xlink:type="arc" xlink:from="jpcrp030000-asr_E04502-000_OperatingRevenueOverseasEnergy" xlink:to="jpcrp030000-asr_E04502-000_OperatingRevenueOverseasEnergy_label_1" xlink:arcrole="http://www.xbrl.org/2003/arcrole/concept-label" order="1" />
    <link:labelArc xlink:type="arc" xlink:from="jpcrp030000-asr_E04502-000_OperatingRevenueOverseasEnergy" xlink:to="jpcrp030000-asr_E04502-000_OperatingRevenueOverseasEnergy_label" xlink:arcrole="http://www.xbrl.org/2003/arcrole/concept-label" order="1" />
    <link:labelArc xlink:type="arc" xlink:from="jpcrp030000-asr_E04502-000_OperatingRevenueRegionalServiceIncidentalBusinessOperatingRevenue" xlink:to="jpcrp030000-asr_E04502-000_OperatingRevenueRegionalServiceIncidentalBusinessOperatingRevenue_label" xlink:arcrole="http://www.xbrl.org/2003/arcrole/concept-label" order="1" />
    <link:labelArc xlink:type="arc" xlink:from="jpcrp030000-asr_E04502-000_OperatingRevenueRegionalServiceIncidentalBusinessOperatingRevenue" xlink:to="jpcrp030000-asr_E04502-000_OperatingRevenueRegionalServiceIncidentalBusinessOperatingRevenue_label_1" xlink:arcrole="http://www.xbrl.org/2003/arcrole/concept-label" order="1" />
    <link:labelArc xlink:type="arc" xlink:from="jpcrp030000-asr_E04502-000_OtherElectricUtilityOparatingExpensesSGA" xlink:to="jpcrp030000-asr_E04502-000_OtherElectricUtilityOparatingExpensesSGA_label" xlink:arcrole="http://www.xbrl.org/2003/arcrole/concept-label" order="1" />
    <link:labelArc xlink:type="arc" xlink:from="jpcrp030000-asr_E04502-000_OtherElectricUtilityOparatingExpensesSGA" xlink:to="jpcrp030000-asr_E04502-000_OtherElectricUtilityOparatingExpensesSGA_label_1" xlink:arcrole="http://www.xbrl.org/2003/arcrole/concept-label" order="1" />
    <link:labelArc xlink:type="arc" xlink:from="jpcrp030000-asr_E04502-000_OtherElectricUtilityOperatingExpenses" xlink:to="jpcrp030000-asr_E04502-000_OtherElectricUtilityOperatingExpenses_label" xlink:arcrole="http://www.xbrl.org/2003/arcrole/concept-label" order="1" />
    <link:labelArc xlink:type="arc" xlink:from="jpcrp030000-asr_E04502-000_OtherElectricUtilityOperatingExpenses" xlink:to="jpcrp030000-asr_E04502-000_OtherElectricUtilityOperatingExpenses_label_1" xlink:arcrole="http://www.xbrl.org/2003/arcrole/concept-label" order="1" />
    <link:labelArc xlink:type="arc" xlink:from="jpcrp030000-asr_E04502-000_PerformanceLinkedBonusesPerformanceLinkedRemunerationEtcByCategoryOfDirectorsAndOtherOfficers" xlink:to="jpcrp030000-asr_E04502-000_PerformanceLinkedBonusesPerformanceLinkedRemunerationEtcByCategoryOfDirectorsAndOtherOfficers_label" xlink:arcrole="http://www.xbrl.org/2003/arcrole/concept-label" order="1" />
    <link:labelArc xlink:type="arc" xlink:from="jpcrp030000-asr_E04502-000_PerformanceLinkedBonusesPerformanceLinkedRemunerationEtcByCategoryOfDirectorsAndOtherOfficers" xlink:to="jpcrp030000-asr_E04502-000_PerformanceLinkedBonusesPerformanceLinkedRemunerationEtcByCategoryOfDirectorsAndOtherOfficers_label_1" xlink:arcrole="http://www.xbrl.org/2003/arcrole/concept-label" order="1" />
    <link:labelArc xlink:type="arc" xlink:from="jpcrp030000-asr_E04502-000_PowergridReportableSegmentMember" xlink:to="jpcrp030000-asr_E04502-000_PowergridReportableSegmentMember_label" xlink:arcrole="http://www.xbrl.org/2003/arcrole/concept-label" order="1" />
    <link:labelArc xlink:type="arc" xlink:from="jpcrp030000-asr_E04502-000_PowergridReportableSegmentMember" xlink:to="jpcrp030000-asr_E04502-000_PowergridReportableSegmentMember_label_1" xlink:arcrole="http://www.xbrl.org/2003/arcrole/concept-label" order="1" />
    <link:labelArc xlink:type="arc" xlink:from="jpcrp030000-asr_E04502-000_PowerNetworkCompanyReportableSegmentMember" xlink:to="jpcrp030000-asr_E04502-000_PowerNetworkCompanyReportableSegmentMember_label" xlink:arcrole="http://www.xbrl.org/2003/arcrole/concept-label" order="1" />
    <link:labelArc xlink:type="arc" xlink:from="jpcrp030000-asr_E04502-000_PowerNetworkCompanyReportableSegmentMember" xlink:to="jpcrp030000-asr_E04502-000_PowerNetworkCompanyReportableSegmentMember_label_1" xlink:arcrole="http://www.xbrl.org/2003/arcrole/concept-label" order="1" />
    <link:labelArc xlink:type="arc" xlink:from="jpcrp030000-asr_E04502-000_PowerPurchaseExpensesPaidToOtherSuppliersElectricUtilityOperatingExpenses" xlink:to="jpcrp030000-asr_E04502-000_PowerPurchaseExpensesPaidToOtherSuppliersElectricUtilityOperatingExpenses_label" xlink:arcrole="http://www.xbrl.org/2003/arcrole/concept-label" order="1" />
    <link:labelArc xlink:type="arc" xlink:from="jpcrp030000-asr_E04502-000_PowerPurchaseExpensesPaidToOtherSuppliersElectricUtilityOperatingExpenses" xlink:to="jpcrp030000-asr_E04502-000_PowerPurchaseExpensesPaidToOtherSuppliersElectricUtilityOperatingExpenses_label_1" xlink:arcrole="http://www.xbrl.org/2003/arcrole/concept-label" order="1" />
    <link:labelArc xlink:type="arc" xlink:from="jpcrp030000-asr_E04502-000_PowerPurchaseExpensesPaidToOtherSuppliersElectricUtilityOperatingExpensesSGA" xlink:to="jpcrp030000-asr_E04502-000_PowerPurchaseExpensesPaidToOtherSuppliersElectricUtilityOperatingExpensesSGA_label_1" xlink:arcrole="http://www.xbrl.org/2003/arcrole/concept-label" order="1" />
    <link:labelArc xlink:type="arc" xlink:from="jpcrp030000-asr_E04502-000_PowerPurchaseExpensesPaidToOtherSuppliersElectricUtilityOperatingExpensesSGA" xlink:to="jpcrp030000-asr_E04502-000_PowerPurchaseExpensesPaidToOtherSuppliersElectricUtilityOperatingExpensesSGA_label" xlink:arcrole="http://www.xbrl.org/2003/arcrole/concept-label" order="1" />
    <link:labelArc xlink:type="arc" xlink:from="jpcrp030000-asr_E04502-000_ProvisionForLossInConjunctionWithDiscontinuedOperationsOfNuclearPowerPlantsNCLELE" xlink:to="jpcrp030000-asr_E04502-000_ProvisionForLossInConjunctionWithDiscontinuedOperationsOfNuclearPowerPlantsNCLELE_label" xlink:arcrole="http://www.xbrl.org/2003/arcrole/concept-label" order="1" />
    <link:labelArc xlink:type="arc" xlink:from="jpcrp030000-asr_E04502-000_ProvisionForLossInConjunctionWithDiscontinuedOperationsOfNuclearPowerPlantsNCLELE" xlink:to="jpcrp030000-asr_E04502-000_ProvisionForLossInConjunctionWithDiscontinuedOperationsOfNuclearPowerPlantsNCLELE_label_1" xlink:arcrole="http://www.xbrl.org/2003/arcrole/concept-label" order="1" />
    <link:labelArc xlink:type="arc" xlink:from="jpcrp030000-asr_E04502-000_ProvisionForLossInConjunctionWithDiscontinuedOperationsOfNuclearPowerPlantsNCLELE" xlink:to="jpcrp030000-asr_E04502-000_ProvisionForLossInConjunctionWithDiscontinuedOperationsOfNuclearPowerPlantsNCLELE_label_2" xlink:arcrole="http://www.xbrl.org/2003/arcrole/concept-label" order="1" />
    <link:labelArc xlink:type="arc" xlink:from="jpcrp030000-asr_E04502-000_RetirementBenefitExpensesElectricUtilityOparatingExpensesSGA" xlink:to="jpcrp030000-asr_E04502-000_RetirementBenefitExpensesElectricUtilityOparatingExpensesSGA_label" xlink:arcrole="http://www.xbrl.org/2003/arcrole/concept-label" order="1" />
    <link:labelArc xlink:type="arc" xlink:from="jpcrp030000-asr_E04502-000_RetirementBenefitExpensesElectricUtilityOparatingExpensesSGA" xlink:to="jpcrp030000-asr_E04502-000_RetirementBenefitExpensesElectricUtilityOparatingExpensesSGA_label_1" xlink:arcrole="http://www.xbrl.org/2003/arcrole/concept-label" order="1" />
    <link:labelArc xlink:type="arc" xlink:from="jpcrp030000-asr_E04502-000_RetirementBenefitExpensesElectricUtilityOperatingExpenses" xlink:to="jpcrp030000-asr_E04502-000_RetirementBenefitExpensesElectricUtilityOperatingExpenses_label" xlink:arcrole="http://www.xbrl.org/2003/arcrole/concept-label" order="1" />
    <link:labelArc xlink:type="arc" xlink:from="jpcrp030000-asr_E04502-000_RetirementBenefitExpensesElectricUtilityOperatingExpenses" xlink:to="jpcrp030000-asr_E04502-000_RetirementBenefitExpensesElectricUtilityOperatingExpenses_label_1" xlink:arcrole="http://www.xbrl.org/2003/arcrole/concept-label" order="1" />
    <link:labelArc xlink:type="arc" xlink:from="jpcrp030000-asr_E04502-000_RevenueEquivalentToContributionForNuclearDamageCompensation" xlink:to="jpcrp030000-asr_E04502-000_RevenueEquivalentToContributionForNuclearDamageCompensation_label" xlink:arcrole="http://www.xbrl.org/2003/arcrole/concept-label" order="1" />
    <link:labelArc xlink:type="arc" xlink:from="jpcrp030000-asr_E04502-000_RevenueEquivalentToContributionForNuclearDamageCompensation" xlink:to="jpcrp030000-asr_E04502-000_RevenueEquivalentToContributionForNuclearDamageCompensation_label_1" xlink:arcrole="http://www.xbrl.org/2003/arcrole/concept-label" order="1" />
    <link:labelArc xlink:type="arc" xlink:from="jpcrp030000-asr_E04502-000_SalariesAndAllowancesElectricUtilityOparatingExpensesSGA" xlink:to="jpcrp030000-asr_E04502-000_SalariesAndAllowancesElectricUtilityOparatingExpensesSGA_label" xlink:arcrole="http://www.xbrl.org/2003/arcrole/concept-label" order="1" />
    <link:labelArc xlink:type="arc" xlink:from="jpcrp030000-asr_E04502-000_SalariesAndAllowancesElectricUtilityOparatingExpensesSGA" xlink:to="jpcrp030000-asr_E04502-000_SalariesAndAllowancesElectricUtilityOparatingExpensesSGA_label_1" xlink:arcrole="http://www.xbrl.org/2003/arcrole/concept-label" order="1" />
    <link:labelArc xlink:type="arc" xlink:from="jpcrp030000-asr_E04502-000_SalariesAndAllowancesElectricUtilityOperatingExpenses" xlink:to="jpcrp030000-asr_E04502-000_SalariesAndAllowancesElectricUtilityOperatingExpenses_label" xlink:arcrole="http://www.xbrl.org/2003/arcrole/concept-label" order="1" />
    <link:labelArc xlink:type="arc" xlink:from="jpcrp030000-asr_E04502-000_SalariesAndAllowancesElectricUtilityOperatingExpenses" xlink:to="jpcrp030000-asr_E04502-000_SalariesAndAllowancesElectricUtilityOperatingExpenses_label_1" xlink:arcrole="http://www.xbrl.org/2003/arcrole/concept-label" order="1" />
    <link:labelArc xlink:type="arc" xlink:from="jpcrp030000-asr_E04502-000_SellingGeneralAndAdministrativeExpensesElectricUtilityOperatingExpenses" xlink:to="jpcrp030000-asr_E04502-000_SellingGeneralAndAdministrativeExpensesElectricUtilityOperatingExpenses_label_1" xlink:arcrole="http://www.xbrl.org/2003/arcrole/concept-label" order="1" />
    <link:labelArc xlink:type="arc" xlink:from="jpcrp030000-asr_E04502-000_SellingGeneralAndAdministrativeExpensesElectricUtilityOperatingExpenses" xlink:to="jpcrp030000-asr_E04502-000_SellingGeneralAndAdministrativeExpensesElectricUtilityOperatingExpenses_label" xlink:arcrole="http://www.xbrl.org/2003/arcrole/concept-label" order="1" />
    <link:labelArc xlink:type="arc" xlink:from="jpcrp030000-asr_E04502-000_ShimaoTadashiMember" xlink:to="jpcrp030000-asr_E04502-000_ShimaoTadashiMember_label" xlink:arcrole="http://www.xbrl.org/2003/arcrole/concept-label" order="1" />
    <link:labelArc xlink:type="arc" xlink:from="jpcrp030000-asr_E04502-000_ShimaoTadashiMember" xlink:to="jpcrp030000-asr_E04502-000_ShimaoTadashiMember_label_1" xlink:arcrole="http://www.xbrl.org/2003/arcrole/concept-label" order="1" />
    <link:labelArc xlink:type="arc" xlink:from="jpcrp030000-asr_E04502-000_SubtotalElectricUtilityOperatingExpenses" xlink:to="jpcrp030000-asr_E04502-000_SubtotalElectricUtilityOperatingExpenses_label" xlink:arcrole="http://www.xbrl.org/2003/arcrole/concept-label" order="1" />
    <link:labelArc xlink:type="arc" xlink:from="jpcrp030000-asr_E04502-000_SubtotalElectricUtilityOperatingExpenses" xlink:to="jpcrp030000-asr_E04502-000_SubtotalElectricUtilityOperatingExpenses_label_1" xlink:arcrole="http://www.xbrl.org/2003/arcrole/concept-label" order="1" />
    <link:labelArc xlink:type="arc" xlink:from="jpcrp030000-asr_E04502-000_TakadaHiroshiMember" xlink:to="jpcrp030000-asr_E04502-000_TakadaHiroshiMember_label" xlink:arcrole="http://www.xbrl.org/2003/arcrole/concept-label" order="1" />
    <link:labelArc xlink:type="arc" xlink:from="jpcrp030000-asr_E04502-000_TakadaHiroshiMember" xlink:to="jpcrp030000-asr_E04502-000_TakadaHiroshiMember_label_1" xlink:arcrole="http://www.xbrl.org/2003/arcrole/concept-label" order="1" />
    <link:labelArc xlink:type="arc" xlink:from="jpcrp030000-asr_E04502-000_TeradaShuichiMember" xlink:to="jpcrp030000-asr_E04502-000_TeradaShuichiMember_label" xlink:arcrole="http://www.xbrl.org/2003/arcrole/concept-label" order="1" />
    <link:labelArc xlink:type="arc" xlink:from="jpcrp030000-asr_E04502-000_TeradaShuichiMember" xlink:to="jpcrp030000-asr_E04502-000_TeradaShuichiMember_label_1" xlink:arcrole="http://www.xbrl.org/2003/arcrole/concept-label" order="1" />
    <link:labelArc xlink:type="arc" xlink:from="jpcrp030000-asr_E04502-000_WorkingExpensesOverseasEnergy" xlink:to="jpcrp030000-asr_E04502-000_WorkingExpensesOverseasEnergy_label" xlink:arcrole="http://www.xbrl.org/2003/arcrole/concept-label" order="1" />
    <link:labelArc xlink:type="arc" xlink:from="jpcrp030000-asr_E04502-000_WorkingExpensesOverseasEnergy" xlink:to="jpcrp030000-asr_E04502-000_WorkingExpensesOverseasEnergy_label_1" xlink:arcrole="http://www.xbrl.org/2003/arcrole/concept-label" order="1" />
    <link:labelArc xlink:type="arc" xlink:from="jpcrp030000-asr_E04502-000_WorkingExpensesRegionalServiceIncidentalBusinessOperatingExpenses" xlink:to="jpcrp030000-asr_E04502-000_WorkingExpensesRegionalServiceIncidentalBusinessOperatingExpenses_label" xlink:arcrole="http://www.xbrl.org/2003/arcrole/concept-label" order="1" />
    <link:labelArc xlink:type="arc" xlink:from="jpcrp030000-asr_E04502-000_WorkingExpensesRegionalServiceIncidentalBusinessOperatingExpenses" xlink:to="jpcrp030000-asr_E04502-000_WorkingExpensesRegionalServiceIncidentalBusinessOperatingExpenses_label_1" xlink:arcrole="http://www.xbrl.org/2003/arcrole/concept-label" order="1" />
    <link:labelArc xlink:type="arc" xlink:from="jppfs_cor_CumulativeEffectsOfChangesInAccountingPolicies" xlink:to="jppfs_cor_CumulativeEffectsOfChangesInAccountingPolicies_label" xlink:arcrole="http://www.xbrl.org/2003/arcrole/concept-label" order="1" />
    <link:labelArc xlink:type="arc" xlink:from="jppfs_cor_RestatedBalance" xlink:to="jppfs_cor_RestatedBalance_label" xlink:arcrole="http://www.xbrl.org/2003/arcrole/concept-label" order="1" />
  </link:labelLink>
</link:linkbase>