﻿<?xml version="1.0" encoding="utf-8"?>
<!-- Edited with FutureStage XBRL Solution Library .NET 01-11 -->
<link:linkbase xmlns:xlink="http://www.w3.org/1999/xlink" xmlns:xsi="http://www.w3.org/2001/XMLSchema-instance" xmlns:link="http://www.xbrl.org/2003/linkbase">
  <link:roleRef xlink:type="simple" xlink:href="http://disclosure.edinet-fsa.go.jp/taxonomy/jpcrp/2022-11-01/jpcrp_rt_2022-11-01.xsd#rol_IndependentAuditorsReport" roleURI="http://disclosure.edinet-fsa.go.jp/role/jpcrp/rol_IndependentAuditorsReport" />
  <link:roleRef xlink:type="simple" xlink:href="http://disclosure.edinet-fsa.go.jp/taxonomy/jpcrp/2022-11-01/jpcrp_rt_2022-11-01.xsd#rol_IndependentAuditorsReportKAM" roleURI="http://disclosure.edinet-fsa.go.jp/role/jpcrp/rol_IndependentAuditorsReportKAM" />
  <link:presentationLink xlink:type="extended" xlink:role="http://disclosure.edinet-fsa.go.jp/role/jpcrp/rol_IndependentAuditorsReport">
    <link:loc xlink:type="locator" xlink:href="http://disclosure.edinet-fsa.go.jp/taxonomy/jpcrp/2022-11-01/jpcrp_cor_2022-11-01.xsd#jpcrp_cor_AuditFirm1Consolidated" xlink:label="jpcrp_cor_AuditFirm1Consolidated" />
    <link:loc xlink:type="locator" xlink:href="http://disclosure.edinet-fsa.go.jp/taxonomy/jpcrp/2022-11-01/jpcrp_cor_2022-11-01.xsd#jpcrp_cor_CPA1AuditFirm1Consolidated" xlink:label="jpcrp_cor_CPA1AuditFirm1Consolidated" />
    <link:loc xlink:type="locator" xlink:href="http://disclosure.edinet-fsa.go.jp/taxonomy/jpcrp/2022-11-01/jpcrp_cor_2022-11-01.xsd#jpcrp_cor_CPA2AuditFirm1Consolidated" xlink:label="jpcrp_cor_CPA2AuditFirm1Consolidated" />
    <link:loc xlink:type="locator" xlink:href="http://disclosure.edinet-fsa.go.jp/taxonomy/jpcrp/2022-11-01/jpcrp_cor_2022-11-01.xsd#jpcrp_cor_CPA3AuditFirm1Consolidated" xlink:label="jpcrp_cor_CPA3AuditFirm1Consolidated" />
    <link:loc xlink:type="locator" xlink:href="http://disclosure.edinet-fsa.go.jp/taxonomy/jpcrp/2022-11-01/jpcrp_cor_2022-11-01.xsd#jpcrp_cor_IndependentAuditorsReportConsolidatedTextBlock" xlink:label="jpcrp_cor_IndependentAuditorsReportConsolidatedTextBlock" />
    <link:loc xlink:type="locator" xlink:href="http://disclosure.edinet-fsa.go.jp/taxonomy/jpcrp/2022-11-01/jpcrp_cor_2022-11-01.xsd#jpcrp_cor_IndependentAuditorsReportHeading" xlink:label="jpcrp_cor_IndependentAuditorsReportHeading" />
    <link:loc xlink:type="locator" xlink:href="http://disclosure.edinet-fsa.go.jp/taxonomy/jpcrp/2022-11-01/jpcrp_cor_2022-11-01.xsd#jpcrp_cor_KeyAuditMattersConsolidatedTextBlock" xlink:label="jpcrp_cor_KeyAuditMattersConsolidatedTextBlock" />
    <link:loc xlink:type="locator" xlink:href="http://disclosure.edinet-fsa.go.jp/taxonomy/jpcrp/2022-11-01/jpcrp_cor_2022-11-01.xsd#jpcrp_cor_OtherInformationConsolidatedTextBlock" xlink:label="jpcrp_cor_OtherInformationConsolidatedTextBlock" />
    <link:loc xlink:type="locator" xlink:href="http://disclosure.edinet-fsa.go.jp/taxonomy/jpcrp/2022-11-01/jpcrp_cor_2022-11-01.xsd#jpcrp_cor_OverviewKAMConsolidatedTextBlock" xlink:label="jpcrp_cor_OverviewKAMConsolidatedTextBlock" />
    <link:presentationArc xlink:type="arc" xlink:from="jpcrp_cor_IndependentAuditorsReportConsolidatedTextBlock" xlink:to="jpcrp_cor_AuditFirm1Consolidated" xlink:arcrole="http://www.xbrl.org/2003/arcrole/parent-child" order="1" />
    <link:presentationArc xlink:type="arc" xlink:from="jpcrp_cor_AuditFirm1Consolidated" xlink:to="jpcrp_cor_CPA1AuditFirm1Consolidated" xlink:arcrole="http://www.xbrl.org/2003/arcrole/parent-child" order="1" />
    <link:presentationArc xlink:type="arc" xlink:from="jpcrp_cor_AuditFirm1Consolidated" xlink:to="jpcrp_cor_CPA2AuditFirm1Consolidated" xlink:arcrole="http://www.xbrl.org/2003/arcrole/parent-child" order="2" />
    <link:presentationArc xlink:type="arc" xlink:from="jpcrp_cor_AuditFirm1Consolidated" xlink:to="jpcrp_cor_CPA3AuditFirm1Consolidated" xlink:arcrole="http://www.xbrl.org/2003/arcrole/parent-child" order="3" />
    <link:presentationArc xlink:type="arc" xlink:from="jpcrp_cor_IndependentAuditorsReportHeading" xlink:to="jpcrp_cor_IndependentAuditorsReportConsolidatedTextBlock" xlink:arcrole="http://www.xbrl.org/2003/arcrole/parent-child" order="1" />
    <link:presentationArc xlink:type="arc" xlink:from="jpcrp_cor_IndependentAuditorsReportConsolidatedTextBlock" xlink:to="jpcrp_cor_KeyAuditMattersConsolidatedTextBlock" xlink:arcrole="http://www.xbrl.org/2003/arcrole/parent-child" order="2" />
    <link:presentationArc xlink:type="arc" xlink:from="jpcrp_cor_IndependentAuditorsReportConsolidatedTextBlock" xlink:to="jpcrp_cor_OtherInformationConsolidatedTextBlock" xlink:arcrole="http://www.xbrl.org/2003/arcrole/parent-child" order="3" />
    <link:presentationArc xlink:type="arc" xlink:from="jpcrp_cor_KeyAuditMattersConsolidatedTextBlock" xlink:to="jpcrp_cor_OverviewKAMConsolidatedTextBlock" xlink:arcrole="http://www.xbrl.org/2003/arcrole/parent-child" order="1" />
  </link:presentationLink>
  <link:presentationLink xlink:type="extended" xlink:role="http://disclosure.edinet-fsa.go.jp/role/jpcrp/rol_IndependentAuditorsReportKAM">
    <link:loc xlink:type="locator" xlink:href="http://disclosure.edinet-fsa.go.jp/taxonomy/jpcrp/2022-11-01/jpcrp_cor_2022-11-01.xsd#jpcrp_cor_AuditorsResponseKAMConsolidatedTextBlock" xlink:label="jpcrp_cor_AuditorsResponseKAMConsolidatedTextBlock" />
    <link:loc xlink:type="locator" xlink:href="http://disclosure.edinet-fsa.go.jp/taxonomy/jpcrp/2022-11-01/jpcrp_cor_2022-11-01.xsd#jpcrp_cor_DescriptionIncludingReasonKAMConsolidatedTextBlock" xlink:label="jpcrp_cor_DescriptionIncludingReasonKAMConsolidatedTextBlock" />
    <link:loc xlink:type="locator" xlink:href="http://disclosure.edinet-fsa.go.jp/taxonomy/jpcrp/2022-11-01/jpcrp_cor_2022-11-01.xsd#jpcrp_cor_IndependentAuditorsReportHeading" xlink:label="jpcrp_cor_IndependentAuditorsReportHeading" />
    <link:loc xlink:type="locator" xlink:href="http://disclosure.edinet-fsa.go.jp/taxonomy/jpcrp/2022-11-01/jpcrp_cor_2022-11-01.xsd#jpcrp_cor_KeyAuditMattersConsolidatedLineItems" xlink:label="jpcrp_cor_KeyAuditMattersConsolidatedLineItems" />
    <link:loc xlink:type="locator" xlink:href="http://disclosure.edinet-fsa.go.jp/taxonomy/jpcrp/2022-11-01/jpcrp_cor_2022-11-01.xsd#jpcrp_cor_KeyAuditMattersDetailAbstract" xlink:label="jpcrp_cor_KeyAuditMattersDetailAbstract" />
    <link:loc xlink:type="locator" xlink:href="http://disclosure.edinet-fsa.go.jp/taxonomy/jpcrp/2022-11-01/jpcrp_cor_2022-11-01.xsd#jpcrp_cor_KeyAuditMattersTable" xlink:label="jpcrp_cor_KeyAuditMattersTable" />
    <link:loc xlink:type="locator" xlink:href="http://disclosure.edinet-fsa.go.jp/taxonomy/jpcrp/2022-11-01/jpcrp_cor_2022-11-01.xsd#jpcrp_cor_Reference2KAMConsolidated" xlink:label="jpcrp_cor_Reference2KAMConsolidated" />
    <link:loc xlink:type="locator" xlink:href="http://disclosure.edinet-fsa.go.jp/taxonomy/jpcrp/2022-11-01/jpcrp_cor_2022-11-01.xsd#jpcrp_cor_ReferenceKAMConsolidated" xlink:label="jpcrp_cor_ReferenceKAMConsolidated" />
    <link:loc xlink:type="locator" xlink:href="http://disclosure.edinet-fsa.go.jp/taxonomy/jpcrp/2022-11-01/jpcrp_cor_2022-11-01.xsd#jpcrp_cor_Row1Member" xlink:label="jpcrp_cor_Row1Member" />
    <link:loc xlink:type="locator" xlink:href="http://disclosure.edinet-fsa.go.jp/taxonomy/jpcrp/2022-11-01/jpcrp_cor_2022-11-01.xsd#jpcrp_cor_Row2Member" xlink:label="jpcrp_cor_Row2Member" />
    <link:loc xlink:type="locator" xlink:href="http://disclosure.edinet-fsa.go.jp/taxonomy/jpcrp/2022-11-01/jpcrp_cor_2022-11-01.xsd#jpcrp_cor_SequentialNumbersAxis" xlink:label="jpcrp_cor_SequentialNumbersAxis" />
    <link:loc xlink:type="locator" xlink:href="http://disclosure.edinet-fsa.go.jp/taxonomy/jpcrp/2022-11-01/jpcrp_cor_2022-11-01.xsd#jpcrp_cor_ShortDescriptionKAMConsolidated" xlink:label="jpcrp_cor_ShortDescriptionKAMConsolidated" />
    <link:presentationArc xlink:type="arc" xlink:from="jpcrp_cor_IndependentAuditorsReportHeading" xlink:to="jpcrp_cor_KeyAuditMattersDetailAbstract" xlink:arcrole="http://www.xbrl.org/2003/arcrole/parent-child" order="1" />
    <link:presentationArc xlink:type="arc" xlink:from="jpcrp_cor_KeyAuditMattersDetailAbstract" xlink:to="jpcrp_cor_KeyAuditMattersConsolidatedLineItems" xlink:arcrole="http://www.xbrl.org/2003/arcrole/parent-child" order="2" />
    <link:presentationArc xlink:type="arc" xlink:from="jpcrp_cor_KeyAuditMattersConsolidatedLineItems" xlink:to="jpcrp_cor_ShortDescriptionKAMConsolidated" xlink:arcrole="http://www.xbrl.org/2003/arcrole/parent-child" order="1" />
    <link:presentationArc xlink:type="arc" xlink:from="jpcrp_cor_KeyAuditMattersConsolidatedLineItems" xlink:to="jpcrp_cor_ReferenceKAMConsolidated" xlink:arcrole="http://www.xbrl.org/2003/arcrole/parent-child" order="2" />
    <link:presentationArc xlink:type="arc" xlink:from="jpcrp_cor_KeyAuditMattersConsolidatedLineItems" xlink:to="jpcrp_cor_Reference2KAMConsolidated" xlink:arcrole="http://www.xbrl.org/2003/arcrole/parent-child" order="3" />
    <link:presentationArc xlink:type="arc" xlink:from="jpcrp_cor_KeyAuditMattersConsolidatedLineItems" xlink:to="jpcrp_cor_DescriptionIncludingReasonKAMConsolidatedTextBlock" xlink:arcrole="http://www.xbrl.org/2003/arcrole/parent-child" order="4" />
    <link:presentationArc xlink:type="arc" xlink:from="jpcrp_cor_KeyAuditMattersConsolidatedLineItems" xlink:to="jpcrp_cor_AuditorsResponseKAMConsolidatedTextBlock" xlink:arcrole="http://www.xbrl.org/2003/arcrole/parent-child" order="5" />
    <link:presentationArc xlink:type="arc" xlink:from="jpcrp_cor_KeyAuditMattersDetailAbstract" xlink:to="jpcrp_cor_KeyAuditMattersTable" xlink:arcrole="http://www.xbrl.org/2003/arcrole/parent-child" order="1" />
    <link:presentationArc xlink:type="arc" xlink:from="jpcrp_cor_KeyAuditMattersTable" xlink:to="jpcrp_cor_SequentialNumbersAxis" xlink:arcrole="http://www.xbrl.org/2003/arcrole/parent-child" order="1" />
    <link:presentationArc xlink:type="arc" xlink:from="jpcrp_cor_SequentialNumbersAxis" xlink:to="jpcrp_cor_Row1Member" xlink:arcrole="http://www.xbrl.org/2003/arcrole/parent-child" order="1" />
    <link:presentationArc xlink:type="arc" xlink:from="jpcrp_cor_SequentialNumbersAxis" xlink:to="jpcrp_cor_Row2Member" xlink:arcrole="http://www.xbrl.org/2003/arcrole/parent-child" order="2" />
  </link:presentationLink>
</link:linkbase>