﻿<?xml version="1.0" encoding="utf-8"?>
<!-- Edited with FutureStage XBRL Solution Library .NET 01-11 -->
<link:linkbase xmlns:xlink="http://www.w3.org/1999/xlink" xmlns:xsi="http://www.w3.org/2001/XMLSchema-instance" xmlns:link="http://www.xbrl.org/2003/linkbase">
  <link:roleRef xlink:type="simple" xlink:href="http://disclosure.edinet-fsa.go.jp/taxonomy/jppfs/2020-11-01/jppfs_rt_2020-11-01.xsd#rol_ConsolidatedLabel" roleURI="http://disclosure.edinet-fsa.go.jp/jppfs/Consolidated/role/label" />
  <link:roleRef xlink:type="simple" xlink:href="http://disclosure.edinet-fsa.go.jp/taxonomy/jppfs/2020-11-01/jppfs_rt_2020-11-01.xsd#rol_NonConsolidatedLabel" roleURI="http://disclosure.edinet-fsa.go.jp/jppfs/NonConsolidated/role/label" />
  <link:labelLink xlink:type="extended" xlink:role="http://www.xbrl.org/2003/role/link">
    <link:label xml:lang="ja" xlink:type="resource" xlink:label="jpcrp030000-asr_E34837-000_ConsignmentCostSGA_label" xlink:role="http://www.xbrl.org/2003/role/label">委託費</link:label>
    <link:label xml:lang="ja" xlink:type="resource" xlink:label="jpcrp030000-asr_E34837-000_ConsignmentCostSGA_label_1" xlink:role="http://www.xbrl.org/2003/role/verboseLabel">委託費、販売費及び一般管理費</link:label>
    <link:label xml:lang="ja" xlink:type="resource" xlink:label="jpcrp030000-asr_E34837-000_DividendIncome_label" xlink:role="http://www.xbrl.org/2003/role/label">受取配当金</link:label>
    <link:label xml:lang="ja" xlink:type="resource" xlink:label="jpcrp030000-asr_E34837-000_DividendIncome_label_1" xlink:role="http://www.xbrl.org/2003/role/verboseLabel">受取配当金</link:label>
    <link:label xml:lang="ja" xlink:type="resource" xlink:label="jpcrp030000-asr_E34837-000_DomesticThermalPowerGenerationAndGasSupplyBusinessReportableSegmentMember_label" xlink:role="http://www.xbrl.org/2003/role/label">国内火力・ガス事業</link:label>
    <link:label xml:lang="ja" xlink:type="resource" xlink:label="jpcrp030000-asr_E34837-000_DomesticThermalPowerGenerationAndGasSupplyBusinessReportableSegmentMember_label_1" xlink:role="http://www.xbrl.org/2003/role/verboseLabel">国内火力・ガス事業、報告セグメント [メンバー]</link:label>
    <link:label xml:lang="ja" xlink:type="resource" xlink:label="jpcrp030000-asr_E34837-000_FuelBusinessReportableSegmentMember_label" xlink:role="http://www.xbrl.org/2003/role/label">燃料事業</link:label>
    <link:label xml:lang="ja" xlink:type="resource" xlink:label="jpcrp030000-asr_E34837-000_FuelBusinessReportableSegmentMember_label_1" xlink:role="http://www.xbrl.org/2003/role/verboseLabel">燃料事業、報告セグメント [メンバー]</link:label>
    <link:label xml:lang="ja" xlink:type="resource" xlink:label="jpcrp030000-asr_E34837-000_ImpairmentLossNOEELE_label" xlink:role="http://www.xbrl.org/2003/role/label">減損損失</link:label>
    <link:label xml:lang="ja" xlink:type="resource" xlink:label="jpcrp030000-asr_E34837-000_ImpairmentLossNOEELE_label_1" xlink:role="http://www.xbrl.org/2003/role/verboseLabel">減損損失、営業外費用、電気事業</link:label>
    <link:label xml:lang="ja" xlink:type="resource" xlink:label="jpcrp030000-asr_E34837-000_IncreaseInCashAndCashEquivalentsResultingFromAbsorptionCF_label" xlink:role="http://www.xbrl.org/2003/role/label">吸収分割に伴う現金及び現金同等物の増加額</link:label>
    <link:label xml:lang="ja" xlink:type="resource" xlink:label="jpcrp030000-asr_E34837-000_IncreaseInCashAndCashEquivalentsResultingFromAbsorptionCF_label_1" xlink:role="http://www.xbrl.org/2003/role/verboseLabel">吸収分割に伴う現金及び現金同等物の増加額、キャッシュ・フロー計算書</link:label>
    <link:label xml:lang="ja" xlink:type="resource" xlink:label="jpcrp030000-asr_E34837-000_NotesRegardingAmountOfNonCurrentAssetsInIncidentalBusinessesTextBlock_label" xlink:role="http://www.xbrl.org/2003/role/label">附帯事業に係る固定資産の金額に関する注記</link:label>
    <link:label xml:lang="ja" xlink:type="resource" xlink:label="jpcrp030000-asr_E34837-000_NotesRegardingAmountOfNonCurrentAssetsInIncidentalBusinessesTextBlock_label_1" xlink:role="http://www.xbrl.org/2003/role/verboseLabel">附帯事業に係る固定資産の金額に関する注記 [テキストブロック]</link:label>
    <link:label xml:lang="ja" xlink:type="resource" xlink:label="jpcrp030000-asr_E34837-000_NotesRegardingComponentsOfAccruedTaxesTextBlock_label" xlink:role="http://www.xbrl.org/2003/role/label">未払税金の内訳に関する注記</link:label>
    <link:label xml:lang="ja" xlink:type="resource" xlink:label="jpcrp030000-asr_E34837-000_NotesRegardingComponentsOfAccruedTaxesTextBlock_label_1" xlink:role="http://www.xbrl.org/2003/role/verboseLabel">未払税金の内訳に関する注記 [テキストブロック]</link:label>
    <link:label xml:lang="ja" xlink:type="resource" xlink:label="jpcrp030000-asr_E34837-000_NotesRegardingCurrentPortionOfNonCurrentLiabilitiesDetailsTextBlock_label" xlink:role="http://www.xbrl.org/2003/role/label">1年以内に期限到来の固定負債の内訳に関する注記</link:label>
    <link:label xml:lang="ja" xlink:type="resource" xlink:label="jpcrp030000-asr_E34837-000_NotesRegardingCurrentPortionOfNonCurrentLiabilitiesDetailsTextBlock_label_1" xlink:role="http://www.xbrl.org/2003/role/verboseLabel">1年以内に期限到来の固定負債の内訳に関する注記 [テキストブロック]</link:label>
    <link:label xml:lang="ja" xlink:type="resource" xlink:label="jpcrp030000-asr_E34837-000_OverseasPowerGenerationBusinessReportableSegmentMember_label" xlink:role="http://www.xbrl.org/2003/role/label">海外発電事業</link:label>
    <link:label xml:lang="ja" xlink:type="resource" xlink:label="jpcrp030000-asr_E34837-000_OverseasPowerGenerationBusinessReportableSegmentMember_label_1" xlink:role="http://www.xbrl.org/2003/role/verboseLabel">海外発電事業、報告セグメント [メンバー]</link:label>
    <link:label xml:lang="ja" xlink:type="resource" xlink:label="jpcrp030000-asr_E34837-000_ProvisionOfReserveForResourcePriceFluctuations_label" xlink:role="http://www.xbrl.org/2003/role/label">資源価格変動積立金の積立</link:label>
    <link:label xml:lang="ja" xlink:type="resource" xlink:label="jpcrp030000-asr_E34837-000_ProvisionOfReserveForResourcePriceFluctuations_label_1" xlink:role="http://www.xbrl.org/2003/role/verboseLabel">資源価格変動積立金の積立</link:label>
    <link:label xml:lang="ja" xlink:type="resource" xlink:label="jpcrp030000-asr_E34837-000_ReserveForResourcePriceFluctuationsMember_label" xlink:role="http://www.xbrl.org/2003/role/label">資源価格変動積立金</link:label>
    <link:label xml:lang="ja" xlink:type="resource" xlink:label="jpcrp030000-asr_E34837-000_ReserveForResourcePriceFluctuationsMember_label_1" xlink:role="http://www.xbrl.org/2003/role/verboseLabel">資源価格変動積立金 [メンバー]</link:label>
    <link:label xml:lang="ja" xlink:type="resource" xlink:label="jpcrp030000-asr_E34837-000_ReserveForResourcePriceFluctuationsORE_label" xlink:role="http://www.xbrl.org/2003/role/label">資源価格変動積立金</link:label>
    <link:label xml:lang="ja" xlink:type="resource" xlink:label="jpcrp030000-asr_E34837-000_ReserveForResourcePriceFluctuationsORE_label_1" xlink:role="http://www.xbrl.org/2003/role/verboseLabel">資源価格変動積立金、その他利益剰余金</link:label>
    <link:label xml:lang="ja" xlink:type="resource" xlink:label="jpcrp030000-asr_E34837-000_VariousExpensesSGA_label" xlink:role="http://www.xbrl.org/2003/role/label">諸費</link:label>
    <link:label xml:lang="ja" xlink:type="resource" xlink:label="jpcrp030000-asr_E34837-000_VariousExpensesSGA_label_1" xlink:role="http://www.xbrl.org/2003/role/verboseLabel">諸費、販売費及び一般管理費</link:label>
    <link:label xml:lang="ja" xlink:type="resource" xlink:label="jppfs_cor_DecreaseIncreaseInInventoriesOpeCF_label" xlink:role="http://disclosure.edinet-fsa.go.jp/jppfs/Consolidated/role/label">たな卸資産の増減額（△は増加）</link:label>
    <link:label xml:lang="ja" xlink:type="resource" xlink:label="jppfs_cor_DecreaseIncreaseInInventoriesOpeCF_label_1" xlink:role="http://disclosure.edinet-fsa.go.jp/jppfs/NonConsolidated/role/label">たな卸資産の増減額（△は増加）</link:label>
    <link:label xml:lang="ja" xlink:type="resource" xlink:label="jppfs_cor_Inventories_label" xlink:role="http://disclosure.edinet-fsa.go.jp/jppfs/Consolidated/role/label">たな卸資産</link:label>
    <link:label xml:lang="ja" xlink:type="resource" xlink:label="jppfs_cor_Inventories_label_1" xlink:role="http://disclosure.edinet-fsa.go.jp/jppfs/NonConsolidated/role/label">たな卸資産</link:label>
    <link:loc xlink:type="locator" xlink:href="http://disclosure.edinet-fsa.go.jp/taxonomy/jppfs/2020-11-01/jppfs_cor_2020-11-01.xsd#jppfs_cor_DecreaseIncreaseInInventoriesOpeCF" xlink:label="jppfs_cor_DecreaseIncreaseInInventoriesOpeCF" />
    <link:loc xlink:type="locator" xlink:href="http://disclosure.edinet-fsa.go.jp/taxonomy/jppfs/2020-11-01/jppfs_cor_2020-11-01.xsd#jppfs_cor_Inventories" xlink:label="jppfs_cor_Inventories" />
    <link:loc xlink:type="locator" xlink:href="jpcrp030000-asr-001_E34837-000_2021-03-31_01_2021-06-30.xsd#jpcrp030000-asr_E34837-000_ConsignmentCostSGA" xlink:label="jpcrp030000-asr_E34837-000_ConsignmentCostSGA" />
    <link:loc xlink:type="locator" xlink:href="jpcrp030000-asr-001_E34837-000_2021-03-31_01_2021-06-30.xsd#jpcrp030000-asr_E34837-000_DividendIncome" xlink:label="jpcrp030000-asr_E34837-000_DividendIncome" />
    <link:loc xlink:type="locator" xlink:href="jpcrp030000-asr-001_E34837-000_2021-03-31_01_2021-06-30.xsd#jpcrp030000-asr_E34837-000_DomesticThermalPowerGenerationAndGasSupplyBusinessReportableSegmentMember" xlink:label="jpcrp030000-asr_E34837-000_DomesticThermalPowerGenerationAndGasSupplyBusinessReportableSegmentMember" />
    <link:loc xlink:type="locator" xlink:href="jpcrp030000-asr-001_E34837-000_2021-03-31_01_2021-06-30.xsd#jpcrp030000-asr_E34837-000_FuelBusinessReportableSegmentMember" xlink:label="jpcrp030000-asr_E34837-000_FuelBusinessReportableSegmentMember" />
    <link:loc xlink:type="locator" xlink:href="jpcrp030000-asr-001_E34837-000_2021-03-31_01_2021-06-30.xsd#jpcrp030000-asr_E34837-000_ImpairmentLossNOEELE" xlink:label="jpcrp030000-asr_E34837-000_ImpairmentLossNOEELE" />
    <link:loc xlink:type="locator" xlink:href="jpcrp030000-asr-001_E34837-000_2021-03-31_01_2021-06-30.xsd#jpcrp030000-asr_E34837-000_IncreaseInCashAndCashEquivalentsResultingFromAbsorptionCF" xlink:label="jpcrp030000-asr_E34837-000_IncreaseInCashAndCashEquivalentsResultingFromAbsorptionCF" />
    <link:loc xlink:type="locator" xlink:href="jpcrp030000-asr-001_E34837-000_2021-03-31_01_2021-06-30.xsd#jpcrp030000-asr_E34837-000_NotesRegardingAmountOfNonCurrentAssetsInIncidentalBusinessesTextBlock" xlink:label="jpcrp030000-asr_E34837-000_NotesRegardingAmountOfNonCurrentAssetsInIncidentalBusinessesTextBlock" />
    <link:loc xlink:type="locator" xlink:href="jpcrp030000-asr-001_E34837-000_2021-03-31_01_2021-06-30.xsd#jpcrp030000-asr_E34837-000_NotesRegardingComponentsOfAccruedTaxesTextBlock" xlink:label="jpcrp030000-asr_E34837-000_NotesRegardingComponentsOfAccruedTaxesTextBlock" />
    <link:loc xlink:type="locator" xlink:href="jpcrp030000-asr-001_E34837-000_2021-03-31_01_2021-06-30.xsd#jpcrp030000-asr_E34837-000_NotesRegardingCurrentPortionOfNonCurrentLiabilitiesDetailsTextBlock" xlink:label="jpcrp030000-asr_E34837-000_NotesRegardingCurrentPortionOfNonCurrentLiabilitiesDetailsTextBlock" />
    <link:loc xlink:type="locator" xlink:href="jpcrp030000-asr-001_E34837-000_2021-03-31_01_2021-06-30.xsd#jpcrp030000-asr_E34837-000_OverseasPowerGenerationBusinessReportableSegmentMember" xlink:label="jpcrp030000-asr_E34837-000_OverseasPowerGenerationBusinessReportableSegmentMember" />
    <link:loc xlink:type="locator" xlink:href="jpcrp030000-asr-001_E34837-000_2021-03-31_01_2021-06-30.xsd#jpcrp030000-asr_E34837-000_ProvisionOfReserveForResourcePriceFluctuations" xlink:label="jpcrp030000-asr_E34837-000_ProvisionOfReserveForResourcePriceFluctuations" />
    <link:loc xlink:type="locator" xlink:href="jpcrp030000-asr-001_E34837-000_2021-03-31_01_2021-06-30.xsd#jpcrp030000-asr_E34837-000_ReserveForResourcePriceFluctuationsMember" xlink:label="jpcrp030000-asr_E34837-000_ReserveForResourcePriceFluctuationsMember" />
    <link:loc xlink:type="locator" xlink:href="jpcrp030000-asr-001_E34837-000_2021-03-31_01_2021-06-30.xsd#jpcrp030000-asr_E34837-000_ReserveForResourcePriceFluctuationsORE" xlink:label="jpcrp030000-asr_E34837-000_ReserveForResourcePriceFluctuationsORE" />
    <link:loc xlink:type="locator" xlink:href="jpcrp030000-asr-001_E34837-000_2021-03-31_01_2021-06-30.xsd#jpcrp030000-asr_E34837-000_VariousExpensesSGA" xlink:label="jpcrp030000-asr_E34837-000_VariousExpensesSGA" />
    <link:labelArc xlink:type="arc" xlink:from="jpcrp030000-asr_E34837-000_ConsignmentCostSGA" xlink:to="jpcrp030000-asr_E34837-000_ConsignmentCostSGA_label_1" xlink:arcrole="http://www.xbrl.org/2003/arcrole/concept-label" order="1" />
    <link:labelArc xlink:type="arc" xlink:from="jpcrp030000-asr_E34837-000_ConsignmentCostSGA" xlink:to="jpcrp030000-asr_E34837-000_ConsignmentCostSGA_label" xlink:arcrole="http://www.xbrl.org/2003/arcrole/concept-label" order="1" />
    <link:labelArc xlink:type="arc" xlink:from="jpcrp030000-asr_E34837-000_DividendIncome" xlink:to="jpcrp030000-asr_E34837-000_DividendIncome_label_1" xlink:arcrole="http://www.xbrl.org/2003/arcrole/concept-label" order="1" />
    <link:labelArc xlink:type="arc" xlink:from="jpcrp030000-asr_E34837-000_DividendIncome" xlink:to="jpcrp030000-asr_E34837-000_DividendIncome_label" xlink:arcrole="http://www.xbrl.org/2003/arcrole/concept-label" order="1" />
    <link:labelArc xlink:type="arc" xlink:from="jpcrp030000-asr_E34837-000_DomesticThermalPowerGenerationAndGasSupplyBusinessReportableSegmentMember" xlink:to="jpcrp030000-asr_E34837-000_DomesticThermalPowerGenerationAndGasSupplyBusinessReportableSegmentMember_label_1" xlink:arcrole="http://www.xbrl.org/2003/arcrole/concept-label" order="1" />
    <link:labelArc xlink:type="arc" xlink:from="jpcrp030000-asr_E34837-000_DomesticThermalPowerGenerationAndGasSupplyBusinessReportableSegmentMember" xlink:to="jpcrp030000-asr_E34837-000_DomesticThermalPowerGenerationAndGasSupplyBusinessReportableSegmentMember_label" xlink:arcrole="http://www.xbrl.org/2003/arcrole/concept-label" order="1" />
    <link:labelArc xlink:type="arc" xlink:from="jpcrp030000-asr_E34837-000_FuelBusinessReportableSegmentMember" xlink:to="jpcrp030000-asr_E34837-000_FuelBusinessReportableSegmentMember_label_1" xlink:arcrole="http://www.xbrl.org/2003/arcrole/concept-label" order="1" />
    <link:labelArc xlink:type="arc" xlink:from="jpcrp030000-asr_E34837-000_FuelBusinessReportableSegmentMember" xlink:to="jpcrp030000-asr_E34837-000_FuelBusinessReportableSegmentMember_label" xlink:arcrole="http://www.xbrl.org/2003/arcrole/concept-label" order="1" />
    <link:labelArc xlink:type="arc" xlink:from="jpcrp030000-asr_E34837-000_ImpairmentLossNOEELE" xlink:to="jpcrp030000-asr_E34837-000_ImpairmentLossNOEELE_label_1" xlink:arcrole="http://www.xbrl.org/2003/arcrole/concept-label" order="1" />
    <link:labelArc xlink:type="arc" xlink:from="jpcrp030000-asr_E34837-000_ImpairmentLossNOEELE" xlink:to="jpcrp030000-asr_E34837-000_ImpairmentLossNOEELE_label" xlink:arcrole="http://www.xbrl.org/2003/arcrole/concept-label" order="1" />
    <link:labelArc xlink:type="arc" xlink:from="jpcrp030000-asr_E34837-000_IncreaseInCashAndCashEquivalentsResultingFromAbsorptionCF" xlink:to="jpcrp030000-asr_E34837-000_IncreaseInCashAndCashEquivalentsResultingFromAbsorptionCF_label_1" xlink:arcrole="http://www.xbrl.org/2003/arcrole/concept-label" order="1" />
    <link:labelArc xlink:type="arc" xlink:from="jpcrp030000-asr_E34837-000_IncreaseInCashAndCashEquivalentsResultingFromAbsorptionCF" xlink:to="jpcrp030000-asr_E34837-000_IncreaseInCashAndCashEquivalentsResultingFromAbsorptionCF_label" xlink:arcrole="http://www.xbrl.org/2003/arcrole/concept-label" order="1" />
    <link:labelArc xlink:type="arc" xlink:from="jpcrp030000-asr_E34837-000_NotesRegardingAmountOfNonCurrentAssetsInIncidentalBusinessesTextBlock" xlink:to="jpcrp030000-asr_E34837-000_NotesRegardingAmountOfNonCurrentAssetsInIncidentalBusinessesTextBlock_label_1" xlink:arcrole="http://www.xbrl.org/2003/arcrole/concept-label" order="1" />
    <link:labelArc xlink:type="arc" xlink:from="jpcrp030000-asr_E34837-000_NotesRegardingAmountOfNonCurrentAssetsInIncidentalBusinessesTextBlock" xlink:to="jpcrp030000-asr_E34837-000_NotesRegardingAmountOfNonCurrentAssetsInIncidentalBusinessesTextBlock_label" xlink:arcrole="http://www.xbrl.org/2003/arcrole/concept-label" order="1" />
    <link:labelArc xlink:type="arc" xlink:from="jpcrp030000-asr_E34837-000_NotesRegardingComponentsOfAccruedTaxesTextBlock" xlink:to="jpcrp030000-asr_E34837-000_NotesRegardingComponentsOfAccruedTaxesTextBlock_label_1" xlink:arcrole="http://www.xbrl.org/2003/arcrole/concept-label" order="1" />
    <link:labelArc xlink:type="arc" xlink:from="jpcrp030000-asr_E34837-000_NotesRegardingComponentsOfAccruedTaxesTextBlock" xlink:to="jpcrp030000-asr_E34837-000_NotesRegardingComponentsOfAccruedTaxesTextBlock_label" xlink:arcrole="http://www.xbrl.org/2003/arcrole/concept-label" order="1" />
    <link:labelArc xlink:type="arc" xlink:from="jpcrp030000-asr_E34837-000_NotesRegardingCurrentPortionOfNonCurrentLiabilitiesDetailsTextBlock" xlink:to="jpcrp030000-asr_E34837-000_NotesRegardingCurrentPortionOfNonCurrentLiabilitiesDetailsTextBlock_label_1" xlink:arcrole="http://www.xbrl.org/2003/arcrole/concept-label" order="1" />
    <link:labelArc xlink:type="arc" xlink:from="jpcrp030000-asr_E34837-000_NotesRegardingCurrentPortionOfNonCurrentLiabilitiesDetailsTextBlock" xlink:to="jpcrp030000-asr_E34837-000_NotesRegardingCurrentPortionOfNonCurrentLiabilitiesDetailsTextBlock_label" xlink:arcrole="http://www.xbrl.org/2003/arcrole/concept-label" order="1" />
    <link:labelArc xlink:type="arc" xlink:from="jpcrp030000-asr_E34837-000_OverseasPowerGenerationBusinessReportableSegmentMember" xlink:to="jpcrp030000-asr_E34837-000_OverseasPowerGenerationBusinessReportableSegmentMember_label_1" xlink:arcrole="http://www.xbrl.org/2003/arcrole/concept-label" order="1" />
    <link:labelArc xlink:type="arc" xlink:from="jpcrp030000-asr_E34837-000_OverseasPowerGenerationBusinessReportableSegmentMember" xlink:to="jpcrp030000-asr_E34837-000_OverseasPowerGenerationBusinessReportableSegmentMember_label" xlink:arcrole="http://www.xbrl.org/2003/arcrole/concept-label" order="1" />
    <link:labelArc xlink:type="arc" xlink:from="jpcrp030000-asr_E34837-000_ProvisionOfReserveForResourcePriceFluctuations" xlink:to="jpcrp030000-asr_E34837-000_ProvisionOfReserveForResourcePriceFluctuations_label_1" xlink:arcrole="http://www.xbrl.org/2003/arcrole/concept-label" order="1" />
    <link:labelArc xlink:type="arc" xlink:from="jpcrp030000-asr_E34837-000_ProvisionOfReserveForResourcePriceFluctuations" xlink:to="jpcrp030000-asr_E34837-000_ProvisionOfReserveForResourcePriceFluctuations_label" xlink:arcrole="http://www.xbrl.org/2003/arcrole/concept-label" order="1" />
    <link:labelArc xlink:type="arc" xlink:from="jpcrp030000-asr_E34837-000_ReserveForResourcePriceFluctuationsMember" xlink:to="jpcrp030000-asr_E34837-000_ReserveForResourcePriceFluctuationsMember_label_1" xlink:arcrole="http://www.xbrl.org/2003/arcrole/concept-label" order="1" />
    <link:labelArc xlink:type="arc" xlink:from="jpcrp030000-asr_E34837-000_ReserveForResourcePriceFluctuationsMember" xlink:to="jpcrp030000-asr_E34837-000_ReserveForResourcePriceFluctuationsMember_label" xlink:arcrole="http://www.xbrl.org/2003/arcrole/concept-label" order="1" />
    <link:labelArc xlink:type="arc" xlink:from="jpcrp030000-asr_E34837-000_ReserveForResourcePriceFluctuationsORE" xlink:to="jpcrp030000-asr_E34837-000_ReserveForResourcePriceFluctuationsORE_label_1" xlink:arcrole="http://www.xbrl.org/2003/arcrole/concept-label" order="1" />
    <link:labelArc xlink:type="arc" xlink:from="jpcrp030000-asr_E34837-000_ReserveForResourcePriceFluctuationsORE" xlink:to="jpcrp030000-asr_E34837-000_ReserveForResourcePriceFluctuationsORE_label" xlink:arcrole="http://www.xbrl.org/2003/arcrole/concept-label" order="1" />
    <link:labelArc xlink:type="arc" xlink:from="jpcrp030000-asr_E34837-000_VariousExpensesSGA" xlink:to="jpcrp030000-asr_E34837-000_VariousExpensesSGA_label_1" xlink:arcrole="http://www.xbrl.org/2003/arcrole/concept-label" order="1" />
    <link:labelArc xlink:type="arc" xlink:from="jpcrp030000-asr_E34837-000_VariousExpensesSGA" xlink:to="jpcrp030000-asr_E34837-000_VariousExpensesSGA_label" xlink:arcrole="http://www.xbrl.org/2003/arcrole/concept-label" order="1" />
    <link:labelArc xlink:type="arc" xlink:from="jppfs_cor_DecreaseIncreaseInInventoriesOpeCF" xlink:to="jppfs_cor_DecreaseIncreaseInInventoriesOpeCF_label_1" xlink:arcrole="http://www.xbrl.org/2003/arcrole/concept-label" order="1" />
    <link:labelArc xlink:type="arc" xlink:from="jppfs_cor_DecreaseIncreaseInInventoriesOpeCF" xlink:to="jppfs_cor_DecreaseIncreaseInInventoriesOpeCF_label" xlink:arcrole="http://www.xbrl.org/2003/arcrole/concept-label" order="1" />
    <link:labelArc xlink:type="arc" xlink:from="jppfs_cor_Inventories" xlink:to="jppfs_cor_Inventories_label_1" xlink:arcrole="http://www.xbrl.org/2003/arcrole/concept-label" order="1" />
    <link:labelArc xlink:type="arc" xlink:from="jppfs_cor_Inventories" xlink:to="jppfs_cor_Inventories_label" xlink:arcrole="http://www.xbrl.org/2003/arcrole/concept-label" order="1" />
  </link:labelLink>
</link:linkbase>