﻿<?xml version="1.0" encoding="utf-8"?>
<!-- Edited with FutureStage XBRL Solution Library .NET 01-11 -->
<link:linkbase xmlns:xlink="http://www.w3.org/1999/xlink" xmlns:xsi="http://www.w3.org/2001/XMLSchema-instance" xmlns:link="http://www.xbrl.org/2003/linkbase">
  <link:roleRef xlink:type="simple" xlink:href="http://disclosure.edinet-fsa.go.jp/taxonomy/jppfs/2020-11-01/jppfs_rt_2020-11-01.xsd#rol_ConsolidatedLabel" roleURI="http://disclosure.edinet-fsa.go.jp/jppfs/Consolidated/role/label" />
  <link:roleRef xlink:type="simple" xlink:href="http://disclosure.edinet-fsa.go.jp/taxonomy/jppfs/2020-11-01/jppfs_rt_2020-11-01.xsd#rol_NonConsolidatedLabel" roleURI="http://disclosure.edinet-fsa.go.jp/jppfs/NonConsolidated/role/label" />
  <link:labelLink xlink:type="extended" xlink:role="http://www.xbrl.org/2003/role/link">
    <link:label xml:lang="en" xlink:type="resource" xlink:label="jpcrp030000-asr_E34837-000_ConsignmentCostSGA_label" xlink:role="http://www.xbrl.org/2003/role/label">Consignment cost</link:label>
    <link:label xml:lang="en" xlink:type="resource" xlink:label="jpcrp030000-asr_E34837-000_ConsignmentCostSGA_label_1" xlink:role="http://www.xbrl.org/2003/role/verboseLabel">Consignment cost-SGA</link:label>
    <link:label xml:lang="en" xlink:type="resource" xlink:label="jpcrp030000-asr_E34837-000_DividendIncome_label" xlink:role="http://www.xbrl.org/2003/role/label">Dividend income</link:label>
    <link:label xml:lang="en" xlink:type="resource" xlink:label="jpcrp030000-asr_E34837-000_DividendIncome_label_1" xlink:role="http://www.xbrl.org/2003/role/verboseLabel">Dividend income</link:label>
    <link:label xml:lang="en" xlink:type="resource" xlink:label="jpcrp030000-asr_E34837-000_DomesticThermalPowerGenerationAndGasSupplyBusinessReportableSegmentMember_label" xlink:role="http://www.xbrl.org/2003/role/label">Domestic Thermal Power Generation And Gas Supply Business</link:label>
    <link:label xml:lang="en" xlink:type="resource" xlink:label="jpcrp030000-asr_E34837-000_DomesticThermalPowerGenerationAndGasSupplyBusinessReportableSegmentMember_label_1" xlink:role="http://www.xbrl.org/2003/role/verboseLabel">Domestic Thermal Power Generation And Gas Supply Business, Reportable segment [member]</link:label>
    <link:label xml:lang="en" xlink:type="resource" xlink:label="jpcrp030000-asr_E34837-000_FuelBusinessReportableSegmentMember_label" xlink:role="http://www.xbrl.org/2003/role/label">Fuel Business</link:label>
    <link:label xml:lang="en" xlink:type="resource" xlink:label="jpcrp030000-asr_E34837-000_FuelBusinessReportableSegmentMember_label_1" xlink:role="http://www.xbrl.org/2003/role/verboseLabel">Fuel Business, Reportable segment [member]</link:label>
    <link:label xml:lang="en" xlink:type="resource" xlink:label="jpcrp030000-asr_E34837-000_ImpairmentLossNOEELE_label" xlink:role="http://www.xbrl.org/2003/role/label">Impairment loss</link:label>
    <link:label xml:lang="en" xlink:type="resource" xlink:label="jpcrp030000-asr_E34837-000_ImpairmentLossNOEELE_label_1" xlink:role="http://www.xbrl.org/2003/role/verboseLabel">Impairment loss-NOE-ELE</link:label>
    <link:label xml:lang="en" xlink:type="resource" xlink:label="jpcrp030000-asr_E34837-000_IncreaseInCashAndCashEquivalentsResultingFromAbsorptionCF_label" xlink:role="http://www.xbrl.org/2003/role/label">Increase in cash and cash equivalents resulting from absorption</link:label>
    <link:label xml:lang="en" xlink:type="resource" xlink:label="jpcrp030000-asr_E34837-000_IncreaseInCashAndCashEquivalentsResultingFromAbsorptionCF_label_1" xlink:role="http://www.xbrl.org/2003/role/verboseLabel">Increase in cash and cash equivalents resulting from absorption-CF</link:label>
    <link:label xml:lang="en" xlink:type="resource" xlink:label="jpcrp030000-asr_E34837-000_NotesRegardingAmountOfNonCurrentAssetsInIncidentalBusinessesTextBlock_label" xlink:role="http://www.xbrl.org/2003/role/label">Notes regarding amount of non-current assets in incidental businesses</link:label>
    <link:label xml:lang="en" xlink:type="resource" xlink:label="jpcrp030000-asr_E34837-000_NotesRegardingAmountOfNonCurrentAssetsInIncidentalBusinessesTextBlock_label_1" xlink:role="http://www.xbrl.org/2003/role/verboseLabel">Notes regarding amount of non-current assets in incidental businesses [text block]</link:label>
    <link:label xml:lang="en" xlink:type="resource" xlink:label="jpcrp030000-asr_E34837-000_NotesRegardingComponentsOfAccruedTaxesTextBlock_label" xlink:role="http://www.xbrl.org/2003/role/label">Notes regarding components of accrued taxes</link:label>
    <link:label xml:lang="en" xlink:type="resource" xlink:label="jpcrp030000-asr_E34837-000_NotesRegardingComponentsOfAccruedTaxesTextBlock_label_1" xlink:role="http://www.xbrl.org/2003/role/verboseLabel">Notes regarding components of accrued taxes [text block]</link:label>
    <link:label xml:lang="en" xlink:type="resource" xlink:label="jpcrp030000-asr_E34837-000_NotesRegardingCurrentPortionOfNonCurrentLiabilitiesDetailsTextBlock_label" xlink:role="http://www.xbrl.org/2003/role/label">Notes regarding current portion of non-current liabilities details</link:label>
    <link:label xml:lang="en" xlink:type="resource" xlink:label="jpcrp030000-asr_E34837-000_NotesRegardingCurrentPortionOfNonCurrentLiabilitiesDetailsTextBlock_label_1" xlink:role="http://www.xbrl.org/2003/role/verboseLabel">Notes regarding current portion of non-current liabilities details [text block]</link:label>
    <link:label xml:lang="en" xlink:type="resource" xlink:label="jpcrp030000-asr_E34837-000_OverseasPowerGenerationBusinessReportableSegmentMember_label" xlink:role="http://www.xbrl.org/2003/role/label">Overseas Power Generation Business</link:label>
    <link:label xml:lang="en" xlink:type="resource" xlink:label="jpcrp030000-asr_E34837-000_OverseasPowerGenerationBusinessReportableSegmentMember_label_1" xlink:role="http://www.xbrl.org/2003/role/verboseLabel">Overseas Power Generation Business, Reportable segment [member]</link:label>
    <link:label xml:lang="en" xlink:type="resource" xlink:label="jpcrp030000-asr_E34837-000_ProvisionOfReserveForResourcePriceFluctuations_label" xlink:role="http://www.xbrl.org/2003/role/label">Provision of reserve for resource price fluctuations</link:label>
    <link:label xml:lang="en" xlink:type="resource" xlink:label="jpcrp030000-asr_E34837-000_ProvisionOfReserveForResourcePriceFluctuations_label_1" xlink:role="http://www.xbrl.org/2003/role/verboseLabel">Provision of reserve for resource price fluctuations</link:label>
    <link:label xml:lang="en" xlink:type="resource" xlink:label="jpcrp030000-asr_E34837-000_ReserveForResourcePriceFluctuationsMember_label" xlink:role="http://www.xbrl.org/2003/role/label">Reserve for resource price fluctuations</link:label>
    <link:label xml:lang="en" xlink:type="resource" xlink:label="jpcrp030000-asr_E34837-000_ReserveForResourcePriceFluctuationsMember_label_1" xlink:role="http://www.xbrl.org/2003/role/verboseLabel">Reserve for resource price fluctuations [member]</link:label>
    <link:label xml:lang="en" xlink:type="resource" xlink:label="jpcrp030000-asr_E34837-000_ReserveForResourcePriceFluctuationsORE_label" xlink:role="http://www.xbrl.org/2003/role/label">Reserve for resource price fluctuations</link:label>
    <link:label xml:lang="en" xlink:type="resource" xlink:label="jpcrp030000-asr_E34837-000_ReserveForResourcePriceFluctuationsORE_label_1" xlink:role="http://www.xbrl.org/2003/role/verboseLabel">Reserve for resource price fluctuations-ORE</link:label>
    <link:label xml:lang="en" xlink:type="resource" xlink:label="jpcrp030000-asr_E34837-000_VariousExpensesSGA_label" xlink:role="http://www.xbrl.org/2003/role/label">Various expenses</link:label>
    <link:label xml:lang="en" xlink:type="resource" xlink:label="jpcrp030000-asr_E34837-000_VariousExpensesSGA_label_1" xlink:role="http://www.xbrl.org/2003/role/verboseLabel">Various expenses-SGA</link:label>
    <link:label xml:lang="en" xlink:type="resource" xlink:label="jppfs_cor_DecreaseIncreaseInInventoriesOpeCF_label" xlink:role="http://disclosure.edinet-fsa.go.jp/jppfs/Consolidated/role/label">Decrease (increase) in inventories</link:label>
    <link:label xml:lang="en" xlink:type="resource" xlink:label="jppfs_cor_DecreaseIncreaseInInventoriesOpeCF_label_1" xlink:role="http://disclosure.edinet-fsa.go.jp/jppfs/NonConsolidated/role/label">Decrease (increase) in inventories</link:label>
    <link:label xml:lang="en" xlink:type="resource" xlink:label="jppfs_cor_Inventories_label" xlink:role="http://disclosure.edinet-fsa.go.jp/jppfs/Consolidated/role/label">Inventories</link:label>
    <link:label xml:lang="en" xlink:type="resource" xlink:label="jppfs_cor_Inventories_label_1" xlink:role="http://disclosure.edinet-fsa.go.jp/jppfs/NonConsolidated/role/label">Inventories</link:label>
    <link:loc xlink:type="locator" xlink:href="http://disclosure.edinet-fsa.go.jp/taxonomy/jppfs/2020-11-01/jppfs_cor_2020-11-01.xsd#jppfs_cor_DecreaseIncreaseInInventoriesOpeCF" xlink:label="jppfs_cor_DecreaseIncreaseInInventoriesOpeCF" />
    <link:loc xlink:type="locator" xlink:href="http://disclosure.edinet-fsa.go.jp/taxonomy/jppfs/2020-11-01/jppfs_cor_2020-11-01.xsd#jppfs_cor_Inventories" xlink:label="jppfs_cor_Inventories" />
    <link:loc xlink:type="locator" xlink:href="jpcrp030000-asr-001_E34837-000_2021-03-31_01_2021-06-30.xsd#jpcrp030000-asr_E34837-000_ConsignmentCostSGA" xlink:label="jpcrp030000-asr_E34837-000_ConsignmentCostSGA" />
    <link:loc xlink:type="locator" xlink:href="jpcrp030000-asr-001_E34837-000_2021-03-31_01_2021-06-30.xsd#jpcrp030000-asr_E34837-000_DividendIncome" xlink:label="jpcrp030000-asr_E34837-000_DividendIncome" />
    <link:loc xlink:type="locator" xlink:href="jpcrp030000-asr-001_E34837-000_2021-03-31_01_2021-06-30.xsd#jpcrp030000-asr_E34837-000_DomesticThermalPowerGenerationAndGasSupplyBusinessReportableSegmentMember" xlink:label="jpcrp030000-asr_E34837-000_DomesticThermalPowerGenerationAndGasSupplyBusinessReportableSegmentMember" />
    <link:loc xlink:type="locator" xlink:href="jpcrp030000-asr-001_E34837-000_2021-03-31_01_2021-06-30.xsd#jpcrp030000-asr_E34837-000_FuelBusinessReportableSegmentMember" xlink:label="jpcrp030000-asr_E34837-000_FuelBusinessReportableSegmentMember" />
    <link:loc xlink:type="locator" xlink:href="jpcrp030000-asr-001_E34837-000_2021-03-31_01_2021-06-30.xsd#jpcrp030000-asr_E34837-000_ImpairmentLossNOEELE" xlink:label="jpcrp030000-asr_E34837-000_ImpairmentLossNOEELE" />
    <link:loc xlink:type="locator" xlink:href="jpcrp030000-asr-001_E34837-000_2021-03-31_01_2021-06-30.xsd#jpcrp030000-asr_E34837-000_IncreaseInCashAndCashEquivalentsResultingFromAbsorptionCF" xlink:label="jpcrp030000-asr_E34837-000_IncreaseInCashAndCashEquivalentsResultingFromAbsorptionCF" />
    <link:loc xlink:type="locator" xlink:href="jpcrp030000-asr-001_E34837-000_2021-03-31_01_2021-06-30.xsd#jpcrp030000-asr_E34837-000_NotesRegardingAmountOfNonCurrentAssetsInIncidentalBusinessesTextBlock" xlink:label="jpcrp030000-asr_E34837-000_NotesRegardingAmountOfNonCurrentAssetsInIncidentalBusinessesTextBlock" />
    <link:loc xlink:type="locator" xlink:href="jpcrp030000-asr-001_E34837-000_2021-03-31_01_2021-06-30.xsd#jpcrp030000-asr_E34837-000_NotesRegardingComponentsOfAccruedTaxesTextBlock" xlink:label="jpcrp030000-asr_E34837-000_NotesRegardingComponentsOfAccruedTaxesTextBlock" />
    <link:loc xlink:type="locator" xlink:href="jpcrp030000-asr-001_E34837-000_2021-03-31_01_2021-06-30.xsd#jpcrp030000-asr_E34837-000_NotesRegardingCurrentPortionOfNonCurrentLiabilitiesDetailsTextBlock" xlink:label="jpcrp030000-asr_E34837-000_NotesRegardingCurrentPortionOfNonCurrentLiabilitiesDetailsTextBlock" />
    <link:loc xlink:type="locator" xlink:href="jpcrp030000-asr-001_E34837-000_2021-03-31_01_2021-06-30.xsd#jpcrp030000-asr_E34837-000_OverseasPowerGenerationBusinessReportableSegmentMember" xlink:label="jpcrp030000-asr_E34837-000_OverseasPowerGenerationBusinessReportableSegmentMember" />
    <link:loc xlink:type="locator" xlink:href="jpcrp030000-asr-001_E34837-000_2021-03-31_01_2021-06-30.xsd#jpcrp030000-asr_E34837-000_ProvisionOfReserveForResourcePriceFluctuations" xlink:label="jpcrp030000-asr_E34837-000_ProvisionOfReserveForResourcePriceFluctuations" />
    <link:loc xlink:type="locator" xlink:href="jpcrp030000-asr-001_E34837-000_2021-03-31_01_2021-06-30.xsd#jpcrp030000-asr_E34837-000_ReserveForResourcePriceFluctuationsMember" xlink:label="jpcrp030000-asr_E34837-000_ReserveForResourcePriceFluctuationsMember" />
    <link:loc xlink:type="locator" xlink:href="jpcrp030000-asr-001_E34837-000_2021-03-31_01_2021-06-30.xsd#jpcrp030000-asr_E34837-000_ReserveForResourcePriceFluctuationsORE" xlink:label="jpcrp030000-asr_E34837-000_ReserveForResourcePriceFluctuationsORE" />
    <link:loc xlink:type="locator" xlink:href="jpcrp030000-asr-001_E34837-000_2021-03-31_01_2021-06-30.xsd#jpcrp030000-asr_E34837-000_VariousExpensesSGA" xlink:label="jpcrp030000-asr_E34837-000_VariousExpensesSGA" />
    <link:labelArc xlink:type="arc" xlink:from="jpcrp030000-asr_E34837-000_ConsignmentCostSGA" xlink:to="jpcrp030000-asr_E34837-000_ConsignmentCostSGA_label_1" xlink:arcrole="http://www.xbrl.org/2003/arcrole/concept-label" order="1" />
    <link:labelArc xlink:type="arc" xlink:from="jpcrp030000-asr_E34837-000_ConsignmentCostSGA" xlink:to="jpcrp030000-asr_E34837-000_ConsignmentCostSGA_label" xlink:arcrole="http://www.xbrl.org/2003/arcrole/concept-label" order="1" />
    <link:labelArc xlink:type="arc" xlink:from="jpcrp030000-asr_E34837-000_DividendIncome" xlink:to="jpcrp030000-asr_E34837-000_DividendIncome_label_1" xlink:arcrole="http://www.xbrl.org/2003/arcrole/concept-label" order="1" />
    <link:labelArc xlink:type="arc" xlink:from="jpcrp030000-asr_E34837-000_DividendIncome" xlink:to="jpcrp030000-asr_E34837-000_DividendIncome_label" xlink:arcrole="http://www.xbrl.org/2003/arcrole/concept-label" order="1" />
    <link:labelArc xlink:type="arc" xlink:from="jpcrp030000-asr_E34837-000_DomesticThermalPowerGenerationAndGasSupplyBusinessReportableSegmentMember" xlink:to="jpcrp030000-asr_E34837-000_DomesticThermalPowerGenerationAndGasSupplyBusinessReportableSegmentMember_label_1" xlink:arcrole="http://www.xbrl.org/2003/arcrole/concept-label" order="1" />
    <link:labelArc xlink:type="arc" xlink:from="jpcrp030000-asr_E34837-000_DomesticThermalPowerGenerationAndGasSupplyBusinessReportableSegmentMember" xlink:to="jpcrp030000-asr_E34837-000_DomesticThermalPowerGenerationAndGasSupplyBusinessReportableSegmentMember_label" xlink:arcrole="http://www.xbrl.org/2003/arcrole/concept-label" order="1" />
    <link:labelArc xlink:type="arc" xlink:from="jpcrp030000-asr_E34837-000_FuelBusinessReportableSegmentMember" xlink:to="jpcrp030000-asr_E34837-000_FuelBusinessReportableSegmentMember_label_1" xlink:arcrole="http://www.xbrl.org/2003/arcrole/concept-label" order="1" />
    <link:labelArc xlink:type="arc" xlink:from="jpcrp030000-asr_E34837-000_FuelBusinessReportableSegmentMember" xlink:to="jpcrp030000-asr_E34837-000_FuelBusinessReportableSegmentMember_label" xlink:arcrole="http://www.xbrl.org/2003/arcrole/concept-label" order="1" />
    <link:labelArc xlink:type="arc" xlink:from="jpcrp030000-asr_E34837-000_ImpairmentLossNOEELE" xlink:to="jpcrp030000-asr_E34837-000_ImpairmentLossNOEELE_label_1" xlink:arcrole="http://www.xbrl.org/2003/arcrole/concept-label" order="1" />
    <link:labelArc xlink:type="arc" xlink:from="jpcrp030000-asr_E34837-000_ImpairmentLossNOEELE" xlink:to="jpcrp030000-asr_E34837-000_ImpairmentLossNOEELE_label" xlink:arcrole="http://www.xbrl.org/2003/arcrole/concept-label" order="1" />
    <link:labelArc xlink:type="arc" xlink:from="jpcrp030000-asr_E34837-000_IncreaseInCashAndCashEquivalentsResultingFromAbsorptionCF" xlink:to="jpcrp030000-asr_E34837-000_IncreaseInCashAndCashEquivalentsResultingFromAbsorptionCF_label_1" xlink:arcrole="http://www.xbrl.org/2003/arcrole/concept-label" order="1" />
    <link:labelArc xlink:type="arc" xlink:from="jpcrp030000-asr_E34837-000_IncreaseInCashAndCashEquivalentsResultingFromAbsorptionCF" xlink:to="jpcrp030000-asr_E34837-000_IncreaseInCashAndCashEquivalentsResultingFromAbsorptionCF_label" xlink:arcrole="http://www.xbrl.org/2003/arcrole/concept-label" order="1" />
    <link:labelArc xlink:type="arc" xlink:from="jpcrp030000-asr_E34837-000_NotesRegardingAmountOfNonCurrentAssetsInIncidentalBusinessesTextBlock" xlink:to="jpcrp030000-asr_E34837-000_NotesRegardingAmountOfNonCurrentAssetsInIncidentalBusinessesTextBlock_label_1" xlink:arcrole="http://www.xbrl.org/2003/arcrole/concept-label" order="1" />
    <link:labelArc xlink:type="arc" xlink:from="jpcrp030000-asr_E34837-000_NotesRegardingAmountOfNonCurrentAssetsInIncidentalBusinessesTextBlock" xlink:to="jpcrp030000-asr_E34837-000_NotesRegardingAmountOfNonCurrentAssetsInIncidentalBusinessesTextBlock_label" xlink:arcrole="http://www.xbrl.org/2003/arcrole/concept-label" order="1" />
    <link:labelArc xlink:type="arc" xlink:from="jpcrp030000-asr_E34837-000_NotesRegardingComponentsOfAccruedTaxesTextBlock" xlink:to="jpcrp030000-asr_E34837-000_NotesRegardingComponentsOfAccruedTaxesTextBlock_label_1" xlink:arcrole="http://www.xbrl.org/2003/arcrole/concept-label" order="1" />
    <link:labelArc xlink:type="arc" xlink:from="jpcrp030000-asr_E34837-000_NotesRegardingComponentsOfAccruedTaxesTextBlock" xlink:to="jpcrp030000-asr_E34837-000_NotesRegardingComponentsOfAccruedTaxesTextBlock_label" xlink:arcrole="http://www.xbrl.org/2003/arcrole/concept-label" order="1" />
    <link:labelArc xlink:type="arc" xlink:from="jpcrp030000-asr_E34837-000_NotesRegardingCurrentPortionOfNonCurrentLiabilitiesDetailsTextBlock" xlink:to="jpcrp030000-asr_E34837-000_NotesRegardingCurrentPortionOfNonCurrentLiabilitiesDetailsTextBlock_label_1" xlink:arcrole="http://www.xbrl.org/2003/arcrole/concept-label" order="1" />
    <link:labelArc xlink:type="arc" xlink:from="jpcrp030000-asr_E34837-000_NotesRegardingCurrentPortionOfNonCurrentLiabilitiesDetailsTextBlock" xlink:to="jpcrp030000-asr_E34837-000_NotesRegardingCurrentPortionOfNonCurrentLiabilitiesDetailsTextBlock_label" xlink:arcrole="http://www.xbrl.org/2003/arcrole/concept-label" order="1" />
    <link:labelArc xlink:type="arc" xlink:from="jpcrp030000-asr_E34837-000_OverseasPowerGenerationBusinessReportableSegmentMember" xlink:to="jpcrp030000-asr_E34837-000_OverseasPowerGenerationBusinessReportableSegmentMember_label_1" xlink:arcrole="http://www.xbrl.org/2003/arcrole/concept-label" order="1" />
    <link:labelArc xlink:type="arc" xlink:from="jpcrp030000-asr_E34837-000_OverseasPowerGenerationBusinessReportableSegmentMember" xlink:to="jpcrp030000-asr_E34837-000_OverseasPowerGenerationBusinessReportableSegmentMember_label" xlink:arcrole="http://www.xbrl.org/2003/arcrole/concept-label" order="1" />
    <link:labelArc xlink:type="arc" xlink:from="jpcrp030000-asr_E34837-000_ProvisionOfReserveForResourcePriceFluctuations" xlink:to="jpcrp030000-asr_E34837-000_ProvisionOfReserveForResourcePriceFluctuations_label_1" xlink:arcrole="http://www.xbrl.org/2003/arcrole/concept-label" order="1" />
    <link:labelArc xlink:type="arc" xlink:from="jpcrp030000-asr_E34837-000_ProvisionOfReserveForResourcePriceFluctuations" xlink:to="jpcrp030000-asr_E34837-000_ProvisionOfReserveForResourcePriceFluctuations_label" xlink:arcrole="http://www.xbrl.org/2003/arcrole/concept-label" order="1" />
    <link:labelArc xlink:type="arc" xlink:from="jpcrp030000-asr_E34837-000_ReserveForResourcePriceFluctuationsMember" xlink:to="jpcrp030000-asr_E34837-000_ReserveForResourcePriceFluctuationsMember_label_1" xlink:arcrole="http://www.xbrl.org/2003/arcrole/concept-label" order="1" />
    <link:labelArc xlink:type="arc" xlink:from="jpcrp030000-asr_E34837-000_ReserveForResourcePriceFluctuationsMember" xlink:to="jpcrp030000-asr_E34837-000_ReserveForResourcePriceFluctuationsMember_label" xlink:arcrole="http://www.xbrl.org/2003/arcrole/concept-label" order="1" />
    <link:labelArc xlink:type="arc" xlink:from="jpcrp030000-asr_E34837-000_ReserveForResourcePriceFluctuationsORE" xlink:to="jpcrp030000-asr_E34837-000_ReserveForResourcePriceFluctuationsORE_label_1" xlink:arcrole="http://www.xbrl.org/2003/arcrole/concept-label" order="1" />
    <link:labelArc xlink:type="arc" xlink:from="jpcrp030000-asr_E34837-000_ReserveForResourcePriceFluctuationsORE" xlink:to="jpcrp030000-asr_E34837-000_ReserveForResourcePriceFluctuationsORE_label" xlink:arcrole="http://www.xbrl.org/2003/arcrole/concept-label" order="1" />
    <link:labelArc xlink:type="arc" xlink:from="jpcrp030000-asr_E34837-000_VariousExpensesSGA" xlink:to="jpcrp030000-asr_E34837-000_VariousExpensesSGA_label_1" xlink:arcrole="http://www.xbrl.org/2003/arcrole/concept-label" order="1" />
    <link:labelArc xlink:type="arc" xlink:from="jpcrp030000-asr_E34837-000_VariousExpensesSGA" xlink:to="jpcrp030000-asr_E34837-000_VariousExpensesSGA_label" xlink:arcrole="http://www.xbrl.org/2003/arcrole/concept-label" order="1" />
    <link:labelArc xlink:type="arc" xlink:from="jppfs_cor_DecreaseIncreaseInInventoriesOpeCF" xlink:to="jppfs_cor_DecreaseIncreaseInInventoriesOpeCF_label_1" xlink:arcrole="http://www.xbrl.org/2003/arcrole/concept-label" order="1" />
    <link:labelArc xlink:type="arc" xlink:from="jppfs_cor_DecreaseIncreaseInInventoriesOpeCF" xlink:to="jppfs_cor_DecreaseIncreaseInInventoriesOpeCF_label" xlink:arcrole="http://www.xbrl.org/2003/arcrole/concept-label" order="1" />
    <link:labelArc xlink:type="arc" xlink:from="jppfs_cor_Inventories" xlink:to="jppfs_cor_Inventories_label_1" xlink:arcrole="http://www.xbrl.org/2003/arcrole/concept-label" order="1" />
    <link:labelArc xlink:type="arc" xlink:from="jppfs_cor_Inventories" xlink:to="jppfs_cor_Inventories_label" xlink:arcrole="http://www.xbrl.org/2003/arcrole/concept-label" order="1" />
  </link:labelLink>
</link:linkbase>