﻿<?xml version="1.0" encoding="utf-8"?>
<!-- XBRL Document Created with WizLabo Platform -->
<link:linkbase xmlns:xlink="http://www.w3.org/1999/xlink" xmlns:xsi="http://www.w3.org/2001/XMLSchema-instance" xmlns:link="http://www.xbrl.org/2003/linkbase">
  <link:roleRef xlink:type="simple" xlink:href="http://disclosure.edinet-fsa.go.jp/taxonomy/jpcrp/2024-11-01/jpcrp_rt_2024-11-01.xsd#rol_altLabel" roleURI="http://disclosure.edinet-fsa.go.jp/jpcrp/alt/role/label" />
  <link:roleRef xlink:type="simple" xlink:href="http://disclosure.edinet-fsa.go.jp/taxonomy/jpcrp/2024-11-01/jpcrp_rt_2024-11-01.xsd#rol_altTotalLabel" roleURI="http://disclosure.edinet-fsa.go.jp/jpcrp/alt/role/totalLabel" />
  <link:roleRef xlink:type="simple" xlink:href="http://disclosure.edinet-fsa.go.jp/taxonomy/jppfs/2024-11-01/jppfs_rt_2024-11-01.xsd#rol_CTELabel" roleURI="http://disclosure.edinet-fsa.go.jp/jppfs/cte/role/label" />
  <link:labelLink xlink:type="extended" xlink:role="http://www.xbrl.org/2003/role/link">
    <link:label xml:lang="en" xlink:type="resource" xlink:label="jpcrp030000-asr_E34837-000_AmountOfNonFinancialAssetsReclassifiedToAcquisitionCostSSIFRS_label" xlink:role="http://www.xbrl.org/2003/role/label">Amount of non-financial assets reclassified to acquisition cost</link:label>
    <link:label xml:lang="en" xlink:type="resource" xlink:label="jpcrp030000-asr_E34837-000_AmountOfNonFinancialAssetsReclassifiedToAcquisitionCostSSIFRS_label_1" xlink:role="http://www.xbrl.org/2003/role/verboseLabel">Amount of non-financial assets reclassified to acquisition cost-SS (IFRS)</link:label>
    <link:label xml:lang="en" xlink:type="resource" xlink:label="jpcrp030000-asr_E34837-000_AmountsRecognizedInOtherComprehensiveIncomeAndAccumulatedInEquityRelatingToAssetsHeldForSaleIFRS_label" xlink:role="http://www.xbrl.org/2003/role/label">Amounts recognized in other comprehensive income and accumulated in equity relating to assets held for sale</link:label>
    <link:label xml:lang="en" xlink:type="resource" xlink:label="jpcrp030000-asr_E34837-000_AmountsRecognizedInOtherComprehensiveIncomeAndAccumulatedInEquityRelatingToAssetsHeldForSaleIFRS_label_1" xlink:role="http://www.xbrl.org/2003/role/verboseLabel">Amounts recognized in other comprehensive income and accumulated in equity relating to assets held for sale (IFRS)</link:label>
    <link:label xml:lang="en" xlink:type="resource" xlink:label="jpcrp030000-asr_E34837-000_AmountsRecognizedInOtherComprehensiveIncomeAndAccumulatedInEquityRelatingToAssetsHeldForSaleIFRSMember_label" xlink:role="http://www.xbrl.org/2003/role/label">Amounts recognized in other comprehensive income and accumulated in equity relating to assets held for sale</link:label>
    <link:label xml:lang="en" xlink:type="resource" xlink:label="jpcrp030000-asr_E34837-000_AmountsRecognizedInOtherComprehensiveIncomeAndAccumulatedInEquityRelatingToAssetsHeldForSaleIFRSMember_label_1" xlink:role="http://www.xbrl.org/2003/role/verboseLabel">Amounts recognized in other comprehensive income and accumulated in equity relating to assets held for sale (IFRS) [member]</link:label>
    <link:label xml:lang="en" xlink:type="resource" xlink:label="jpcrp030000-asr_E34837-000_CapitalIncreaseOfConsolidatedSubsidiariesIFRS_label" xlink:role="http://www.xbrl.org/2003/role/label">Capital increase of consolidated subsidiaries</link:label>
    <link:label xml:lang="en" xlink:type="resource" xlink:label="jpcrp030000-asr_E34837-000_CapitalIncreaseOfConsolidatedSubsidiariesIFRS_label_1" xlink:role="http://www.xbrl.org/2003/role/verboseLabel">Capital increase of consolidated subsidiaries (IFRS)</link:label>
    <link:label xml:lang="en" xlink:type="resource" xlink:label="jpcrp030000-asr_E34837-000_ChangesDueToPutOptionsSoldByNonControllingInterestsIFRS_label" xlink:role="http://www.xbrl.org/2003/role/label">Changes due to put options sold by non-controlling interests</link:label>
    <link:label xml:lang="en" xlink:type="resource" xlink:label="jpcrp030000-asr_E34837-000_ChangesDueToPutOptionsSoldByNonControllingInterestsIFRS_label_1" xlink:role="http://www.xbrl.org/2003/role/verboseLabel">Changes due to put options sold by non-controlling interests (IFRS)</link:label>
    <link:label xml:lang="en" xlink:type="resource" xlink:label="jpcrp030000-asr_E34837-000_ChangesInOwnershipInterestInSubsidiariesIFRS_label" xlink:role="http://www.xbrl.org/2003/role/label">Changes in ownership interest in subsidiaries</link:label>
    <link:label xml:lang="en" xlink:type="resource" xlink:label="jpcrp030000-asr_E34837-000_ChangesInOwnershipInterestInSubsidiariesIFRS_label_1" xlink:role="http://www.xbrl.org/2003/role/verboseLabel">Changes in ownership interest in subsidiaries (IFRS)</link:label>
    <link:label xml:lang="en" xlink:type="resource" xlink:label="jpcrp030000-asr_E34837-000_DistributionToOwnersOfOtherEquityInstrumentsFinCFIFRS_label" xlink:role="http://www.xbrl.org/2003/role/label">Distribution to owners of other equity instruments</link:label>
    <link:label xml:lang="en" xlink:type="resource" xlink:label="jpcrp030000-asr_E34837-000_DistributionToOwnersOfOtherEquityInstrumentsFinCFIFRS_label_1" xlink:role="http://www.xbrl.org/2003/role/verboseLabel">Distribution to owners of other equity instruments-FinCF (IFRS)</link:label>
    <link:label xml:lang="en" xlink:type="resource" xlink:label="jpcrp030000-asr_E34837-000_DistributionToOwnersOfOtherEquityInstrumentsIFRS_label" xlink:role="http://www.xbrl.org/2003/role/label">Distribution to owners of other equity instruments</link:label>
    <link:label xml:lang="en" xlink:type="resource" xlink:label="jpcrp030000-asr_E34837-000_DistributionToOwnersOfOtherEquityInstrumentsIFRS_label_1" xlink:role="http://www.xbrl.org/2003/role/verboseLabel">Distribution to owners of other equity instruments (IFRS)</link:label>
    <link:label xml:lang="en" xlink:type="resource" xlink:label="jpcrp030000-asr_E34837-000_DomesticThermalPowerGenerationAndGasSupplyBusinessReportableSegmentMember_label" xlink:role="http://www.xbrl.org/2003/role/label">Domestic Thermal Power Generation And Gas Supply Business</link:label>
    <link:label xml:lang="en" xlink:type="resource" xlink:label="jpcrp030000-asr_E34837-000_DomesticThermalPowerGenerationAndGasSupplyBusinessReportableSegmentMember_label_1" xlink:role="http://www.xbrl.org/2003/role/verboseLabel">Domestic Thermal Power Generation And Gas Supply Business, Reportable segment [member]</link:label>
    <link:label xml:lang="en" xlink:type="resource" xlink:label="jpcrp030000-asr_E34837-000_FuelBusinessReportableSegmentMember_label" xlink:role="http://www.xbrl.org/2003/role/label">Fuel Business</link:label>
    <link:label xml:lang="en" xlink:type="resource" xlink:label="jpcrp030000-asr_E34837-000_FuelBusinessReportableSegmentMember_label_1" xlink:role="http://www.xbrl.org/2003/role/verboseLabel">Fuel Business, Reportable segment [member]</link:label>
    <link:label xml:lang="en" xlink:type="resource" xlink:label="jpcrp030000-asr_E34837-000_IncreaseDecreaseInAccruedConsumptionTaxesOpeCFIFRS_label" xlink:role="http://www.xbrl.org/2003/role/label">Increase (decrease) in accrued consumption taxes</link:label>
    <link:label xml:lang="en" xlink:type="resource" xlink:label="jpcrp030000-asr_E34837-000_IncreaseDecreaseInAccruedConsumptionTaxesOpeCFIFRS_label_1" xlink:role="http://www.xbrl.org/2003/role/verboseLabel">Increase (decrease) in accrued consumption taxes-OpeCF (IFRS)</link:label>
    <link:label xml:lang="en" xlink:type="resource" xlink:label="jpcrp030000-asr_E34837-000_IncreaseDecreaseInDerivativeAssetsOrLiabilitiesOpeCFIFRS_label" xlink:role="http://www.xbrl.org/2003/role/label">Increase (decrease) in derivative assets or liabilities</link:label>
    <link:label xml:lang="en" xlink:type="resource" xlink:label="jpcrp030000-asr_E34837-000_IncreaseDecreaseInDerivativeAssetsOrLiabilitiesOpeCFIFRS_label_1" xlink:role="http://www.xbrl.org/2003/role/verboseLabel">Increase (decrease) in derivative assets or liabilities-OpeCF (IFRS)</link:label>
    <link:label xml:lang="en" xlink:type="resource" xlink:label="jpcrp030000-asr_E34837-000_IncreaseDecreaseInOtherFinancialAssetsOpeCFIFRS_label" xlink:role="http://www.xbrl.org/2003/role/label">(Increase) decrease in other financial assets</link:label>
    <link:label xml:lang="en" xlink:type="resource" xlink:label="jpcrp030000-asr_E34837-000_IncreaseDecreaseInOtherFinancialAssetsOpeCFIFRS_label_1" xlink:role="http://www.xbrl.org/2003/role/verboseLabel">(Increase) decrease in other financial assets-OpeCF (IFRS)</link:label>
    <link:label xml:lang="en" xlink:type="resource" xlink:label="jpcrp030000-asr_E34837-000_IncreaseDecreaseInOtherFinancialLiabilitiesOpeCFIFRS_label" xlink:role="http://www.xbrl.org/2003/role/label">Increase (decrease) in other financial liabilities</link:label>
    <link:label xml:lang="en" xlink:type="resource" xlink:label="jpcrp030000-asr_E34837-000_IncreaseDecreaseInOtherFinancialLiabilitiesOpeCFIFRS_label_1" xlink:role="http://www.xbrl.org/2003/role/verboseLabel">Increase (decrease) in other financial liabilities-OpeCF (IFRS)</link:label>
    <link:label xml:lang="en" xlink:type="resource" xlink:label="jpcrp030000-asr_E34837-000_NetIncreaseDecreaseInCommercialPaperFinCFIFRS_label" xlink:role="http://www.xbrl.org/2003/role/label">Net increase (decrease) in commercial paper</link:label>
    <link:label xml:lang="en" xlink:type="resource" xlink:label="jpcrp030000-asr_E34837-000_NetIncreaseDecreaseInCommercialPaperFinCFIFRS_label_1" xlink:role="http://www.xbrl.org/2003/role/verboseLabel">Net increase (decrease) in commercial paper-FinCF (IFRS)</link:label>
    <link:label xml:lang="en" xlink:type="resource" xlink:label="jpcrp030000-asr_E34837-000_NotesAdditionalInformationConsolidatedFinancialStatementsIFRSHeading_label" xlink:role="http://www.xbrl.org/2003/role/label">Notes - Additional information</link:label>
    <link:label xml:lang="en" xlink:type="resource" xlink:label="jpcrp030000-asr_E34837-000_NotesAdditionalInformationConsolidatedFinancialStatementsIFRSHeading_label_1" xlink:role="http://www.xbrl.org/2003/role/verboseLabel">Notes - Additional information, Consolidated financial statements (IFRS) [heading]</link:label>
    <link:label xml:lang="en" xlink:type="resource" xlink:label="jpcrp030000-asr_E34837-000_NotesAdditionalInformationConsolidatedFinancialStatementsIFRSTextBlock_label" xlink:role="http://www.xbrl.org/2003/role/label">Notes - Additional information</link:label>
    <link:label xml:lang="en" xlink:type="resource" xlink:label="jpcrp030000-asr_E34837-000_NotesAdditionalInformationConsolidatedFinancialStatementsIFRSTextBlock_label_1" xlink:role="http://www.xbrl.org/2003/role/verboseLabel">Notes - Additional information, Consolidated financial statements (IFRS) [text block]</link:label>
    <link:label xml:lang="en" xlink:type="resource" xlink:label="jpcrp030000-asr_E34837-000_NotesFairValueMeasurementConsolidatedFinancialStatementsIFRSHeading_label" xlink:role="http://www.xbrl.org/2003/role/label">Notes - Fair value measurement</link:label>
    <link:label xml:lang="en" xlink:type="resource" xlink:label="jpcrp030000-asr_E34837-000_NotesFairValueMeasurementConsolidatedFinancialStatementsIFRSHeading_label_1" xlink:role="http://www.xbrl.org/2003/role/verboseLabel">Notes - Fair value measurement, Consolidated financial statements (IFRS) [heading]</link:label>
    <link:label xml:lang="en" xlink:type="resource" xlink:label="jpcrp030000-asr_E34837-000_NotesFairValueMeasurementConsolidatedFinancialStatementsIFRSTextBlock_label" xlink:role="http://www.xbrl.org/2003/role/label">Notes - Fair value measurement</link:label>
    <link:label xml:lang="en" xlink:type="resource" xlink:label="jpcrp030000-asr_E34837-000_NotesFairValueMeasurementConsolidatedFinancialStatementsIFRSTextBlock_label_1" xlink:role="http://www.xbrl.org/2003/role/verboseLabel">Notes - Fair value measurement, Consolidated financial statements (IFRS) [text block]</link:label>
    <link:label xml:lang="en" xlink:type="resource" xlink:label="jpcrp030000-asr_E34837-000_NotesRegardingAmountOfNonCurrentAssetsInIncidentalBusinessesTextBlock_label" xlink:role="http://www.xbrl.org/2003/role/label">Notes regarding amount of non-current assets in incidental businesses</link:label>
    <link:label xml:lang="en" xlink:type="resource" xlink:label="jpcrp030000-asr_E34837-000_NotesRegardingAmountOfNonCurrentAssetsInIncidentalBusinessesTextBlock_label_1" xlink:role="http://www.xbrl.org/2003/role/verboseLabel">Notes regarding amount of non-current assets in incidental businesses [text block]</link:label>
    <link:label xml:lang="en" xlink:type="resource" xlink:label="jpcrp030000-asr_E34837-000_NotesRegardingComponentsOfAccruedTaxesTextBlock_label" xlink:role="http://www.xbrl.org/2003/role/label">Notes regarding components of accrued taxes</link:label>
    <link:label xml:lang="en" xlink:type="resource" xlink:label="jpcrp030000-asr_E34837-000_NotesRegardingComponentsOfAccruedTaxesTextBlock_label_1" xlink:role="http://www.xbrl.org/2003/role/verboseLabel">Notes regarding components of accrued taxes [text block]</link:label>
    <link:label xml:lang="en" xlink:type="resource" xlink:label="jpcrp030000-asr_E34837-000_NotesRegardingCurrentPortionOfNonCurrentLiabilitiesDetailsTextBlock_label" xlink:role="http://www.xbrl.org/2003/role/label">Notes regarding current portion of non-current liabilities details</link:label>
    <link:label xml:lang="en" xlink:type="resource" xlink:label="jpcrp030000-asr_E34837-000_NotesRegardingCurrentPortionOfNonCurrentLiabilitiesDetailsTextBlock_label_1" xlink:role="http://www.xbrl.org/2003/role/verboseLabel">Notes regarding current portion of non-current liabilities details [text block]</link:label>
    <link:label xml:lang="en" xlink:type="resource" xlink:label="jpcrp030000-asr_E34837-000_NumberOfEmployeesIFRSSummaryOfBusinessResults_label" xlink:role="http://www.xbrl.org/2003/role/label">Number of employees (IFRS)</link:label>
    <link:label xml:lang="en" xlink:type="resource" xlink:label="jpcrp030000-asr_E34837-000_NumberOfEmployeesIFRSSummaryOfBusinessResults_label_1" xlink:role="http://www.xbrl.org/2003/role/verboseLabel">Number of employees (IFRS), Summary of business results</link:label>
    <link:label xml:lang="en" xlink:type="resource" xlink:label="jpcrp030000-asr_E34837-000_OtherAssetItemsIFRSAbstract_label" xlink:role="http://www.xbrl.org/2003/role/label">Other asset items</link:label>
    <link:label xml:lang="en" xlink:type="resource" xlink:label="jpcrp030000-asr_E34837-000_OtherAssetItemsIFRSAbstract_label_1" xlink:role="http://www.xbrl.org/2003/role/verboseLabel">Other asset items (IFRS) [abstract]</link:label>
    <link:label xml:lang="en" xlink:type="resource" xlink:label="jpcrp030000-asr_E34837-000_OtherComponentsOfEquityRelatedToDisposalGroupsClassifiedAsHeldForSaleSSIFRS_label" xlink:role="http://www.xbrl.org/2003/role/label">Other components of equity related to disposal groups classified as held for sale</link:label>
    <link:label xml:lang="en" xlink:type="resource" xlink:label="jpcrp030000-asr_E34837-000_OtherComponentsOfEquityRelatedToDisposalGroupsClassifiedAsHeldForSaleSSIFRS_label_1" xlink:role="http://www.xbrl.org/2003/role/verboseLabel">Other components of equity related to disposal groups classified as held for sale-SS (IFRS)</link:label>
    <link:label xml:lang="en" xlink:type="resource" xlink:label="jpcrp030000-asr_E34837-000_OtherEquityInstrumentsIFRS_label" xlink:role="http://www.xbrl.org/2003/role/label">Other equity instruments</link:label>
    <link:label xml:lang="en" xlink:type="resource" xlink:label="jpcrp030000-asr_E34837-000_OtherEquityInstrumentsIFRS_label_1" xlink:role="http://www.xbrl.org/2003/role/verboseLabel">Other equity instruments (IFRS)</link:label>
    <link:label xml:lang="en" xlink:type="resource" xlink:label="jpcrp030000-asr_E34837-000_OtherEquityInstrumentsIFRSMember_label" xlink:role="http://www.xbrl.org/2003/role/label">Other equity instruments</link:label>
    <link:label xml:lang="en" xlink:type="resource" xlink:label="jpcrp030000-asr_E34837-000_OtherEquityInstrumentsIFRSMember_label_1" xlink:role="http://www.xbrl.org/2003/role/verboseLabel">Other equity instruments (IFRS) [member]</link:label>
    <link:label xml:lang="en" xlink:type="resource" xlink:label="jpcrp030000-asr_E34837-000_OtherProfitOrLossItemsIFRSAbstract_label" xlink:role="http://www.xbrl.org/2003/role/label">Other profit or loss items</link:label>
    <link:label xml:lang="en" xlink:type="resource" xlink:label="jpcrp030000-asr_E34837-000_OtherProfitOrLossItemsIFRSAbstract_label_1" xlink:role="http://www.xbrl.org/2003/role/verboseLabel">Other profit or loss items (IFRS) [abstract]</link:label>
    <link:label xml:lang="en" xlink:type="resource" xlink:label="jpcrp030000-asr_E34837-000_OverseasPowerGenerationAndRenewableEnergyBusinessReportableSegmentMember_label" xlink:role="http://www.xbrl.org/2003/role/label">Overseas Power Generation and Renewable Energy Business</link:label>
    <link:label xml:lang="en" xlink:type="resource" xlink:label="jpcrp030000-asr_E34837-000_OverseasPowerGenerationAndRenewableEnergyBusinessReportableSegmentMember_label_1" xlink:role="http://www.xbrl.org/2003/role/verboseLabel">Overseas Power Generation and Renewable Energy Business, Reportable segment [member]</link:label>
    <link:label xml:lang="en" xlink:type="resource" xlink:label="jpcrp030000-asr_E34837-000_ProceedsFromSaleOfInvestmentsInSubsidiariesNotResultingInChangeInScopeOfConsolidationFinCFIFRS_label" xlink:role="http://www.xbrl.org/2003/role/label">Proceeds from sale of investments in subsidiaries not resulting in change in scope of consolidation</link:label>
    <link:label xml:lang="en" xlink:type="resource" xlink:label="jpcrp030000-asr_E34837-000_ProceedsFromSaleOfInvestmentsInSubsidiariesNotResultingInChangeInScopeOfConsolidationFinCFIFRS_label_1" xlink:role="http://www.xbrl.org/2003/role/verboseLabel">Proceeds from sale of investments in subsidiaries not resulting in change in scope of consolidation-FinCF (IFRS)</link:label>
    <link:label xml:lang="en" xlink:type="resource" xlink:label="jpcrp030000-asr_E34837-000_ReferenceToOtherInformation2StrategyMetricsAndTargets_label" xlink:role="http://www.xbrl.org/2003/role/label">Reference to other information 2</link:label>
    <link:label xml:lang="en" xlink:type="resource" xlink:label="jpcrp030000-asr_E34837-000_ReferenceToOtherInformation2StrategyMetricsAndTargets_label_1" xlink:role="http://www.xbrl.org/2003/role/verboseLabel">Reference to other information 2, Strategy metrics and targets</link:label>
    <link:label xml:lang="en" xlink:type="resource" xlink:label="jpcrp030000-asr_E34837-000_ReferenceToOtherInformation3StrategyMetricsAndTargets_label" xlink:role="http://www.xbrl.org/2003/role/label">Reference to other information 3</link:label>
    <link:label xml:lang="en" xlink:type="resource" xlink:label="jpcrp030000-asr_E34837-000_ReferenceToOtherInformation3StrategyMetricsAndTargets_label_1" xlink:role="http://www.xbrl.org/2003/role/verboseLabel">Reference to other information 3, Strategy metrics and targets</link:label>
    <link:label xml:lang="en" xlink:type="resource" xlink:label="jpcrp030000-asr_E34837-000_ReferenceToOtherInformation4StrategyMetricsAndTargets_label" xlink:role="http://www.xbrl.org/2003/role/label">Reference to other information 4</link:label>
    <link:label xml:lang="en" xlink:type="resource" xlink:label="jpcrp030000-asr_E34837-000_ReferenceToOtherInformation4StrategyMetricsAndTargets_label_1" xlink:role="http://www.xbrl.org/2003/role/verboseLabel">Reference to other information 4, Strategy metrics and targets</link:label>
    <link:label xml:lang="en" xlink:type="resource" xlink:label="jpcrp030000-asr_E34837-000_ReferenceToOtherInformationStrategyMetricsAndTargets_label" xlink:role="http://www.xbrl.org/2003/role/label">Reference to other information</link:label>
    <link:label xml:lang="en" xlink:type="resource" xlink:label="jpcrp030000-asr_E34837-000_ReferenceToOtherInformationStrategyMetricsAndTargets_label_1" xlink:role="http://www.xbrl.org/2003/role/verboseLabel">Reference to other information, Strategy metrics and targets</link:label>
    <link:label xml:lang="en" xlink:type="resource" xlink:label="jpcrp030000-asr_E34837-000_RenewablePowerProductionAndOtherFacilitiesElectricUtilityPlantAndEquipment_label" xlink:role="http://www.xbrl.org/2003/role/label">Renewable power production and other facilities</link:label>
    <link:label xml:lang="en" xlink:type="resource" xlink:label="jpcrp030000-asr_E34837-000_RenewablePowerProductionAndOtherFacilitiesElectricUtilityPlantAndEquipment_label_1" xlink:role="http://www.xbrl.org/2003/role/verboseLabel">Renewable power production and other facilities, Electric utility plant and equipment</link:label>
    <link:label xml:lang="en" xlink:type="resource" xlink:label="jpcrp030000-asr_E34837-000_RenewablePowerProductionAndRelatedExpensesElectricUtilityOperatingExpenses_label" xlink:role="http://www.xbrl.org/2003/role/label">Renewable power production and related expenses</link:label>
    <link:label xml:lang="en" xlink:type="resource" xlink:label="jpcrp030000-asr_E34837-000_RenewablePowerProductionAndRelatedExpensesElectricUtilityOperatingExpenses_label_1" xlink:role="http://www.xbrl.org/2003/role/verboseLabel">Renewable power production and related expenses, Electric utility operating expenses</link:label>
    <link:label xml:lang="en" xlink:type="resource" xlink:label="jpcrp030000-asr_E34837-000_StrategyMetricsAndTargetsTextBlock_label" xlink:role="http://www.xbrl.org/2003/role/label">Strategy, metrics and targets</link:label>
    <link:label xml:lang="en" xlink:type="resource" xlink:label="jpcrp030000-asr_E34837-000_StrategyMetricsAndTargetsTextBlock_label_1" xlink:role="http://www.xbrl.org/2003/role/verboseLabel">Strategy, metrics and targets [text block]</link:label>
    <link:label xml:lang="en" xlink:type="resource" xlink:label="jpigp_cor_ComprehensiveIncomeAttributableToNonControllingInterestsIFRS_label" xlink:role="http://disclosure.edinet-fsa.go.jp/jpcrp/alt/role/label">Non-controlling interests</link:label>
    <link:label xml:lang="en" xlink:type="resource" xlink:label="jpigp_cor_ComprehensiveIncomeAttributableToOwnersOfParentIFRS_label" xlink:role="http://disclosure.edinet-fsa.go.jp/jpcrp/alt/role/label">Owners of parent</link:label>
    <link:label xml:lang="en" xlink:type="resource" xlink:label="jpigp_cor_ComprehensiveIncomeIFRS_label" xlink:role="http://disclosure.edinet-fsa.go.jp/jppfs/cte/role/label">Total Comprehensive income</link:label>
    <link:label xml:lang="en" xlink:type="resource" xlink:label="jpigp_cor_DividendsPaidToNonControllingInterestsFinCFIFRS_label" xlink:role="http://disclosure.edinet-fsa.go.jp/jpcrp/alt/role/label">Dividends paid to non-controlling interests</link:label>
    <link:label xml:lang="en" xlink:type="resource" xlink:label="jpigp_cor_EffectivePortionOfCashFlowHedgesIFRSMember_label" xlink:role="http://disclosure.edinet-fsa.go.jp/jpcrp/alt/role/label">Effective portion of cash flow hedges</link:label>
    <link:label xml:lang="en" xlink:type="resource" xlink:label="jpigp_cor_EffectivePortionOfCashFlowHedgesNetOfTaxItemsThatMayBeReclassifiedToProfitOrLossOCIIFRS_label" xlink:role="http://disclosure.edinet-fsa.go.jp/jpcrp/alt/role/label">Effective portion of cash flow hedges</link:label>
    <link:label xml:lang="en" xlink:type="resource" xlink:label="jpigp_cor_FinancialAssetsMeasuredAtFairValueThroughOtherComprehensiveIncomeIFRSMember_label" xlink:role="http://disclosure.edinet-fsa.go.jp/jpcrp/alt/role/label">Financial assets measured at fair value through other comprehensive income</link:label>
    <link:label xml:lang="en" xlink:type="resource" xlink:label="jpigp_cor_ItemsThatMayBeReclassifiedToProfitOrLossOCIIFRSAbstract_label" xlink:role="http://disclosure.edinet-fsa.go.jp/jpcrp/alt/role/label">Items that may be reclassified to profit or loss</link:label>
    <link:label xml:lang="en" xlink:type="resource" xlink:label="jpigp_cor_NetChangeInFairValueOfEquityInstrumentsDesignatedAsMeasuredAtFairValueThroughOtherComprehensiveIncomeNetOfTaxItemsThatWillNotBeReclassifiedToProfitOrLossOCIIFRS_label" xlink:role="http://disclosure.edinet-fsa.go.jp/jpcrp/alt/role/label">Net change in fair value of equity instruments designated as measured at fair value through other comprehensive income</link:label>
    <link:label xml:lang="en" xlink:type="resource" xlink:label="jpigp_cor_NonControllingInterestsIFRSMember_label" xlink:role="http://disclosure.edinet-fsa.go.jp/jpcrp/alt/role/label">Non-controlling interests</link:label>
    <link:label xml:lang="en" xlink:type="resource" xlink:label="jpigp_cor_OtherSSIFRS_label" xlink:role="http://disclosure.edinet-fsa.go.jp/jpcrp/alt/role/label">Other</link:label>
    <link:label xml:lang="en" xlink:type="resource" xlink:label="jpigp_cor_PaymentsForAcquisitionOfSubsidiariesInvCFIFRS_label" xlink:role="http://disclosure.edinet-fsa.go.jp/jpcrp/alt/role/label">Payments for acquisition of subsidiaries</link:label>
    <link:label xml:lang="en" xlink:type="resource" xlink:label="jpigp_cor_RemeasurementsOfDefinedBenefitPlansIFRSMember_label" xlink:role="http://disclosure.edinet-fsa.go.jp/jpcrp/alt/role/label">Remeasurements of defined benefit plans</link:label>
    <link:label xml:lang="en" xlink:type="resource" xlink:label="jpigp_cor_RemeasurementsOfDefinedBenefitPlansNetOfTaxItemsThatWillNotBeReclassifiedToProfitOrLossOCIIFRS_label" xlink:role="http://disclosure.edinet-fsa.go.jp/jpcrp/alt/role/label">Remeasurements of defined benefit plans</link:label>
    <link:label xml:lang="en" xlink:type="resource" xlink:label="jpigp_cor_RevenueIFRS_label" xlink:role="http://disclosure.edinet-fsa.go.jp/jpcrp/alt/role/totalLabel">Total</link:label>
    <link:label xml:lang="en" xlink:type="resource" xlink:label="jpigp_cor_ShareOfProfitLossOfInvestmentsAccountedForUsingEquityMethodIFRS_label" xlink:role="http://disclosure.edinet-fsa.go.jp/jpcrp/alt/role/label">Share of profit (loss) of investments accounted for using equity method</link:label>
    <link:label xml:lang="en" xlink:type="resource" xlink:label="jpigp_cor_SoftwareAccumulatedAmortizationAndImpairmentLossesIFRS_label" xlink:role="http://disclosure.edinet-fsa.go.jp/jpcrp/alt/role/label">Software</link:label>
    <link:label xml:lang="en" xlink:type="resource" xlink:label="jpigp_cor_SoftwareAcquisitionCostIFRS_label" xlink:role="http://disclosure.edinet-fsa.go.jp/jpcrp/alt/role/label">Software</link:label>
    <link:label xml:lang="en" xlink:type="resource" xlink:label="jpigp_cor_SoftwareIFRS_label" xlink:role="http://disclosure.edinet-fsa.go.jp/jpcrp/alt/role/label">Software</link:label>
    <link:label xml:lang="en" xlink:type="resource" xlink:label="jpigp_cor_TotalTransactionsWithOwnersIFRS_label" xlink:role="http://disclosure.edinet-fsa.go.jp/jpcrp/alt/role/label">Total transactions with owners</link:label>
    <link:label xml:lang="en" xlink:type="resource" xlink:label="jpigp_cor_TransactionsWithOwnersIFRSAbstract_label" xlink:role="http://disclosure.edinet-fsa.go.jp/jpcrp/alt/role/label">Transactions with owners</link:label>
    <link:loc xlink:type="locator" xlink:href="http://disclosure.edinet-fsa.go.jp/taxonomy/jpigp/2024-11-01/jpigp_cor_2024-11-01.xsd#jpigp_cor_ComprehensiveIncomeAttributableToNonControllingInterestsIFRS" xlink:label="jpigp_cor_ComprehensiveIncomeAttributableToNonControllingInterestsIFRS" />
    <link:loc xlink:type="locator" xlink:href="http://disclosure.edinet-fsa.go.jp/taxonomy/jpigp/2024-11-01/jpigp_cor_2024-11-01.xsd#jpigp_cor_ComprehensiveIncomeAttributableToOwnersOfParentIFRS" xlink:label="jpigp_cor_ComprehensiveIncomeAttributableToOwnersOfParentIFRS" />
    <link:loc xlink:type="locator" xlink:href="http://disclosure.edinet-fsa.go.jp/taxonomy/jpigp/2024-11-01/jpigp_cor_2024-11-01.xsd#jpigp_cor_ComprehensiveIncomeIFRS" xlink:label="jpigp_cor_ComprehensiveIncomeIFRS" />
    <link:loc xlink:type="locator" xlink:href="http://disclosure.edinet-fsa.go.jp/taxonomy/jpigp/2024-11-01/jpigp_cor_2024-11-01.xsd#jpigp_cor_DividendsPaidToNonControllingInterestsFinCFIFRS" xlink:label="jpigp_cor_DividendsPaidToNonControllingInterestsFinCFIFRS" />
    <link:loc xlink:type="locator" xlink:href="http://disclosure.edinet-fsa.go.jp/taxonomy/jpigp/2024-11-01/jpigp_cor_2024-11-01.xsd#jpigp_cor_EffectivePortionOfCashFlowHedgesIFRSMember" xlink:label="jpigp_cor_EffectivePortionOfCashFlowHedgesIFRSMember" />
    <link:loc xlink:type="locator" xlink:href="http://disclosure.edinet-fsa.go.jp/taxonomy/jpigp/2024-11-01/jpigp_cor_2024-11-01.xsd#jpigp_cor_EffectivePortionOfCashFlowHedgesNetOfTaxItemsThatMayBeReclassifiedToProfitOrLossOCIIFRS" xlink:label="jpigp_cor_EffectivePortionOfCashFlowHedgesNetOfTaxItemsThatMayBeReclassifiedToProfitOrLossOCIIFRS" />
    <link:loc xlink:type="locator" xlink:href="http://disclosure.edinet-fsa.go.jp/taxonomy/jpigp/2024-11-01/jpigp_cor_2024-11-01.xsd#jpigp_cor_FinancialAssetsMeasuredAtFairValueThroughOtherComprehensiveIncomeIFRSMember" xlink:label="jpigp_cor_FinancialAssetsMeasuredAtFairValueThroughOtherComprehensiveIncomeIFRSMember" />
    <link:loc xlink:type="locator" xlink:href="http://disclosure.edinet-fsa.go.jp/taxonomy/jpigp/2024-11-01/jpigp_cor_2024-11-01.xsd#jpigp_cor_ItemsThatMayBeReclassifiedToProfitOrLossOCIIFRSAbstract" xlink:label="jpigp_cor_ItemsThatMayBeReclassifiedToProfitOrLossOCIIFRSAbstract" />
    <link:loc xlink:type="locator" xlink:href="http://disclosure.edinet-fsa.go.jp/taxonomy/jpigp/2024-11-01/jpigp_cor_2024-11-01.xsd#jpigp_cor_NetChangeInFairValueOfEquityInstrumentsDesignatedAsMeasuredAtFairValueThroughOtherComprehensiveIncomeNetOfTaxItemsThatWillNotBeReclassifiedToProfitOrLossOCIIFRS" xlink:label="jpigp_cor_NetChangeInFairValueOfEquityInstrumentsDesignatedAsMeasuredAtFairValueThroughOtherComprehensiveIncomeNetOfTaxItemsThatWillNotBeReclassifiedToProfitOrLossOCIIFRS" />
    <link:loc xlink:type="locator" xlink:href="http://disclosure.edinet-fsa.go.jp/taxonomy/jpigp/2024-11-01/jpigp_cor_2024-11-01.xsd#jpigp_cor_NonControllingInterestsIFRSMember" xlink:label="jpigp_cor_NonControllingInterestsIFRSMember" />
    <link:loc xlink:type="locator" xlink:href="http://disclosure.edinet-fsa.go.jp/taxonomy/jpigp/2024-11-01/jpigp_cor_2024-11-01.xsd#jpigp_cor_OtherSSIFRS" xlink:label="jpigp_cor_OtherSSIFRS" />
    <link:loc xlink:type="locator" xlink:href="http://disclosure.edinet-fsa.go.jp/taxonomy/jpigp/2024-11-01/jpigp_cor_2024-11-01.xsd#jpigp_cor_PaymentsForAcquisitionOfSubsidiariesInvCFIFRS" xlink:label="jpigp_cor_PaymentsForAcquisitionOfSubsidiariesInvCFIFRS" />
    <link:loc xlink:type="locator" xlink:href="http://disclosure.edinet-fsa.go.jp/taxonomy/jpigp/2024-11-01/jpigp_cor_2024-11-01.xsd#jpigp_cor_RemeasurementsOfDefinedBenefitPlansIFRSMember" xlink:label="jpigp_cor_RemeasurementsOfDefinedBenefitPlansIFRSMember" />
    <link:loc xlink:type="locator" xlink:href="http://disclosure.edinet-fsa.go.jp/taxonomy/jpigp/2024-11-01/jpigp_cor_2024-11-01.xsd#jpigp_cor_RemeasurementsOfDefinedBenefitPlansNetOfTaxItemsThatWillNotBeReclassifiedToProfitOrLossOCIIFRS" xlink:label="jpigp_cor_RemeasurementsOfDefinedBenefitPlansNetOfTaxItemsThatWillNotBeReclassifiedToProfitOrLossOCIIFRS" />
    <link:loc xlink:type="locator" xlink:href="http://disclosure.edinet-fsa.go.jp/taxonomy/jpigp/2024-11-01/jpigp_cor_2024-11-01.xsd#jpigp_cor_RevenueIFRS" xlink:label="jpigp_cor_RevenueIFRS" />
    <link:loc xlink:type="locator" xlink:href="http://disclosure.edinet-fsa.go.jp/taxonomy/jpigp/2024-11-01/jpigp_cor_2024-11-01.xsd#jpigp_cor_ShareOfProfitLossOfInvestmentsAccountedForUsingEquityMethodIFRS" xlink:label="jpigp_cor_ShareOfProfitLossOfInvestmentsAccountedForUsingEquityMethodIFRS" />
    <link:loc xlink:type="locator" xlink:href="http://disclosure.edinet-fsa.go.jp/taxonomy/jpigp/2024-11-01/jpigp_cor_2024-11-01.xsd#jpigp_cor_SoftwareAccumulatedAmortizationAndImpairmentLossesIFRS" xlink:label="jpigp_cor_SoftwareAccumulatedAmortizationAndImpairmentLossesIFRS" />
    <link:loc xlink:type="locator" xlink:href="http://disclosure.edinet-fsa.go.jp/taxonomy/jpigp/2024-11-01/jpigp_cor_2024-11-01.xsd#jpigp_cor_SoftwareAcquisitionCostIFRS" xlink:label="jpigp_cor_SoftwareAcquisitionCostIFRS" />
    <link:loc xlink:type="locator" xlink:href="http://disclosure.edinet-fsa.go.jp/taxonomy/jpigp/2024-11-01/jpigp_cor_2024-11-01.xsd#jpigp_cor_SoftwareIFRS" xlink:label="jpigp_cor_SoftwareIFRS" />
    <link:loc xlink:type="locator" xlink:href="http://disclosure.edinet-fsa.go.jp/taxonomy/jpigp/2024-11-01/jpigp_cor_2024-11-01.xsd#jpigp_cor_TotalTransactionsWithOwnersIFRS" xlink:label="jpigp_cor_TotalTransactionsWithOwnersIFRS" />
    <link:loc xlink:type="locator" xlink:href="http://disclosure.edinet-fsa.go.jp/taxonomy/jpigp/2024-11-01/jpigp_cor_2024-11-01.xsd#jpigp_cor_TransactionsWithOwnersIFRSAbstract" xlink:label="jpigp_cor_TransactionsWithOwnersIFRSAbstract" />
    <link:loc xlink:type="locator" xlink:href="jpcrp030000-asr-001_E34837-000_2025-03-31_01_2025-06-27.xsd#jpcrp030000-asr_E34837-000_AmountOfNonFinancialAssetsReclassifiedToAcquisitionCostSSIFRS" xlink:label="jpcrp030000-asr_E34837-000_AmountOfNonFinancialAssetsReclassifiedToAcquisitionCostSSIFRS" />
    <link:loc xlink:type="locator" xlink:href="jpcrp030000-asr-001_E34837-000_2025-03-31_01_2025-06-27.xsd#jpcrp030000-asr_E34837-000_AmountsRecognizedInOtherComprehensiveIncomeAndAccumulatedInEquityRelatingToAssetsHeldForSaleIFRS" xlink:label="jpcrp030000-asr_E34837-000_AmountsRecognizedInOtherComprehensiveIncomeAndAccumulatedInEquityRelatingToAssetsHeldForSaleIFRS" />
    <link:loc xlink:type="locator" xlink:href="jpcrp030000-asr-001_E34837-000_2025-03-31_01_2025-06-27.xsd#jpcrp030000-asr_E34837-000_AmountsRecognizedInOtherComprehensiveIncomeAndAccumulatedInEquityRelatingToAssetsHeldForSaleIFRSMember" xlink:label="jpcrp030000-asr_E34837-000_AmountsRecognizedInOtherComprehensiveIncomeAndAccumulatedInEquityRelatingToAssetsHeldForSaleIFRSMember" />
    <link:loc xlink:type="locator" xlink:href="jpcrp030000-asr-001_E34837-000_2025-03-31_01_2025-06-27.xsd#jpcrp030000-asr_E34837-000_CapitalIncreaseOfConsolidatedSubsidiariesIFRS" xlink:label="jpcrp030000-asr_E34837-000_CapitalIncreaseOfConsolidatedSubsidiariesIFRS" />
    <link:loc xlink:type="locator" xlink:href="jpcrp030000-asr-001_E34837-000_2025-03-31_01_2025-06-27.xsd#jpcrp030000-asr_E34837-000_ChangesDueToPutOptionsSoldByNonControllingInterestsIFRS" xlink:label="jpcrp030000-asr_E34837-000_ChangesDueToPutOptionsSoldByNonControllingInterestsIFRS" />
    <link:loc xlink:type="locator" xlink:href="jpcrp030000-asr-001_E34837-000_2025-03-31_01_2025-06-27.xsd#jpcrp030000-asr_E34837-000_ChangesInOwnershipInterestInSubsidiariesIFRS" xlink:label="jpcrp030000-asr_E34837-000_ChangesInOwnershipInterestInSubsidiariesIFRS" />
    <link:loc xlink:type="locator" xlink:href="jpcrp030000-asr-001_E34837-000_2025-03-31_01_2025-06-27.xsd#jpcrp030000-asr_E34837-000_DistributionToOwnersOfOtherEquityInstrumentsFinCFIFRS" xlink:label="jpcrp030000-asr_E34837-000_DistributionToOwnersOfOtherEquityInstrumentsFinCFIFRS" />
    <link:loc xlink:type="locator" xlink:href="jpcrp030000-asr-001_E34837-000_2025-03-31_01_2025-06-27.xsd#jpcrp030000-asr_E34837-000_DistributionToOwnersOfOtherEquityInstrumentsIFRS" xlink:label="jpcrp030000-asr_E34837-000_DistributionToOwnersOfOtherEquityInstrumentsIFRS" />
    <link:loc xlink:type="locator" xlink:href="jpcrp030000-asr-001_E34837-000_2025-03-31_01_2025-06-27.xsd#jpcrp030000-asr_E34837-000_DomesticThermalPowerGenerationAndGasSupplyBusinessReportableSegmentMember" xlink:label="jpcrp030000-asr_E34837-000_DomesticThermalPowerGenerationAndGasSupplyBusinessReportableSegmentMember" />
    <link:loc xlink:type="locator" xlink:href="jpcrp030000-asr-001_E34837-000_2025-03-31_01_2025-06-27.xsd#jpcrp030000-asr_E34837-000_FuelBusinessReportableSegmentMember" xlink:label="jpcrp030000-asr_E34837-000_FuelBusinessReportableSegmentMember" />
    <link:loc xlink:type="locator" xlink:href="jpcrp030000-asr-001_E34837-000_2025-03-31_01_2025-06-27.xsd#jpcrp030000-asr_E34837-000_IncreaseDecreaseInAccruedConsumptionTaxesOpeCFIFRS" xlink:label="jpcrp030000-asr_E34837-000_IncreaseDecreaseInAccruedConsumptionTaxesOpeCFIFRS" />
    <link:loc xlink:type="locator" xlink:href="jpcrp030000-asr-001_E34837-000_2025-03-31_01_2025-06-27.xsd#jpcrp030000-asr_E34837-000_IncreaseDecreaseInDerivativeAssetsOrLiabilitiesOpeCFIFRS" xlink:label="jpcrp030000-asr_E34837-000_IncreaseDecreaseInDerivativeAssetsOrLiabilitiesOpeCFIFRS" />
    <link:loc xlink:type="locator" xlink:href="jpcrp030000-asr-001_E34837-000_2025-03-31_01_2025-06-27.xsd#jpcrp030000-asr_E34837-000_IncreaseDecreaseInOtherFinancialAssetsOpeCFIFRS" xlink:label="jpcrp030000-asr_E34837-000_IncreaseDecreaseInOtherFinancialAssetsOpeCFIFRS" />
    <link:loc xlink:type="locator" xlink:href="jpcrp030000-asr-001_E34837-000_2025-03-31_01_2025-06-27.xsd#jpcrp030000-asr_E34837-000_IncreaseDecreaseInOtherFinancialLiabilitiesOpeCFIFRS" xlink:label="jpcrp030000-asr_E34837-000_IncreaseDecreaseInOtherFinancialLiabilitiesOpeCFIFRS" />
    <link:loc xlink:type="locator" xlink:href="jpcrp030000-asr-001_E34837-000_2025-03-31_01_2025-06-27.xsd#jpcrp030000-asr_E34837-000_NetIncreaseDecreaseInCommercialPaperFinCFIFRS" xlink:label="jpcrp030000-asr_E34837-000_NetIncreaseDecreaseInCommercialPaperFinCFIFRS" />
    <link:loc xlink:type="locator" xlink:href="jpcrp030000-asr-001_E34837-000_2025-03-31_01_2025-06-27.xsd#jpcrp030000-asr_E34837-000_NotesAdditionalInformationConsolidatedFinancialStatementsIFRSHeading" xlink:label="jpcrp030000-asr_E34837-000_NotesAdditionalInformationConsolidatedFinancialStatementsIFRSHeading" />
    <link:loc xlink:type="locator" xlink:href="jpcrp030000-asr-001_E34837-000_2025-03-31_01_2025-06-27.xsd#jpcrp030000-asr_E34837-000_NotesAdditionalInformationConsolidatedFinancialStatementsIFRSTextBlock" xlink:label="jpcrp030000-asr_E34837-000_NotesAdditionalInformationConsolidatedFinancialStatementsIFRSTextBlock" />
    <link:loc xlink:type="locator" xlink:href="jpcrp030000-asr-001_E34837-000_2025-03-31_01_2025-06-27.xsd#jpcrp030000-asr_E34837-000_NotesFairValueMeasurementConsolidatedFinancialStatementsIFRSHeading" xlink:label="jpcrp030000-asr_E34837-000_NotesFairValueMeasurementConsolidatedFinancialStatementsIFRSHeading" />
    <link:loc xlink:type="locator" xlink:href="jpcrp030000-asr-001_E34837-000_2025-03-31_01_2025-06-27.xsd#jpcrp030000-asr_E34837-000_NotesFairValueMeasurementConsolidatedFinancialStatementsIFRSTextBlock" xlink:label="jpcrp030000-asr_E34837-000_NotesFairValueMeasurementConsolidatedFinancialStatementsIFRSTextBlock" />
    <link:loc xlink:type="locator" xlink:href="jpcrp030000-asr-001_E34837-000_2025-03-31_01_2025-06-27.xsd#jpcrp030000-asr_E34837-000_NotesRegardingAmountOfNonCurrentAssetsInIncidentalBusinessesTextBlock" xlink:label="jpcrp030000-asr_E34837-000_NotesRegardingAmountOfNonCurrentAssetsInIncidentalBusinessesTextBlock" />
    <link:loc xlink:type="locator" xlink:href="jpcrp030000-asr-001_E34837-000_2025-03-31_01_2025-06-27.xsd#jpcrp030000-asr_E34837-000_NotesRegardingComponentsOfAccruedTaxesTextBlock" xlink:label="jpcrp030000-asr_E34837-000_NotesRegardingComponentsOfAccruedTaxesTextBlock" />
    <link:loc xlink:type="locator" xlink:href="jpcrp030000-asr-001_E34837-000_2025-03-31_01_2025-06-27.xsd#jpcrp030000-asr_E34837-000_NotesRegardingCurrentPortionOfNonCurrentLiabilitiesDetailsTextBlock" xlink:label="jpcrp030000-asr_E34837-000_NotesRegardingCurrentPortionOfNonCurrentLiabilitiesDetailsTextBlock" />
    <link:loc xlink:type="locator" xlink:href="jpcrp030000-asr-001_E34837-000_2025-03-31_01_2025-06-27.xsd#jpcrp030000-asr_E34837-000_NumberOfEmployeesIFRSSummaryOfBusinessResults" xlink:label="jpcrp030000-asr_E34837-000_NumberOfEmployeesIFRSSummaryOfBusinessResults" />
    <link:loc xlink:type="locator" xlink:href="jpcrp030000-asr-001_E34837-000_2025-03-31_01_2025-06-27.xsd#jpcrp030000-asr_E34837-000_OtherAssetItemsIFRSAbstract" xlink:label="jpcrp030000-asr_E34837-000_OtherAssetItemsIFRSAbstract" />
    <link:loc xlink:type="locator" xlink:href="jpcrp030000-asr-001_E34837-000_2025-03-31_01_2025-06-27.xsd#jpcrp030000-asr_E34837-000_OtherComponentsOfEquityRelatedToDisposalGroupsClassifiedAsHeldForSaleSSIFRS" xlink:label="jpcrp030000-asr_E34837-000_OtherComponentsOfEquityRelatedToDisposalGroupsClassifiedAsHeldForSaleSSIFRS" />
    <link:loc xlink:type="locator" xlink:href="jpcrp030000-asr-001_E34837-000_2025-03-31_01_2025-06-27.xsd#jpcrp030000-asr_E34837-000_OtherEquityInstrumentsIFRS" xlink:label="jpcrp030000-asr_E34837-000_OtherEquityInstrumentsIFRS" />
    <link:loc xlink:type="locator" xlink:href="jpcrp030000-asr-001_E34837-000_2025-03-31_01_2025-06-27.xsd#jpcrp030000-asr_E34837-000_OtherEquityInstrumentsIFRSMember" xlink:label="jpcrp030000-asr_E34837-000_OtherEquityInstrumentsIFRSMember" />
    <link:loc xlink:type="locator" xlink:href="jpcrp030000-asr-001_E34837-000_2025-03-31_01_2025-06-27.xsd#jpcrp030000-asr_E34837-000_OtherProfitOrLossItemsIFRSAbstract" xlink:label="jpcrp030000-asr_E34837-000_OtherProfitOrLossItemsIFRSAbstract" />
    <link:loc xlink:type="locator" xlink:href="jpcrp030000-asr-001_E34837-000_2025-03-31_01_2025-06-27.xsd#jpcrp030000-asr_E34837-000_OverseasPowerGenerationAndRenewableEnergyBusinessReportableSegmentMember" xlink:label="jpcrp030000-asr_E34837-000_OverseasPowerGenerationAndRenewableEnergyBusinessReportableSegmentMember" />
    <link:loc xlink:type="locator" xlink:href="jpcrp030000-asr-001_E34837-000_2025-03-31_01_2025-06-27.xsd#jpcrp030000-asr_E34837-000_ProceedsFromSaleOfInvestmentsInSubsidiariesNotResultingInChangeInScopeOfConsolidationFinCFIFRS" xlink:label="jpcrp030000-asr_E34837-000_ProceedsFromSaleOfInvestmentsInSubsidiariesNotResultingInChangeInScopeOfConsolidationFinCFIFRS" />
    <link:loc xlink:type="locator" xlink:href="jpcrp030000-asr-001_E34837-000_2025-03-31_01_2025-06-27.xsd#jpcrp030000-asr_E34837-000_ReferenceToOtherInformation2StrategyMetricsAndTargets" xlink:label="jpcrp030000-asr_E34837-000_ReferenceToOtherInformation2StrategyMetricsAndTargets" />
    <link:loc xlink:type="locator" xlink:href="jpcrp030000-asr-001_E34837-000_2025-03-31_01_2025-06-27.xsd#jpcrp030000-asr_E34837-000_ReferenceToOtherInformation3StrategyMetricsAndTargets" xlink:label="jpcrp030000-asr_E34837-000_ReferenceToOtherInformation3StrategyMetricsAndTargets" />
    <link:loc xlink:type="locator" xlink:href="jpcrp030000-asr-001_E34837-000_2025-03-31_01_2025-06-27.xsd#jpcrp030000-asr_E34837-000_ReferenceToOtherInformation4StrategyMetricsAndTargets" xlink:label="jpcrp030000-asr_E34837-000_ReferenceToOtherInformation4StrategyMetricsAndTargets" />
    <link:loc xlink:type="locator" xlink:href="jpcrp030000-asr-001_E34837-000_2025-03-31_01_2025-06-27.xsd#jpcrp030000-asr_E34837-000_ReferenceToOtherInformationStrategyMetricsAndTargets" xlink:label="jpcrp030000-asr_E34837-000_ReferenceToOtherInformationStrategyMetricsAndTargets" />
    <link:loc xlink:type="locator" xlink:href="jpcrp030000-asr-001_E34837-000_2025-03-31_01_2025-06-27.xsd#jpcrp030000-asr_E34837-000_RenewablePowerProductionAndOtherFacilitiesElectricUtilityPlantAndEquipment" xlink:label="jpcrp030000-asr_E34837-000_RenewablePowerProductionAndOtherFacilitiesElectricUtilityPlantAndEquipment" />
    <link:loc xlink:type="locator" xlink:href="jpcrp030000-asr-001_E34837-000_2025-03-31_01_2025-06-27.xsd#jpcrp030000-asr_E34837-000_RenewablePowerProductionAndRelatedExpensesElectricUtilityOperatingExpenses" xlink:label="jpcrp030000-asr_E34837-000_RenewablePowerProductionAndRelatedExpensesElectricUtilityOperatingExpenses" />
    <link:loc xlink:type="locator" xlink:href="jpcrp030000-asr-001_E34837-000_2025-03-31_01_2025-06-27.xsd#jpcrp030000-asr_E34837-000_StrategyMetricsAndTargetsTextBlock" xlink:label="jpcrp030000-asr_E34837-000_StrategyMetricsAndTargetsTextBlock" />
    <link:labelArc xlink:type="arc" xlink:from="jpcrp030000-asr_E34837-000_AmountOfNonFinancialAssetsReclassifiedToAcquisitionCostSSIFRS" xlink:to="jpcrp030000-asr_E34837-000_AmountOfNonFinancialAssetsReclassifiedToAcquisitionCostSSIFRS_label" xlink:arcrole="http://www.xbrl.org/2003/arcrole/concept-label" order="1" />
    <link:labelArc xlink:type="arc" xlink:from="jpcrp030000-asr_E34837-000_AmountOfNonFinancialAssetsReclassifiedToAcquisitionCostSSIFRS" xlink:to="jpcrp030000-asr_E34837-000_AmountOfNonFinancialAssetsReclassifiedToAcquisitionCostSSIFRS_label_1" xlink:arcrole="http://www.xbrl.org/2003/arcrole/concept-label" order="1" />
    <link:labelArc xlink:type="arc" xlink:from="jpcrp030000-asr_E34837-000_AmountsRecognizedInOtherComprehensiveIncomeAndAccumulatedInEquityRelatingToAssetsHeldForSaleIFRS" xlink:to="jpcrp030000-asr_E34837-000_AmountsRecognizedInOtherComprehensiveIncomeAndAccumulatedInEquityRelatingToAssetsHeldForSaleIFRS_label" xlink:arcrole="http://www.xbrl.org/2003/arcrole/concept-label" order="1" />
    <link:labelArc xlink:type="arc" xlink:from="jpcrp030000-asr_E34837-000_AmountsRecognizedInOtherComprehensiveIncomeAndAccumulatedInEquityRelatingToAssetsHeldForSaleIFRS" xlink:to="jpcrp030000-asr_E34837-000_AmountsRecognizedInOtherComprehensiveIncomeAndAccumulatedInEquityRelatingToAssetsHeldForSaleIFRS_label_1" xlink:arcrole="http://www.xbrl.org/2003/arcrole/concept-label" order="1" />
    <link:labelArc xlink:type="arc" xlink:from="jpcrp030000-asr_E34837-000_AmountsRecognizedInOtherComprehensiveIncomeAndAccumulatedInEquityRelatingToAssetsHeldForSaleIFRSMember" xlink:to="jpcrp030000-asr_E34837-000_AmountsRecognizedInOtherComprehensiveIncomeAndAccumulatedInEquityRelatingToAssetsHeldForSaleIFRSMember_label" xlink:arcrole="http://www.xbrl.org/2003/arcrole/concept-label" order="1" />
    <link:labelArc xlink:type="arc" xlink:from="jpcrp030000-asr_E34837-000_AmountsRecognizedInOtherComprehensiveIncomeAndAccumulatedInEquityRelatingToAssetsHeldForSaleIFRSMember" xlink:to="jpcrp030000-asr_E34837-000_AmountsRecognizedInOtherComprehensiveIncomeAndAccumulatedInEquityRelatingToAssetsHeldForSaleIFRSMember_label_1" xlink:arcrole="http://www.xbrl.org/2003/arcrole/concept-label" order="1" />
    <link:labelArc xlink:type="arc" xlink:from="jpcrp030000-asr_E34837-000_CapitalIncreaseOfConsolidatedSubsidiariesIFRS" xlink:to="jpcrp030000-asr_E34837-000_CapitalIncreaseOfConsolidatedSubsidiariesIFRS_label" xlink:arcrole="http://www.xbrl.org/2003/arcrole/concept-label" order="1" />
    <link:labelArc xlink:type="arc" xlink:from="jpcrp030000-asr_E34837-000_CapitalIncreaseOfConsolidatedSubsidiariesIFRS" xlink:to="jpcrp030000-asr_E34837-000_CapitalIncreaseOfConsolidatedSubsidiariesIFRS_label_1" xlink:arcrole="http://www.xbrl.org/2003/arcrole/concept-label" order="1" />
    <link:labelArc xlink:type="arc" xlink:from="jpcrp030000-asr_E34837-000_ChangesDueToPutOptionsSoldByNonControllingInterestsIFRS" xlink:to="jpcrp030000-asr_E34837-000_ChangesDueToPutOptionsSoldByNonControllingInterestsIFRS_label" xlink:arcrole="http://www.xbrl.org/2003/arcrole/concept-label" order="1" />
    <link:labelArc xlink:type="arc" xlink:from="jpcrp030000-asr_E34837-000_ChangesDueToPutOptionsSoldByNonControllingInterestsIFRS" xlink:to="jpcrp030000-asr_E34837-000_ChangesDueToPutOptionsSoldByNonControllingInterestsIFRS_label_1" xlink:arcrole="http://www.xbrl.org/2003/arcrole/concept-label" order="1" />
    <link:labelArc xlink:type="arc" xlink:from="jpcrp030000-asr_E34837-000_ChangesInOwnershipInterestInSubsidiariesIFRS" xlink:to="jpcrp030000-asr_E34837-000_ChangesInOwnershipInterestInSubsidiariesIFRS_label_1" xlink:arcrole="http://www.xbrl.org/2003/arcrole/concept-label" order="1" />
    <link:labelArc xlink:type="arc" xlink:from="jpcrp030000-asr_E34837-000_ChangesInOwnershipInterestInSubsidiariesIFRS" xlink:to="jpcrp030000-asr_E34837-000_ChangesInOwnershipInterestInSubsidiariesIFRS_label" xlink:arcrole="http://www.xbrl.org/2003/arcrole/concept-label" order="1" />
    <link:labelArc xlink:type="arc" xlink:from="jpcrp030000-asr_E34837-000_DistributionToOwnersOfOtherEquityInstrumentsFinCFIFRS" xlink:to="jpcrp030000-asr_E34837-000_DistributionToOwnersOfOtherEquityInstrumentsFinCFIFRS_label" xlink:arcrole="http://www.xbrl.org/2003/arcrole/concept-label" order="1" />
    <link:labelArc xlink:type="arc" xlink:from="jpcrp030000-asr_E34837-000_DistributionToOwnersOfOtherEquityInstrumentsFinCFIFRS" xlink:to="jpcrp030000-asr_E34837-000_DistributionToOwnersOfOtherEquityInstrumentsFinCFIFRS_label_1" xlink:arcrole="http://www.xbrl.org/2003/arcrole/concept-label" order="1" />
    <link:labelArc xlink:type="arc" xlink:from="jpcrp030000-asr_E34837-000_DistributionToOwnersOfOtherEquityInstrumentsIFRS" xlink:to="jpcrp030000-asr_E34837-000_DistributionToOwnersOfOtherEquityInstrumentsIFRS_label" xlink:arcrole="http://www.xbrl.org/2003/arcrole/concept-label" order="1" />
    <link:labelArc xlink:type="arc" xlink:from="jpcrp030000-asr_E34837-000_DistributionToOwnersOfOtherEquityInstrumentsIFRS" xlink:to="jpcrp030000-asr_E34837-000_DistributionToOwnersOfOtherEquityInstrumentsIFRS_label_1" xlink:arcrole="http://www.xbrl.org/2003/arcrole/concept-label" order="1" />
    <link:labelArc xlink:type="arc" xlink:from="jpcrp030000-asr_E34837-000_DomesticThermalPowerGenerationAndGasSupplyBusinessReportableSegmentMember" xlink:to="jpcrp030000-asr_E34837-000_DomesticThermalPowerGenerationAndGasSupplyBusinessReportableSegmentMember_label" xlink:arcrole="http://www.xbrl.org/2003/arcrole/concept-label" order="1" />
    <link:labelArc xlink:type="arc" xlink:from="jpcrp030000-asr_E34837-000_DomesticThermalPowerGenerationAndGasSupplyBusinessReportableSegmentMember" xlink:to="jpcrp030000-asr_E34837-000_DomesticThermalPowerGenerationAndGasSupplyBusinessReportableSegmentMember_label_1" xlink:arcrole="http://www.xbrl.org/2003/arcrole/concept-label" order="1" />
    <link:labelArc xlink:type="arc" xlink:from="jpcrp030000-asr_E34837-000_FuelBusinessReportableSegmentMember" xlink:to="jpcrp030000-asr_E34837-000_FuelBusinessReportableSegmentMember_label" xlink:arcrole="http://www.xbrl.org/2003/arcrole/concept-label" order="1" />
    <link:labelArc xlink:type="arc" xlink:from="jpcrp030000-asr_E34837-000_FuelBusinessReportableSegmentMember" xlink:to="jpcrp030000-asr_E34837-000_FuelBusinessReportableSegmentMember_label_1" xlink:arcrole="http://www.xbrl.org/2003/arcrole/concept-label" order="1" />
    <link:labelArc xlink:type="arc" xlink:from="jpcrp030000-asr_E34837-000_IncreaseDecreaseInAccruedConsumptionTaxesOpeCFIFRS" xlink:to="jpcrp030000-asr_E34837-000_IncreaseDecreaseInAccruedConsumptionTaxesOpeCFIFRS_label_1" xlink:arcrole="http://www.xbrl.org/2003/arcrole/concept-label" order="1" />
    <link:labelArc xlink:type="arc" xlink:from="jpcrp030000-asr_E34837-000_IncreaseDecreaseInAccruedConsumptionTaxesOpeCFIFRS" xlink:to="jpcrp030000-asr_E34837-000_IncreaseDecreaseInAccruedConsumptionTaxesOpeCFIFRS_label" xlink:arcrole="http://www.xbrl.org/2003/arcrole/concept-label" order="1" />
    <link:labelArc xlink:type="arc" xlink:from="jpcrp030000-asr_E34837-000_IncreaseDecreaseInDerivativeAssetsOrLiabilitiesOpeCFIFRS" xlink:to="jpcrp030000-asr_E34837-000_IncreaseDecreaseInDerivativeAssetsOrLiabilitiesOpeCFIFRS_label_1" xlink:arcrole="http://www.xbrl.org/2003/arcrole/concept-label" order="1" />
    <link:labelArc xlink:type="arc" xlink:from="jpcrp030000-asr_E34837-000_IncreaseDecreaseInDerivativeAssetsOrLiabilitiesOpeCFIFRS" xlink:to="jpcrp030000-asr_E34837-000_IncreaseDecreaseInDerivativeAssetsOrLiabilitiesOpeCFIFRS_label" xlink:arcrole="http://www.xbrl.org/2003/arcrole/concept-label" order="1" />
    <link:labelArc xlink:type="arc" xlink:from="jpcrp030000-asr_E34837-000_IncreaseDecreaseInOtherFinancialAssetsOpeCFIFRS" xlink:to="jpcrp030000-asr_E34837-000_IncreaseDecreaseInOtherFinancialAssetsOpeCFIFRS_label" xlink:arcrole="http://www.xbrl.org/2003/arcrole/concept-label" order="1" />
    <link:labelArc xlink:type="arc" xlink:from="jpcrp030000-asr_E34837-000_IncreaseDecreaseInOtherFinancialAssetsOpeCFIFRS" xlink:to="jpcrp030000-asr_E34837-000_IncreaseDecreaseInOtherFinancialAssetsOpeCFIFRS_label_1" xlink:arcrole="http://www.xbrl.org/2003/arcrole/concept-label" order="1" />
    <link:labelArc xlink:type="arc" xlink:from="jpcrp030000-asr_E34837-000_IncreaseDecreaseInOtherFinancialLiabilitiesOpeCFIFRS" xlink:to="jpcrp030000-asr_E34837-000_IncreaseDecreaseInOtherFinancialLiabilitiesOpeCFIFRS_label" xlink:arcrole="http://www.xbrl.org/2003/arcrole/concept-label" order="1" />
    <link:labelArc xlink:type="arc" xlink:from="jpcrp030000-asr_E34837-000_IncreaseDecreaseInOtherFinancialLiabilitiesOpeCFIFRS" xlink:to="jpcrp030000-asr_E34837-000_IncreaseDecreaseInOtherFinancialLiabilitiesOpeCFIFRS_label_1" xlink:arcrole="http://www.xbrl.org/2003/arcrole/concept-label" order="1" />
    <link:labelArc xlink:type="arc" xlink:from="jpcrp030000-asr_E34837-000_NetIncreaseDecreaseInCommercialPaperFinCFIFRS" xlink:to="jpcrp030000-asr_E34837-000_NetIncreaseDecreaseInCommercialPaperFinCFIFRS_label" xlink:arcrole="http://www.xbrl.org/2003/arcrole/concept-label" order="1" />
    <link:labelArc xlink:type="arc" xlink:from="jpcrp030000-asr_E34837-000_NetIncreaseDecreaseInCommercialPaperFinCFIFRS" xlink:to="jpcrp030000-asr_E34837-000_NetIncreaseDecreaseInCommercialPaperFinCFIFRS_label_1" xlink:arcrole="http://www.xbrl.org/2003/arcrole/concept-label" order="1" />
    <link:labelArc xlink:type="arc" xlink:from="jpcrp030000-asr_E34837-000_NotesAdditionalInformationConsolidatedFinancialStatementsIFRSHeading" xlink:to="jpcrp030000-asr_E34837-000_NotesAdditionalInformationConsolidatedFinancialStatementsIFRSHeading_label" xlink:arcrole="http://www.xbrl.org/2003/arcrole/concept-label" order="1" />
    <link:labelArc xlink:type="arc" xlink:from="jpcrp030000-asr_E34837-000_NotesAdditionalInformationConsolidatedFinancialStatementsIFRSHeading" xlink:to="jpcrp030000-asr_E34837-000_NotesAdditionalInformationConsolidatedFinancialStatementsIFRSHeading_label_1" xlink:arcrole="http://www.xbrl.org/2003/arcrole/concept-label" order="1" />
    <link:labelArc xlink:type="arc" xlink:from="jpcrp030000-asr_E34837-000_NotesAdditionalInformationConsolidatedFinancialStatementsIFRSTextBlock" xlink:to="jpcrp030000-asr_E34837-000_NotesAdditionalInformationConsolidatedFinancialStatementsIFRSTextBlock_label" xlink:arcrole="http://www.xbrl.org/2003/arcrole/concept-label" order="1" />
    <link:labelArc xlink:type="arc" xlink:from="jpcrp030000-asr_E34837-000_NotesAdditionalInformationConsolidatedFinancialStatementsIFRSTextBlock" xlink:to="jpcrp030000-asr_E34837-000_NotesAdditionalInformationConsolidatedFinancialStatementsIFRSTextBlock_label_1" xlink:arcrole="http://www.xbrl.org/2003/arcrole/concept-label" order="1" />
    <link:labelArc xlink:type="arc" xlink:from="jpcrp030000-asr_E34837-000_NotesFairValueMeasurementConsolidatedFinancialStatementsIFRSHeading" xlink:to="jpcrp030000-asr_E34837-000_NotesFairValueMeasurementConsolidatedFinancialStatementsIFRSHeading_label_1" xlink:arcrole="http://www.xbrl.org/2003/arcrole/concept-label" order="1" />
    <link:labelArc xlink:type="arc" xlink:from="jpcrp030000-asr_E34837-000_NotesFairValueMeasurementConsolidatedFinancialStatementsIFRSHeading" xlink:to="jpcrp030000-asr_E34837-000_NotesFairValueMeasurementConsolidatedFinancialStatementsIFRSHeading_label" xlink:arcrole="http://www.xbrl.org/2003/arcrole/concept-label" order="1" />
    <link:labelArc xlink:type="arc" xlink:from="jpcrp030000-asr_E34837-000_NotesFairValueMeasurementConsolidatedFinancialStatementsIFRSTextBlock" xlink:to="jpcrp030000-asr_E34837-000_NotesFairValueMeasurementConsolidatedFinancialStatementsIFRSTextBlock_label" xlink:arcrole="http://www.xbrl.org/2003/arcrole/concept-label" order="1" />
    <link:labelArc xlink:type="arc" xlink:from="jpcrp030000-asr_E34837-000_NotesFairValueMeasurementConsolidatedFinancialStatementsIFRSTextBlock" xlink:to="jpcrp030000-asr_E34837-000_NotesFairValueMeasurementConsolidatedFinancialStatementsIFRSTextBlock_label_1" xlink:arcrole="http://www.xbrl.org/2003/arcrole/concept-label" order="1" />
    <link:labelArc xlink:type="arc" xlink:from="jpcrp030000-asr_E34837-000_NotesRegardingAmountOfNonCurrentAssetsInIncidentalBusinessesTextBlock" xlink:to="jpcrp030000-asr_E34837-000_NotesRegardingAmountOfNonCurrentAssetsInIncidentalBusinessesTextBlock_label" xlink:arcrole="http://www.xbrl.org/2003/arcrole/concept-label" order="1" />
    <link:labelArc xlink:type="arc" xlink:from="jpcrp030000-asr_E34837-000_NotesRegardingAmountOfNonCurrentAssetsInIncidentalBusinessesTextBlock" xlink:to="jpcrp030000-asr_E34837-000_NotesRegardingAmountOfNonCurrentAssetsInIncidentalBusinessesTextBlock_label_1" xlink:arcrole="http://www.xbrl.org/2003/arcrole/concept-label" order="1" />
    <link:labelArc xlink:type="arc" xlink:from="jpcrp030000-asr_E34837-000_NotesRegardingComponentsOfAccruedTaxesTextBlock" xlink:to="jpcrp030000-asr_E34837-000_NotesRegardingComponentsOfAccruedTaxesTextBlock_label" xlink:arcrole="http://www.xbrl.org/2003/arcrole/concept-label" order="1" />
    <link:labelArc xlink:type="arc" xlink:from="jpcrp030000-asr_E34837-000_NotesRegardingComponentsOfAccruedTaxesTextBlock" xlink:to="jpcrp030000-asr_E34837-000_NotesRegardingComponentsOfAccruedTaxesTextBlock_label_1" xlink:arcrole="http://www.xbrl.org/2003/arcrole/concept-label" order="1" />
    <link:labelArc xlink:type="arc" xlink:from="jpcrp030000-asr_E34837-000_NotesRegardingCurrentPortionOfNonCurrentLiabilitiesDetailsTextBlock" xlink:to="jpcrp030000-asr_E34837-000_NotesRegardingCurrentPortionOfNonCurrentLiabilitiesDetailsTextBlock_label" xlink:arcrole="http://www.xbrl.org/2003/arcrole/concept-label" order="1" />
    <link:labelArc xlink:type="arc" xlink:from="jpcrp030000-asr_E34837-000_NotesRegardingCurrentPortionOfNonCurrentLiabilitiesDetailsTextBlock" xlink:to="jpcrp030000-asr_E34837-000_NotesRegardingCurrentPortionOfNonCurrentLiabilitiesDetailsTextBlock_label_1" xlink:arcrole="http://www.xbrl.org/2003/arcrole/concept-label" order="1" />
    <link:labelArc xlink:type="arc" xlink:from="jpcrp030000-asr_E34837-000_NumberOfEmployeesIFRSSummaryOfBusinessResults" xlink:to="jpcrp030000-asr_E34837-000_NumberOfEmployeesIFRSSummaryOfBusinessResults_label" xlink:arcrole="http://www.xbrl.org/2003/arcrole/concept-label" order="1" />
    <link:labelArc xlink:type="arc" xlink:from="jpcrp030000-asr_E34837-000_NumberOfEmployeesIFRSSummaryOfBusinessResults" xlink:to="jpcrp030000-asr_E34837-000_NumberOfEmployeesIFRSSummaryOfBusinessResults_label_1" xlink:arcrole="http://www.xbrl.org/2003/arcrole/concept-label" order="1" />
    <link:labelArc xlink:type="arc" xlink:from="jpcrp030000-asr_E34837-000_OtherAssetItemsIFRSAbstract" xlink:to="jpcrp030000-asr_E34837-000_OtherAssetItemsIFRSAbstract_label_1" xlink:arcrole="http://www.xbrl.org/2003/arcrole/concept-label" order="1" />
    <link:labelArc xlink:type="arc" xlink:from="jpcrp030000-asr_E34837-000_OtherAssetItemsIFRSAbstract" xlink:to="jpcrp030000-asr_E34837-000_OtherAssetItemsIFRSAbstract_label" xlink:arcrole="http://www.xbrl.org/2003/arcrole/concept-label" order="1" />
    <link:labelArc xlink:type="arc" xlink:from="jpcrp030000-asr_E34837-000_OtherComponentsOfEquityRelatedToDisposalGroupsClassifiedAsHeldForSaleSSIFRS" xlink:to="jpcrp030000-asr_E34837-000_OtherComponentsOfEquityRelatedToDisposalGroupsClassifiedAsHeldForSaleSSIFRS_label" xlink:arcrole="http://www.xbrl.org/2003/arcrole/concept-label" order="1" />
    <link:labelArc xlink:type="arc" xlink:from="jpcrp030000-asr_E34837-000_OtherComponentsOfEquityRelatedToDisposalGroupsClassifiedAsHeldForSaleSSIFRS" xlink:to="jpcrp030000-asr_E34837-000_OtherComponentsOfEquityRelatedToDisposalGroupsClassifiedAsHeldForSaleSSIFRS_label_1" xlink:arcrole="http://www.xbrl.org/2003/arcrole/concept-label" order="1" />
    <link:labelArc xlink:type="arc" xlink:from="jpcrp030000-asr_E34837-000_OtherEquityInstrumentsIFRS" xlink:to="jpcrp030000-asr_E34837-000_OtherEquityInstrumentsIFRS_label" xlink:arcrole="http://www.xbrl.org/2003/arcrole/concept-label" order="1" />
    <link:labelArc xlink:type="arc" xlink:from="jpcrp030000-asr_E34837-000_OtherEquityInstrumentsIFRS" xlink:to="jpcrp030000-asr_E34837-000_OtherEquityInstrumentsIFRS_label_1" xlink:arcrole="http://www.xbrl.org/2003/arcrole/concept-label" order="1" />
    <link:labelArc xlink:type="arc" xlink:from="jpcrp030000-asr_E34837-000_OtherEquityInstrumentsIFRSMember" xlink:to="jpcrp030000-asr_E34837-000_OtherEquityInstrumentsIFRSMember_label" xlink:arcrole="http://www.xbrl.org/2003/arcrole/concept-label" order="1" />
    <link:labelArc xlink:type="arc" xlink:from="jpcrp030000-asr_E34837-000_OtherEquityInstrumentsIFRSMember" xlink:to="jpcrp030000-asr_E34837-000_OtherEquityInstrumentsIFRSMember_label_1" xlink:arcrole="http://www.xbrl.org/2003/arcrole/concept-label" order="1" />
    <link:labelArc xlink:type="arc" xlink:from="jpcrp030000-asr_E34837-000_OtherProfitOrLossItemsIFRSAbstract" xlink:to="jpcrp030000-asr_E34837-000_OtherProfitOrLossItemsIFRSAbstract_label" xlink:arcrole="http://www.xbrl.org/2003/arcrole/concept-label" order="1" />
    <link:labelArc xlink:type="arc" xlink:from="jpcrp030000-asr_E34837-000_OtherProfitOrLossItemsIFRSAbstract" xlink:to="jpcrp030000-asr_E34837-000_OtherProfitOrLossItemsIFRSAbstract_label_1" xlink:arcrole="http://www.xbrl.org/2003/arcrole/concept-label" order="1" />
    <link:labelArc xlink:type="arc" xlink:from="jpcrp030000-asr_E34837-000_OverseasPowerGenerationAndRenewableEnergyBusinessReportableSegmentMember" xlink:to="jpcrp030000-asr_E34837-000_OverseasPowerGenerationAndRenewableEnergyBusinessReportableSegmentMember_label" xlink:arcrole="http://www.xbrl.org/2003/arcrole/concept-label" order="1" />
    <link:labelArc xlink:type="arc" xlink:from="jpcrp030000-asr_E34837-000_OverseasPowerGenerationAndRenewableEnergyBusinessReportableSegmentMember" xlink:to="jpcrp030000-asr_E34837-000_OverseasPowerGenerationAndRenewableEnergyBusinessReportableSegmentMember_label_1" xlink:arcrole="http://www.xbrl.org/2003/arcrole/concept-label" order="1" />
    <link:labelArc xlink:type="arc" xlink:from="jpcrp030000-asr_E34837-000_ProceedsFromSaleOfInvestmentsInSubsidiariesNotResultingInChangeInScopeOfConsolidationFinCFIFRS" xlink:to="jpcrp030000-asr_E34837-000_ProceedsFromSaleOfInvestmentsInSubsidiariesNotResultingInChangeInScopeOfConsolidationFinCFIFRS_label_1" xlink:arcrole="http://www.xbrl.org/2003/arcrole/concept-label" order="1" />
    <link:labelArc xlink:type="arc" xlink:from="jpcrp030000-asr_E34837-000_ProceedsFromSaleOfInvestmentsInSubsidiariesNotResultingInChangeInScopeOfConsolidationFinCFIFRS" xlink:to="jpcrp030000-asr_E34837-000_ProceedsFromSaleOfInvestmentsInSubsidiariesNotResultingInChangeInScopeOfConsolidationFinCFIFRS_label" xlink:arcrole="http://www.xbrl.org/2003/arcrole/concept-label" order="1" />
    <link:labelArc xlink:type="arc" xlink:from="jpcrp030000-asr_E34837-000_ReferenceToOtherInformation2StrategyMetricsAndTargets" xlink:to="jpcrp030000-asr_E34837-000_ReferenceToOtherInformation2StrategyMetricsAndTargets_label" xlink:arcrole="http://www.xbrl.org/2003/arcrole/concept-label" order="1" />
    <link:labelArc xlink:type="arc" xlink:from="jpcrp030000-asr_E34837-000_ReferenceToOtherInformation2StrategyMetricsAndTargets" xlink:to="jpcrp030000-asr_E34837-000_ReferenceToOtherInformation2StrategyMetricsAndTargets_label_1" xlink:arcrole="http://www.xbrl.org/2003/arcrole/concept-label" order="1" />
    <link:labelArc xlink:type="arc" xlink:from="jpcrp030000-asr_E34837-000_ReferenceToOtherInformation3StrategyMetricsAndTargets" xlink:to="jpcrp030000-asr_E34837-000_ReferenceToOtherInformation3StrategyMetricsAndTargets_label" xlink:arcrole="http://www.xbrl.org/2003/arcrole/concept-label" order="1" />
    <link:labelArc xlink:type="arc" xlink:from="jpcrp030000-asr_E34837-000_ReferenceToOtherInformation3StrategyMetricsAndTargets" xlink:to="jpcrp030000-asr_E34837-000_ReferenceToOtherInformation3StrategyMetricsAndTargets_label_1" xlink:arcrole="http://www.xbrl.org/2003/arcrole/concept-label" order="1" />
    <link:labelArc xlink:type="arc" xlink:from="jpcrp030000-asr_E34837-000_ReferenceToOtherInformation4StrategyMetricsAndTargets" xlink:to="jpcrp030000-asr_E34837-000_ReferenceToOtherInformation4StrategyMetricsAndTargets_label" xlink:arcrole="http://www.xbrl.org/2003/arcrole/concept-label" order="1" />
    <link:labelArc xlink:type="arc" xlink:from="jpcrp030000-asr_E34837-000_ReferenceToOtherInformation4StrategyMetricsAndTargets" xlink:to="jpcrp030000-asr_E34837-000_ReferenceToOtherInformation4StrategyMetricsAndTargets_label_1" xlink:arcrole="http://www.xbrl.org/2003/arcrole/concept-label" order="1" />
    <link:labelArc xlink:type="arc" xlink:from="jpcrp030000-asr_E34837-000_ReferenceToOtherInformationStrategyMetricsAndTargets" xlink:to="jpcrp030000-asr_E34837-000_ReferenceToOtherInformationStrategyMetricsAndTargets_label" xlink:arcrole="http://www.xbrl.org/2003/arcrole/concept-label" order="1" />
    <link:labelArc xlink:type="arc" xlink:from="jpcrp030000-asr_E34837-000_ReferenceToOtherInformationStrategyMetricsAndTargets" xlink:to="jpcrp030000-asr_E34837-000_ReferenceToOtherInformationStrategyMetricsAndTargets_label_1" xlink:arcrole="http://www.xbrl.org/2003/arcrole/concept-label" order="1" />
    <link:labelArc xlink:type="arc" xlink:from="jpcrp030000-asr_E34837-000_RenewablePowerProductionAndOtherFacilitiesElectricUtilityPlantAndEquipment" xlink:to="jpcrp030000-asr_E34837-000_RenewablePowerProductionAndOtherFacilitiesElectricUtilityPlantAndEquipment_label" xlink:arcrole="http://www.xbrl.org/2003/arcrole/concept-label" order="1" />
    <link:labelArc xlink:type="arc" xlink:from="jpcrp030000-asr_E34837-000_RenewablePowerProductionAndOtherFacilitiesElectricUtilityPlantAndEquipment" xlink:to="jpcrp030000-asr_E34837-000_RenewablePowerProductionAndOtherFacilitiesElectricUtilityPlantAndEquipment_label_1" xlink:arcrole="http://www.xbrl.org/2003/arcrole/concept-label" order="1" />
    <link:labelArc xlink:type="arc" xlink:from="jpcrp030000-asr_E34837-000_RenewablePowerProductionAndRelatedExpensesElectricUtilityOperatingExpenses" xlink:to="jpcrp030000-asr_E34837-000_RenewablePowerProductionAndRelatedExpensesElectricUtilityOperatingExpenses_label_1" xlink:arcrole="http://www.xbrl.org/2003/arcrole/concept-label" order="1" />
    <link:labelArc xlink:type="arc" xlink:from="jpcrp030000-asr_E34837-000_RenewablePowerProductionAndRelatedExpensesElectricUtilityOperatingExpenses" xlink:to="jpcrp030000-asr_E34837-000_RenewablePowerProductionAndRelatedExpensesElectricUtilityOperatingExpenses_label" xlink:arcrole="http://www.xbrl.org/2003/arcrole/concept-label" order="1" />
    <link:labelArc xlink:type="arc" xlink:from="jpcrp030000-asr_E34837-000_StrategyMetricsAndTargetsTextBlock" xlink:to="jpcrp030000-asr_E34837-000_StrategyMetricsAndTargetsTextBlock_label" xlink:arcrole="http://www.xbrl.org/2003/arcrole/concept-label" order="1" />
    <link:labelArc xlink:type="arc" xlink:from="jpcrp030000-asr_E34837-000_StrategyMetricsAndTargetsTextBlock" xlink:to="jpcrp030000-asr_E34837-000_StrategyMetricsAndTargetsTextBlock_label_1" xlink:arcrole="http://www.xbrl.org/2003/arcrole/concept-label" order="1" />
    <link:labelArc xlink:type="arc" xlink:from="jpigp_cor_ComprehensiveIncomeAttributableToNonControllingInterestsIFRS" xlink:to="jpigp_cor_ComprehensiveIncomeAttributableToNonControllingInterestsIFRS_label" xlink:arcrole="http://www.xbrl.org/2003/arcrole/concept-label" order="1" />
    <link:labelArc xlink:type="arc" xlink:from="jpigp_cor_ComprehensiveIncomeAttributableToOwnersOfParentIFRS" xlink:to="jpigp_cor_ComprehensiveIncomeAttributableToOwnersOfParentIFRS_label" xlink:arcrole="http://www.xbrl.org/2003/arcrole/concept-label" order="1" />
    <link:labelArc xlink:type="arc" xlink:from="jpigp_cor_ComprehensiveIncomeIFRS" xlink:to="jpigp_cor_ComprehensiveIncomeIFRS_label" xlink:arcrole="http://www.xbrl.org/2003/arcrole/concept-label" order="1" />
    <link:labelArc xlink:type="arc" xlink:from="jpigp_cor_DividendsPaidToNonControllingInterestsFinCFIFRS" xlink:to="jpigp_cor_DividendsPaidToNonControllingInterestsFinCFIFRS_label" xlink:arcrole="http://www.xbrl.org/2003/arcrole/concept-label" order="1" />
    <link:labelArc xlink:type="arc" xlink:from="jpigp_cor_EffectivePortionOfCashFlowHedgesIFRSMember" xlink:to="jpigp_cor_EffectivePortionOfCashFlowHedgesIFRSMember_label" xlink:arcrole="http://www.xbrl.org/2003/arcrole/concept-label" order="1" />
    <link:labelArc xlink:type="arc" xlink:from="jpigp_cor_EffectivePortionOfCashFlowHedgesNetOfTaxItemsThatMayBeReclassifiedToProfitOrLossOCIIFRS" xlink:to="jpigp_cor_EffectivePortionOfCashFlowHedgesNetOfTaxItemsThatMayBeReclassifiedToProfitOrLossOCIIFRS_label" xlink:arcrole="http://www.xbrl.org/2003/arcrole/concept-label" order="1" />
    <link:labelArc xlink:type="arc" xlink:from="jpigp_cor_FinancialAssetsMeasuredAtFairValueThroughOtherComprehensiveIncomeIFRSMember" xlink:to="jpigp_cor_FinancialAssetsMeasuredAtFairValueThroughOtherComprehensiveIncomeIFRSMember_label" xlink:arcrole="http://www.xbrl.org/2003/arcrole/concept-label" order="1" />
    <link:labelArc xlink:type="arc" xlink:from="jpigp_cor_ItemsThatMayBeReclassifiedToProfitOrLossOCIIFRSAbstract" xlink:to="jpigp_cor_ItemsThatMayBeReclassifiedToProfitOrLossOCIIFRSAbstract_label" xlink:arcrole="http://www.xbrl.org/2003/arcrole/concept-label" order="1" />
    <link:labelArc xlink:type="arc" xlink:from="jpigp_cor_NetChangeInFairValueOfEquityInstrumentsDesignatedAsMeasuredAtFairValueThroughOtherComprehensiveIncomeNetOfTaxItemsThatWillNotBeReclassifiedToProfitOrLossOCIIFRS" xlink:to="jpigp_cor_NetChangeInFairValueOfEquityInstrumentsDesignatedAsMeasuredAtFairValueThroughOtherComprehensiveIncomeNetOfTaxItemsThatWillNotBeReclassifiedToProfitOrLossOCIIFRS_label" xlink:arcrole="http://www.xbrl.org/2003/arcrole/concept-label" order="1" />
    <link:labelArc xlink:type="arc" xlink:from="jpigp_cor_NonControllingInterestsIFRSMember" xlink:to="jpigp_cor_NonControllingInterestsIFRSMember_label" xlink:arcrole="http://www.xbrl.org/2003/arcrole/concept-label" order="1" />
    <link:labelArc xlink:type="arc" xlink:from="jpigp_cor_OtherSSIFRS" xlink:to="jpigp_cor_OtherSSIFRS_label" xlink:arcrole="http://www.xbrl.org/2003/arcrole/concept-label" order="1" />
    <link:labelArc xlink:type="arc" xlink:from="jpigp_cor_PaymentsForAcquisitionOfSubsidiariesInvCFIFRS" xlink:to="jpigp_cor_PaymentsForAcquisitionOfSubsidiariesInvCFIFRS_label" xlink:arcrole="http://www.xbrl.org/2003/arcrole/concept-label" order="1" />
    <link:labelArc xlink:type="arc" xlink:from="jpigp_cor_RemeasurementsOfDefinedBenefitPlansIFRSMember" xlink:to="jpigp_cor_RemeasurementsOfDefinedBenefitPlansIFRSMember_label" xlink:arcrole="http://www.xbrl.org/2003/arcrole/concept-label" order="1" />
    <link:labelArc xlink:type="arc" xlink:from="jpigp_cor_RemeasurementsOfDefinedBenefitPlansNetOfTaxItemsThatWillNotBeReclassifiedToProfitOrLossOCIIFRS" xlink:to="jpigp_cor_RemeasurementsOfDefinedBenefitPlansNetOfTaxItemsThatWillNotBeReclassifiedToProfitOrLossOCIIFRS_label" xlink:arcrole="http://www.xbrl.org/2003/arcrole/concept-label" order="1" />
    <link:labelArc xlink:type="arc" xlink:from="jpigp_cor_RevenueIFRS" xlink:to="jpigp_cor_RevenueIFRS_label" xlink:arcrole="http://www.xbrl.org/2003/arcrole/concept-label" order="1" />
    <link:labelArc xlink:type="arc" xlink:from="jpigp_cor_ShareOfProfitLossOfInvestmentsAccountedForUsingEquityMethodIFRS" xlink:to="jpigp_cor_ShareOfProfitLossOfInvestmentsAccountedForUsingEquityMethodIFRS_label" xlink:arcrole="http://www.xbrl.org/2003/arcrole/concept-label" order="1" />
    <link:labelArc xlink:type="arc" xlink:from="jpigp_cor_SoftwareAccumulatedAmortizationAndImpairmentLossesIFRS" xlink:to="jpigp_cor_SoftwareAccumulatedAmortizationAndImpairmentLossesIFRS_label" xlink:arcrole="http://www.xbrl.org/2003/arcrole/concept-label" order="1" />
    <link:labelArc xlink:type="arc" xlink:from="jpigp_cor_SoftwareAcquisitionCostIFRS" xlink:to="jpigp_cor_SoftwareAcquisitionCostIFRS_label" xlink:arcrole="http://www.xbrl.org/2003/arcrole/concept-label" order="1" />
    <link:labelArc xlink:type="arc" xlink:from="jpigp_cor_SoftwareIFRS" xlink:to="jpigp_cor_SoftwareIFRS_label" xlink:arcrole="http://www.xbrl.org/2003/arcrole/concept-label" order="1" />
    <link:labelArc xlink:type="arc" xlink:from="jpigp_cor_TotalTransactionsWithOwnersIFRS" xlink:to="jpigp_cor_TotalTransactionsWithOwnersIFRS_label" xlink:arcrole="http://www.xbrl.org/2003/arcrole/concept-label" order="1" />
    <link:labelArc xlink:type="arc" xlink:from="jpigp_cor_TransactionsWithOwnersIFRSAbstract" xlink:to="jpigp_cor_TransactionsWithOwnersIFRSAbstract_label" xlink:arcrole="http://www.xbrl.org/2003/arcrole/concept-label" order="1" />
  </link:labelLink>
</link:linkbase>