﻿<?xml version="1.0" encoding="utf-8"?>
<!-- Edited with FutureStage XBRL Solution Library .NET 01-11 -->
<link:linkbase xmlns:xlink="http://www.w3.org/1999/xlink" xmlns:xsi="http://www.w3.org/2001/XMLSchema-instance" xmlns:link="http://www.xbrl.org/2003/linkbase">
  <link:roleRef xlink:type="simple" xlink:href="http://disclosure.edinet-fsa.go.jp/taxonomy/jpcrp/2022-11-01/jpcrp_rt_2022-11-01.xsd#rol_altLabel" roleURI="http://disclosure.edinet-fsa.go.jp/jpcrp/alt/role/label" />
  <link:roleRef xlink:type="simple" xlink:href="http://disclosure.edinet-fsa.go.jp/taxonomy/jpcrp/2022-11-01/jpcrp_rt_2022-11-01.xsd#rol_altTotalLabel" roleURI="http://disclosure.edinet-fsa.go.jp/jpcrp/alt/role/totalLabel" />
  <link:labelLink xlink:type="extended" xlink:role="http://www.xbrl.org/2003/role/link">
    <link:label xml:lang="ja" xlink:type="resource" xlink:label="jpcrp030000-asr_E34837-000_AmountOfNonFinancialAssetsReclassifiedToAcquisitionCostSSIFRS_label" xlink:role="http://www.xbrl.org/2003/role/label">非金融資産の取得価額への振替</link:label>
    <link:label xml:lang="ja" xlink:type="resource" xlink:label="jpcrp030000-asr_E34837-000_AmountOfNonFinancialAssetsReclassifiedToAcquisitionCostSSIFRS_label_1" xlink:role="http://www.xbrl.org/2003/role/verboseLabel">非金融資産の取得価額への振替、持分変動計算書（IFRS）</link:label>
    <link:label xml:lang="ja" xlink:type="resource" xlink:label="jpcrp030000-asr_E34837-000_AmountsRecognizedInOtherComprehensiveIncomeAndAccumulatedInEquityRelatingToAssetsHeldForSaleIFRS_label" xlink:role="http://www.xbrl.org/2003/role/label">売却目的で保有する資産に関連してその他の包括利益に認識され資本に累積される金額</link:label>
    <link:label xml:lang="ja" xlink:type="resource" xlink:label="jpcrp030000-asr_E34837-000_AmountsRecognizedInOtherComprehensiveIncomeAndAccumulatedInEquityRelatingToAssetsHeldForSaleIFRS_label_1" xlink:role="http://www.xbrl.org/2003/role/verboseLabel">売却目的で保有する資産に関連してその他の包括利益に認識され資本に累積される金額（IFRS）</link:label>
    <link:label xml:lang="ja" xlink:type="resource" xlink:label="jpcrp030000-asr_E34837-000_AmountsRecognizedInOtherComprehensiveIncomeAndAccumulatedInEquityRelatingToAssetsHeldForSaleIFRSMember_label" xlink:role="http://www.xbrl.org/2003/role/label">売却目的で保有する資産に関連してその他の包括利益に認識され資本に累積される金額</link:label>
    <link:label xml:lang="ja" xlink:type="resource" xlink:label="jpcrp030000-asr_E34837-000_AmountsRecognizedInOtherComprehensiveIncomeAndAccumulatedInEquityRelatingToAssetsHeldForSaleIFRSMember_label_1" xlink:role="http://www.xbrl.org/2003/role/verboseLabel">売却目的で保有する資産に関連してその他の包括利益に認識され資本に累積される金額（IFRS） [メンバー]</link:label>
    <link:label xml:lang="ja" xlink:type="resource" xlink:label="jpcrp030000-asr_E34837-000_CapitalIncreaseOfConsolidatedSubsidiariesIFRS_label" xlink:role="http://www.xbrl.org/2003/role/label">連結子会社の増資による持分の変動</link:label>
    <link:label xml:lang="ja" xlink:type="resource" xlink:label="jpcrp030000-asr_E34837-000_CapitalIncreaseOfConsolidatedSubsidiariesIFRS_label_1" xlink:role="http://www.xbrl.org/2003/role/verboseLabel">連結子会社の増資による持分の変動（IFRS）</link:label>
    <link:label xml:lang="ja" xlink:type="resource" xlink:label="jpcrp030000-asr_E34837-000_ChangesDueToPutOptionsSoldByNonControllingInterestsIFRS_label" xlink:role="http://www.xbrl.org/2003/role/label">非支配持分に係る売建プット・オプションによる変動</link:label>
    <link:label xml:lang="ja" xlink:type="resource" xlink:label="jpcrp030000-asr_E34837-000_ChangesDueToPutOptionsSoldByNonControllingInterestsIFRS_label_1" xlink:role="http://www.xbrl.org/2003/role/verboseLabel">非支配持分に係る売建プット・オプションによる変動（IFRS）</link:label>
    <link:label xml:lang="ja" xlink:type="resource" xlink:label="jpcrp030000-asr_E34837-000_DecreaseIncreaseInOtherAssetsOpeCFIFRS_label" xlink:role="http://www.xbrl.org/2003/role/label">その他の資産の増減額（△は増加）</link:label>
    <link:label xml:lang="ja" xlink:type="resource" xlink:label="jpcrp030000-asr_E34837-000_DecreaseIncreaseInOtherAssetsOpeCFIFRS_label_1" xlink:role="http://www.xbrl.org/2003/role/verboseLabel">その他の資産の増減額（△は増加）、営業活動によるキャッシュ・フロー（IFRS）</link:label>
    <link:label xml:lang="ja" xlink:type="resource" xlink:label="jpcrp030000-asr_E34837-000_DisclosureOfSustainabilityRelatedFinancialInformationHeading_label" xlink:role="http://www.xbrl.org/2003/role/label">サステナビリティに関する考え方及び取組</link:label>
    <link:label xml:lang="ja" xlink:type="resource" xlink:label="jpcrp030000-asr_E34837-000_DisclosureOfSustainabilityRelatedFinancialInformationHeading_label_1" xlink:role="http://www.xbrl.org/2003/role/verboseLabel">サステナビリティに関する考え方及び取組 [目次項目]</link:label>
    <link:label xml:lang="ja" xlink:type="resource" xlink:label="jpcrp030000-asr_E34837-000_DisclosureOfSustainabilityRelatedFinancialInformationTextBlock_label" xlink:role="http://www.xbrl.org/2003/role/label">サステナビリティに関する考え方及び取組</link:label>
    <link:label xml:lang="ja" xlink:type="resource" xlink:label="jpcrp030000-asr_E34837-000_DisclosureOfSustainabilityRelatedFinancialInformationTextBlock_label_1" xlink:role="http://www.xbrl.org/2003/role/verboseLabel">サステナビリティに関する考え方及び取組 [テキストブロック]</link:label>
    <link:label xml:lang="ja" xlink:type="resource" xlink:label="jpcrp030000-asr_E34837-000_DomesticThermalPowerGenerationAndGasSupplyBusinessReportableSegmentMember_label" xlink:role="http://www.xbrl.org/2003/role/label">国内火力・ガス事業</link:label>
    <link:label xml:lang="ja" xlink:type="resource" xlink:label="jpcrp030000-asr_E34837-000_DomesticThermalPowerGenerationAndGasSupplyBusinessReportableSegmentMember_label_1" xlink:role="http://www.xbrl.org/2003/role/verboseLabel">国内火力・ガス事業、報告セグメント [メンバー]</link:label>
    <link:label xml:lang="ja" xlink:type="resource" xlink:label="jpcrp030000-asr_E34837-000_FuelBusinessReportableSegmentMember_label" xlink:role="http://www.xbrl.org/2003/role/label">燃料事業</link:label>
    <link:label xml:lang="ja" xlink:type="resource" xlink:label="jpcrp030000-asr_E34837-000_FuelBusinessReportableSegmentMember_label_1" xlink:role="http://www.xbrl.org/2003/role/verboseLabel">燃料事業、報告セグメント [メンバー]</link:label>
    <link:label xml:lang="ja" xlink:type="resource" xlink:label="jpcrp030000-asr_E34837-000_GovernanceTextBlock_label" xlink:role="http://www.xbrl.org/2003/role/label">ガバナンス</link:label>
    <link:label xml:lang="ja" xlink:type="resource" xlink:label="jpcrp030000-asr_E34837-000_GovernanceTextBlock_label_1" xlink:role="http://www.xbrl.org/2003/role/verboseLabel">ガバナンス [テキストブロック]</link:label>
    <link:label xml:lang="ja" xlink:type="resource" xlink:label="jpcrp030000-asr_E34837-000_IncreaseDecreaseInDerivativeAssetsOrLiabilitiesOpeCFIFRS_label" xlink:role="http://www.xbrl.org/2003/role/label">デリバティブ資産及びデリバティブ負債の増減額</link:label>
    <link:label xml:lang="ja" xlink:type="resource" xlink:label="jpcrp030000-asr_E34837-000_IncreaseDecreaseInDerivativeAssetsOrLiabilitiesOpeCFIFRS_label_1" xlink:role="http://www.xbrl.org/2003/role/verboseLabel">デリバティブ資産及びデリバティブ負債の増減額、営業活動によるキャッシュ・フロー（IFRS）</link:label>
    <link:label xml:lang="ja" xlink:type="resource" xlink:label="jpcrp030000-asr_E34837-000_IncreaseDecreaseInOtherLiabilitiesOpeCFIFRS_label" xlink:role="http://www.xbrl.org/2003/role/label">その他の負債の増減額（△は減少）</link:label>
    <link:label xml:lang="ja" xlink:type="resource" xlink:label="jpcrp030000-asr_E34837-000_IncreaseDecreaseInOtherLiabilitiesOpeCFIFRS_label_1" xlink:role="http://www.xbrl.org/2003/role/verboseLabel">その他の負債の増減額（△は減少）、営業活動によるキャッシュ・フロー（IFRS）</link:label>
    <link:label xml:lang="ja" xlink:type="resource" xlink:label="jpcrp030000-asr_E34837-000_IssuanceIncomeOfOtherCapitalInstrumentsFinCFIFRS_label" xlink:role="http://www.xbrl.org/2003/role/label">その他資本性金融商品の発行による収入</link:label>
    <link:label xml:lang="ja" xlink:type="resource" xlink:label="jpcrp030000-asr_E34837-000_IssuanceIncomeOfOtherCapitalInstrumentsFinCFIFRS_label_1" xlink:role="http://www.xbrl.org/2003/role/verboseLabel">その他資本性金融商品の発行による収入、財務活動によるキャッシュ・フロー（IFRS）</link:label>
    <link:label xml:lang="ja" xlink:type="resource" xlink:label="jpcrp030000-asr_E34837-000_IssuanceOfOtherEquityInstrumentsIFRS_label" xlink:role="http://www.xbrl.org/2003/role/label">その他資本性金融商品の発行</link:label>
    <link:label xml:lang="ja" xlink:type="resource" xlink:label="jpcrp030000-asr_E34837-000_IssuanceOfOtherEquityInstrumentsIFRS_label_1" xlink:role="http://www.xbrl.org/2003/role/verboseLabel">その他資本性金融商品の発行（IFRS）</link:label>
    <link:label xml:lang="ja" xlink:type="resource" xlink:label="jpcrp030000-asr_E34837-000_NetIncreaseDecreaseInCommercialPaperFinCFIFRS_label" xlink:role="http://www.xbrl.org/2003/role/label">コマーシャル・ペーパーの純増減額（△は減少）</link:label>
    <link:label xml:lang="ja" xlink:type="resource" xlink:label="jpcrp030000-asr_E34837-000_NetIncreaseDecreaseInCommercialPaperFinCFIFRS_label_1" xlink:role="http://www.xbrl.org/2003/role/verboseLabel">コマーシャル・ペーパーの純増減額（△は減少）、財務活動によるキャッシュ・フロー（IFRS）</link:label>
    <link:label xml:lang="ja" xlink:type="resource" xlink:label="jpcrp030000-asr_E34837-000_NotesAdditionalInformationTextBlock_label" xlink:role="http://www.xbrl.org/2003/role/label">注記事項－追加情報</link:label>
    <link:label xml:lang="ja" xlink:type="resource" xlink:label="jpcrp030000-asr_E34837-000_NotesAdditionalInformationTextBlock_label_1" xlink:role="http://www.xbrl.org/2003/role/verboseLabel">注記事項－追加情報 [テキストブロック]</link:label>
    <link:label xml:lang="ja" xlink:type="resource" xlink:label="jpcrp030000-asr_E34837-000_NotesFairValueMeasurementConsolidatedFinancialStatementsIFRSHeading_label" xlink:role="http://www.xbrl.org/2003/role/label">注記事項－公正価値測定</link:label>
    <link:label xml:lang="ja" xlink:type="resource" xlink:label="jpcrp030000-asr_E34837-000_NotesFairValueMeasurementConsolidatedFinancialStatementsIFRSHeading_label_1" xlink:role="http://www.xbrl.org/2003/role/verboseLabel">注記事項－公正価値測定、連結財務諸表（IFRS） [目次項目]</link:label>
    <link:label xml:lang="ja" xlink:type="resource" xlink:label="jpcrp030000-asr_E34837-000_NotesFairValueMeasurementConsolidatedFinancialStatementsIFRSTextBlock_label" xlink:role="http://www.xbrl.org/2003/role/label">注記事項－公正価値測定</link:label>
    <link:label xml:lang="ja" xlink:type="resource" xlink:label="jpcrp030000-asr_E34837-000_NotesFairValueMeasurementConsolidatedFinancialStatementsIFRSTextBlock_label_1" xlink:role="http://www.xbrl.org/2003/role/verboseLabel">注記事項－公正価値測定、連結財務諸表（IFRS） [テキストブロック]</link:label>
    <link:label xml:lang="ja" xlink:type="resource" xlink:label="jpcrp030000-asr_E34837-000_NotesRegardingAmountOfNonCurrentAssetsInIncidentalBusinessesTextBlock_label" xlink:role="http://www.xbrl.org/2003/role/label">附帯事業に係る固定資産の金額に関する注記</link:label>
    <link:label xml:lang="ja" xlink:type="resource" xlink:label="jpcrp030000-asr_E34837-000_NotesRegardingAmountOfNonCurrentAssetsInIncidentalBusinessesTextBlock_label_1" xlink:role="http://www.xbrl.org/2003/role/verboseLabel">附帯事業に係る固定資産の金額に関する注記 [テキストブロック]</link:label>
    <link:label xml:lang="ja" xlink:type="resource" xlink:label="jpcrp030000-asr_E34837-000_NotesRegardingComponentsOfAccruedTaxesTextBlock_label" xlink:role="http://www.xbrl.org/2003/role/label">未払税金の内訳に関する注記</link:label>
    <link:label xml:lang="ja" xlink:type="resource" xlink:label="jpcrp030000-asr_E34837-000_NotesRegardingComponentsOfAccruedTaxesTextBlock_label_1" xlink:role="http://www.xbrl.org/2003/role/verboseLabel">未払税金の内訳に関する注記 [テキストブロック]</link:label>
    <link:label xml:lang="ja" xlink:type="resource" xlink:label="jpcrp030000-asr_E34837-000_NotesRegardingCurrentPortionOfNonCurrentLiabilitiesDetailsTextBlock_label" xlink:role="http://www.xbrl.org/2003/role/label">1年以内に期限到来の固定負債の内訳に関する注記</link:label>
    <link:label xml:lang="ja" xlink:type="resource" xlink:label="jpcrp030000-asr_E34837-000_NotesRegardingCurrentPortionOfNonCurrentLiabilitiesDetailsTextBlock_label_1" xlink:role="http://www.xbrl.org/2003/role/verboseLabel">1年以内に期限到来の固定負債の内訳に関する注記 [テキストブロック]</link:label>
    <link:label xml:lang="ja" xlink:type="resource" xlink:label="jpcrp030000-asr_E34837-000_NumberOfEmployeesIFRSSummaryOfBusinessResults_label" xlink:role="http://www.xbrl.org/2003/role/label">従業員数（IFRS）</link:label>
    <link:label xml:lang="ja" xlink:type="resource" xlink:label="jpcrp030000-asr_E34837-000_NumberOfEmployeesIFRSSummaryOfBusinessResults_label_1" xlink:role="http://www.xbrl.org/2003/role/verboseLabel">従業員数（IFRS）、経営指標等</link:label>
    <link:label xml:lang="ja" xlink:type="resource" xlink:label="jpcrp030000-asr_E34837-000_OtherAssetItemsIFRSAbstract_label" xlink:role="http://www.xbrl.org/2003/role/label">その他の資産項目</link:label>
    <link:label xml:lang="ja" xlink:type="resource" xlink:label="jpcrp030000-asr_E34837-000_OtherAssetItemsIFRSAbstract_label_1" xlink:role="http://www.xbrl.org/2003/role/verboseLabel">その他の資産項目（IFRS） [タイトル項目]</link:label>
    <link:label xml:lang="ja" xlink:type="resource" xlink:label="jpcrp030000-asr_E34837-000_OtherComponentsOfEquityRelatedToDisposalGroupsClassifiedAsHeldForSaleSSIFRS_label" xlink:role="http://www.xbrl.org/2003/role/label">売却目的保有に分類される処分グループに係るその他の資本の構成要素</link:label>
    <link:label xml:lang="ja" xlink:type="resource" xlink:label="jpcrp030000-asr_E34837-000_OtherComponentsOfEquityRelatedToDisposalGroupsClassifiedAsHeldForSaleSSIFRS_label_1" xlink:role="http://www.xbrl.org/2003/role/verboseLabel">売却目的保有に分類される処分グループに係るその他の資本の構成要素、持分変動計算書（IFRS）</link:label>
    <link:label xml:lang="ja" xlink:type="resource" xlink:label="jpcrp030000-asr_E34837-000_OtherEquityInstrumentsIFRS_label" xlink:role="http://www.xbrl.org/2003/role/label">その他資本性金融商品</link:label>
    <link:label xml:lang="ja" xlink:type="resource" xlink:label="jpcrp030000-asr_E34837-000_OtherEquityInstrumentsIFRS_label_1" xlink:role="http://www.xbrl.org/2003/role/verboseLabel">その他資本性金融商品（IFRS）</link:label>
    <link:label xml:lang="ja" xlink:type="resource" xlink:label="jpcrp030000-asr_E34837-000_OtherEquityInstrumentsIFRSMember_label" xlink:role="http://www.xbrl.org/2003/role/label">その他資本性金融商品</link:label>
    <link:label xml:lang="ja" xlink:type="resource" xlink:label="jpcrp030000-asr_E34837-000_OtherEquityInstrumentsIFRSMember_label_1" xlink:role="http://www.xbrl.org/2003/role/verboseLabel">その他資本性金融商品（IFRS） [メンバー]</link:label>
    <link:label xml:lang="ja" xlink:type="resource" xlink:label="jpcrp030000-asr_E34837-000_OtherProfitOrLossItemsIFRSAbstract_label" xlink:role="http://www.xbrl.org/2003/role/label">その他の損益項目</link:label>
    <link:label xml:lang="ja" xlink:type="resource" xlink:label="jpcrp030000-asr_E34837-000_OtherProfitOrLossItemsIFRSAbstract_label_1" xlink:role="http://www.xbrl.org/2003/role/verboseLabel">その他の損益項目（IFRS） [タイトル項目]</link:label>
    <link:label xml:lang="ja" xlink:type="resource" xlink:label="jpcrp030000-asr_E34837-000_OverseasPowerGenerationBusinessReportableSegmentMember_label" xlink:role="http://www.xbrl.org/2003/role/label">海外発電事業</link:label>
    <link:label xml:lang="ja" xlink:type="resource" xlink:label="jpcrp030000-asr_E34837-000_OverseasPowerGenerationBusinessReportableSegmentMember_label_1" xlink:role="http://www.xbrl.org/2003/role/verboseLabel">海外発電事業、報告セグメント [メンバー]</link:label>
    <link:label xml:lang="ja" xlink:type="resource" xlink:label="jpcrp030000-asr_E34837-000_PolicyOnHumanResourceDevelopmentAndImprovementOfInternalEnvironmentStrategyTextBlock_label" xlink:role="http://www.xbrl.org/2003/role/label">人材の育成及び社内環境整備に関する方針</link:label>
    <link:label xml:lang="ja" xlink:type="resource" xlink:label="jpcrp030000-asr_E34837-000_PolicyOnHumanResourceDevelopmentAndImprovementOfInternalEnvironmentStrategyTextBlock_label_1" xlink:role="http://www.xbrl.org/2003/role/verboseLabel">人材の育成及び社内環境整備に関する方針、戦略 [テキストブロック]</link:label>
    <link:label xml:lang="ja" xlink:type="resource" xlink:label="jpcrp030000-asr_E34837-000_ProvisionOfReserveForResourcePriceFluctuations_label" xlink:role="http://www.xbrl.org/2003/role/label">資源価格変動積立金の積立</link:label>
    <link:label xml:lang="ja" xlink:type="resource" xlink:label="jpcrp030000-asr_E34837-000_ProvisionOfReserveForResourcePriceFluctuations_label_1" xlink:role="http://www.xbrl.org/2003/role/verboseLabel">資源価格変動積立金の積立</link:label>
    <link:label xml:lang="ja" xlink:type="resource" xlink:label="jpcrp030000-asr_E34837-000_ReferenceToOtherInformation2Strategy_label" xlink:role="http://www.xbrl.org/2003/role/label">他の記載への参照2</link:label>
    <link:label xml:lang="ja" xlink:type="resource" xlink:label="jpcrp030000-asr_E34837-000_ReferenceToOtherInformation2Strategy_label_1" xlink:role="http://www.xbrl.org/2003/role/verboseLabel">他の記載への参照2、戦略</link:label>
    <link:label xml:lang="ja" xlink:type="resource" xlink:label="jpcrp030000-asr_E34837-000_ReferenceToOtherInformationStrategy_label" xlink:role="http://www.xbrl.org/2003/role/label">他の記載への参照</link:label>
    <link:label xml:lang="ja" xlink:type="resource" xlink:label="jpcrp030000-asr_E34837-000_ReferenceToOtherInformationStrategy_label_1" xlink:role="http://www.xbrl.org/2003/role/verboseLabel">他の記載への参照、戦略</link:label>
    <link:label xml:lang="ja" xlink:type="resource" xlink:label="jpcrp030000-asr_E34837-000_ReserveForResourcePriceFluctuationsMember_label" xlink:role="http://www.xbrl.org/2003/role/label">資源価格変動積立金</link:label>
    <link:label xml:lang="ja" xlink:type="resource" xlink:label="jpcrp030000-asr_E34837-000_ReserveForResourcePriceFluctuationsMember_label_1" xlink:role="http://www.xbrl.org/2003/role/verboseLabel">資源価格変動積立金 [メンバー]</link:label>
    <link:label xml:lang="ja" xlink:type="resource" xlink:label="jpcrp030000-asr_E34837-000_ReversalOfReserveForResourcePriceFluctuations_label" xlink:role="http://www.xbrl.org/2003/role/label">資源価格変動積立金の取崩</link:label>
    <link:label xml:lang="ja" xlink:type="resource" xlink:label="jpcrp030000-asr_E34837-000_ReversalOfReserveForResourcePriceFluctuations_label_1" xlink:role="http://www.xbrl.org/2003/role/verboseLabel">資源価格変動積立金の取崩</link:label>
    <link:label xml:lang="ja" xlink:type="resource" xlink:label="jpcrp030000-asr_E34837-000_RiskManagementTextBlock_label" xlink:role="http://www.xbrl.org/2003/role/label">リスク管理</link:label>
    <link:label xml:lang="ja" xlink:type="resource" xlink:label="jpcrp030000-asr_E34837-000_RiskManagementTextBlock_label_1" xlink:role="http://www.xbrl.org/2003/role/verboseLabel">リスク管理 [テキストブロック]</link:label>
    <link:label xml:lang="ja" xlink:type="resource" xlink:label="jpcrp030000-asr_E34837-000_StrategyMetricsAndTargetsTextBlock_label" xlink:role="http://www.xbrl.org/2003/role/label">戦略並びに指標及び目標</link:label>
    <link:label xml:lang="ja" xlink:type="resource" xlink:label="jpcrp030000-asr_E34837-000_StrategyMetricsAndTargetsTextBlock_label_1" xlink:role="http://www.xbrl.org/2003/role/verboseLabel">戦略並びに指標及び目標 [テキストブロック]</link:label>
    <link:label xml:lang="ja" xlink:type="resource" xlink:label="jpcrp030000-asr_E34837-000_TransferToCapitalStockFromCapitalSurplusIFRS_label" xlink:role="http://www.xbrl.org/2003/role/label">資本剰余金から資本金への振替</link:label>
    <link:label xml:lang="ja" xlink:type="resource" xlink:label="jpcrp030000-asr_E34837-000_TransferToCapitalStockFromCapitalSurplusIFRS_label_1" xlink:role="http://www.xbrl.org/2003/role/verboseLabel">資本剰余金から資本金への振替（IFRS）</link:label>
    <link:label xml:lang="ja" xlink:type="resource" xlink:label="jpcrp030000-asr_E34837-000_TransferToCapitalStockFromOtherCapitalReserve_label" xlink:role="http://www.xbrl.org/2003/role/label">その他資本剰余金から資本金への振替</link:label>
    <link:label xml:lang="ja" xlink:type="resource" xlink:label="jpcrp030000-asr_E34837-000_TransferToCapitalStockFromOtherCapitalReserve_label_1" xlink:role="http://www.xbrl.org/2003/role/verboseLabel">その他資本剰余金から資本金への振替</link:label>
    <link:label xml:lang="ja" xlink:type="resource" xlink:label="jpcrp030000-asr_E34837-000_TransferToLegalCapitalReserveFromOtherCapitalReserve_label" xlink:role="http://www.xbrl.org/2003/role/label">その他資本剰余金から資本準備金への振替</link:label>
    <link:label xml:lang="ja" xlink:type="resource" xlink:label="jpcrp030000-asr_E34837-000_TransferToLegalCapitalReserveFromOtherCapitalReserve_label_1" xlink:role="http://www.xbrl.org/2003/role/verboseLabel">その他資本剰余金から資本準備金への振替</link:label>
    <link:label xml:lang="ja" xlink:type="resource" xlink:label="jpigp_cor_ComprehensiveIncomeAttributableToNonControllingInterestsIFRS_label" xlink:role="http://disclosure.edinet-fsa.go.jp/jpcrp/alt/role/label">非支配株主</link:label>
    <link:label xml:lang="ja" xlink:type="resource" xlink:label="jpigp_cor_ComprehensiveIncomeAttributableToOwnersOfParentIFRS_label" xlink:role="http://disclosure.edinet-fsa.go.jp/jpcrp/alt/role/label">親会社株主</link:label>
    <link:label xml:lang="ja" xlink:type="resource" xlink:label="jpigp_cor_DividendsPaidToNonControllingInterestsFinCFIFRS_label" xlink:role="http://disclosure.edinet-fsa.go.jp/jpcrp/alt/role/label">非支配株主への配当金の支払額</link:label>
    <link:label xml:lang="ja" xlink:type="resource" xlink:label="jpigp_cor_EffectivePortionOfCashFlowHedgesIFRSMember_label" xlink:role="http://disclosure.edinet-fsa.go.jp/jpcrp/alt/role/label">キャッシュ・フロー・ヘッジの公正価値の変動額の有効部分</link:label>
    <link:label xml:lang="ja" xlink:type="resource" xlink:label="jpigp_cor_EffectivePortionOfCashFlowHedgesNetOfTaxItemsThatMayBeReclassifiedToProfitOrLossOCIIFRS_label" xlink:role="http://disclosure.edinet-fsa.go.jp/jpcrp/alt/role/label">キャッシュ・フロー・ヘッジの公正価値の変動額の有効部分</link:label>
    <link:label xml:lang="ja" xlink:type="resource" xlink:label="jpigp_cor_FinancialAssetsMeasuredAtFairValueThroughOtherComprehensiveIncomeIFRSMember_label" xlink:role="http://disclosure.edinet-fsa.go.jp/jpcrp/alt/role/label">その他の包括利益を通じて測定する金融資産の公正価値の純変動</link:label>
    <link:label xml:lang="ja" xlink:type="resource" xlink:label="jpigp_cor_ImpairmentLossesReversalOfImpairmentLossesOpeCFIFRS_label" xlink:role="http://disclosure.edinet-fsa.go.jp/jpcrp/alt/role/label">減損損失及び減損損失戻入</link:label>
    <link:label xml:lang="ja" xlink:type="resource" xlink:label="jpigp_cor_ItemsThatMayBeReclassifiedToProfitOrLossOCIIFRSAbstract_label" xlink:role="http://disclosure.edinet-fsa.go.jp/jpcrp/alt/role/label">純損益に振り替えられる可能性がある項目</link:label>
    <link:label xml:lang="ja" xlink:type="resource" xlink:label="jpigp_cor_NetChangeInFairValueOfEquityInstrumentsDesignatedAsMeasuredAtFairValueThroughOtherComprehensiveIncomeNetOfTaxItemsThatWillNotBeReclassifiedToProfitOrLossOCIIFRS_label" xlink:role="http://disclosure.edinet-fsa.go.jp/jpcrp/alt/role/label">その他の包括利益を通じて測定する金融資産の公正価値の純変動</link:label>
    <link:label xml:lang="ja" xlink:type="resource" xlink:label="jpigp_cor_NonControllingInterestsIFRSMember_label" xlink:role="http://disclosure.edinet-fsa.go.jp/jpcrp/alt/role/label">非支配株主持分</link:label>
    <link:label xml:lang="ja" xlink:type="resource" xlink:label="jpigp_cor_OtherSSIFRS_label" xlink:role="http://disclosure.edinet-fsa.go.jp/jpcrp/alt/role/label">その他の増減</link:label>
    <link:label xml:lang="ja" xlink:type="resource" xlink:label="jpigp_cor_PaymentsForAcquisitionOfSubsidiariesInvCFIFRS_label" xlink:role="http://disclosure.edinet-fsa.go.jp/jpcrp/alt/role/label">連結範囲の変更を伴う子会社の取得による支出</link:label>
    <link:label xml:lang="ja" xlink:type="resource" xlink:label="jpigp_cor_RemeasurementsOfDefinedBenefitPlansIFRSMember_label" xlink:role="http://disclosure.edinet-fsa.go.jp/jpcrp/alt/role/label">確定給付型退職給付制度の再測定</link:label>
    <link:label xml:lang="ja" xlink:type="resource" xlink:label="jpigp_cor_RemeasurementsOfDefinedBenefitPlansNetOfTaxItemsThatWillNotBeReclassifiedToProfitOrLossOCIIFRS_label" xlink:role="http://disclosure.edinet-fsa.go.jp/jpcrp/alt/role/label">確定給付型退職給付制度の再測定</link:label>
    <link:label xml:lang="ja" xlink:type="resource" xlink:label="jpigp_cor_RevenueIFRS_label" xlink:role="http://disclosure.edinet-fsa.go.jp/jpcrp/alt/role/totalLabel">合計</link:label>
    <link:label xml:lang="ja" xlink:type="resource" xlink:label="jpigp_cor_ReversalOfImpairmentLossesIFRS_label" xlink:role="http://disclosure.edinet-fsa.go.jp/jpcrp/alt/role/label">減損損失の戻入</link:label>
    <link:label xml:lang="ja" xlink:type="resource" xlink:label="jpigp_cor_ShareOfProfitLossOfInvestmentsAccountedForUsingEquityMethodIFRS_label" xlink:role="http://disclosure.edinet-fsa.go.jp/jpcrp/alt/role/label">持分法による投資損益</link:label>
    <link:label xml:lang="ja" xlink:type="resource" xlink:label="jpigp_cor_SoftwareAccumulatedAmortizationAndImpairmentLossesIFRS_label" xlink:role="http://disclosure.edinet-fsa.go.jp/jpcrp/alt/role/label">ソフトウェア</link:label>
    <link:label xml:lang="ja" xlink:type="resource" xlink:label="jpigp_cor_SoftwareAcquisitionCostIFRS_label" xlink:role="http://disclosure.edinet-fsa.go.jp/jpcrp/alt/role/label">ソフトウェア</link:label>
    <link:label xml:lang="ja" xlink:type="resource" xlink:label="jpigp_cor_SoftwareIFRS_label" xlink:role="http://disclosure.edinet-fsa.go.jp/jpcrp/alt/role/label">ソフトウェア</link:label>
    <link:label xml:lang="ja" xlink:type="resource" xlink:label="jpigp_cor_TotalTransactionsWithOwnersIFRS_label" xlink:role="http://disclosure.edinet-fsa.go.jp/jpcrp/alt/role/label">所有者との取引額等合計</link:label>
    <link:label xml:lang="ja" xlink:type="resource" xlink:label="jpigp_cor_TransactionsWithOwnersIFRSAbstract_label" xlink:role="http://disclosure.edinet-fsa.go.jp/jpcrp/alt/role/label">所有者との取引額等</link:label>
    <link:loc xlink:type="locator" xlink:href="http://disclosure.edinet-fsa.go.jp/taxonomy/jpigp/2022-11-01/jpigp_cor_2022-11-01.xsd#jpigp_cor_ComprehensiveIncomeAttributableToNonControllingInterestsIFRS" xlink:label="jpigp_cor_ComprehensiveIncomeAttributableToNonControllingInterestsIFRS" />
    <link:loc xlink:type="locator" xlink:href="http://disclosure.edinet-fsa.go.jp/taxonomy/jpigp/2022-11-01/jpigp_cor_2022-11-01.xsd#jpigp_cor_ComprehensiveIncomeAttributableToOwnersOfParentIFRS" xlink:label="jpigp_cor_ComprehensiveIncomeAttributableToOwnersOfParentIFRS" />
    <link:loc xlink:type="locator" xlink:href="http://disclosure.edinet-fsa.go.jp/taxonomy/jpigp/2022-11-01/jpigp_cor_2022-11-01.xsd#jpigp_cor_DividendsPaidToNonControllingInterestsFinCFIFRS" xlink:label="jpigp_cor_DividendsPaidToNonControllingInterestsFinCFIFRS" />
    <link:loc xlink:type="locator" xlink:href="http://disclosure.edinet-fsa.go.jp/taxonomy/jpigp/2022-11-01/jpigp_cor_2022-11-01.xsd#jpigp_cor_EffectivePortionOfCashFlowHedgesIFRSMember" xlink:label="jpigp_cor_EffectivePortionOfCashFlowHedgesIFRSMember" />
    <link:loc xlink:type="locator" xlink:href="http://disclosure.edinet-fsa.go.jp/taxonomy/jpigp/2022-11-01/jpigp_cor_2022-11-01.xsd#jpigp_cor_EffectivePortionOfCashFlowHedgesNetOfTaxItemsThatMayBeReclassifiedToProfitOrLossOCIIFRS" xlink:label="jpigp_cor_EffectivePortionOfCashFlowHedgesNetOfTaxItemsThatMayBeReclassifiedToProfitOrLossOCIIFRS" />
    <link:loc xlink:type="locator" xlink:href="http://disclosure.edinet-fsa.go.jp/taxonomy/jpigp/2022-11-01/jpigp_cor_2022-11-01.xsd#jpigp_cor_FinancialAssetsMeasuredAtFairValueThroughOtherComprehensiveIncomeIFRSMember" xlink:label="jpigp_cor_FinancialAssetsMeasuredAtFairValueThroughOtherComprehensiveIncomeIFRSMember" />
    <link:loc xlink:type="locator" xlink:href="http://disclosure.edinet-fsa.go.jp/taxonomy/jpigp/2022-11-01/jpigp_cor_2022-11-01.xsd#jpigp_cor_ImpairmentLossesReversalOfImpairmentLossesOpeCFIFRS" xlink:label="jpigp_cor_ImpairmentLossesReversalOfImpairmentLossesOpeCFIFRS" />
    <link:loc xlink:type="locator" xlink:href="http://disclosure.edinet-fsa.go.jp/taxonomy/jpigp/2022-11-01/jpigp_cor_2022-11-01.xsd#jpigp_cor_ItemsThatMayBeReclassifiedToProfitOrLossOCIIFRSAbstract" xlink:label="jpigp_cor_ItemsThatMayBeReclassifiedToProfitOrLossOCIIFRSAbstract" />
    <link:loc xlink:type="locator" xlink:href="http://disclosure.edinet-fsa.go.jp/taxonomy/jpigp/2022-11-01/jpigp_cor_2022-11-01.xsd#jpigp_cor_NetChangeInFairValueOfEquityInstrumentsDesignatedAsMeasuredAtFairValueThroughOtherComprehensiveIncomeNetOfTaxItemsThatWillNotBeReclassifiedToProfitOrLossOCIIFRS" xlink:label="jpigp_cor_NetChangeInFairValueOfEquityInstrumentsDesignatedAsMeasuredAtFairValueThroughOtherComprehensiveIncomeNetOfTaxItemsThatWillNotBeReclassifiedToProfitOrLossOCIIFRS" />
    <link:loc xlink:type="locator" xlink:href="http://disclosure.edinet-fsa.go.jp/taxonomy/jpigp/2022-11-01/jpigp_cor_2022-11-01.xsd#jpigp_cor_NonControllingInterestsIFRSMember" xlink:label="jpigp_cor_NonControllingInterestsIFRSMember" />
    <link:loc xlink:type="locator" xlink:href="http://disclosure.edinet-fsa.go.jp/taxonomy/jpigp/2022-11-01/jpigp_cor_2022-11-01.xsd#jpigp_cor_OtherSSIFRS" xlink:label="jpigp_cor_OtherSSIFRS" />
    <link:loc xlink:type="locator" xlink:href="http://disclosure.edinet-fsa.go.jp/taxonomy/jpigp/2022-11-01/jpigp_cor_2022-11-01.xsd#jpigp_cor_PaymentsForAcquisitionOfSubsidiariesInvCFIFRS" xlink:label="jpigp_cor_PaymentsForAcquisitionOfSubsidiariesInvCFIFRS" />
    <link:loc xlink:type="locator" xlink:href="http://disclosure.edinet-fsa.go.jp/taxonomy/jpigp/2022-11-01/jpigp_cor_2022-11-01.xsd#jpigp_cor_RemeasurementsOfDefinedBenefitPlansIFRSMember" xlink:label="jpigp_cor_RemeasurementsOfDefinedBenefitPlansIFRSMember" />
    <link:loc xlink:type="locator" xlink:href="http://disclosure.edinet-fsa.go.jp/taxonomy/jpigp/2022-11-01/jpigp_cor_2022-11-01.xsd#jpigp_cor_RemeasurementsOfDefinedBenefitPlansNetOfTaxItemsThatWillNotBeReclassifiedToProfitOrLossOCIIFRS" xlink:label="jpigp_cor_RemeasurementsOfDefinedBenefitPlansNetOfTaxItemsThatWillNotBeReclassifiedToProfitOrLossOCIIFRS" />
    <link:loc xlink:type="locator" xlink:href="http://disclosure.edinet-fsa.go.jp/taxonomy/jpigp/2022-11-01/jpigp_cor_2022-11-01.xsd#jpigp_cor_RevenueIFRS" xlink:label="jpigp_cor_RevenueIFRS" />
    <link:loc xlink:type="locator" xlink:href="http://disclosure.edinet-fsa.go.jp/taxonomy/jpigp/2022-11-01/jpigp_cor_2022-11-01.xsd#jpigp_cor_ReversalOfImpairmentLossesIFRS" xlink:label="jpigp_cor_ReversalOfImpairmentLossesIFRS" />
    <link:loc xlink:type="locator" xlink:href="http://disclosure.edinet-fsa.go.jp/taxonomy/jpigp/2022-11-01/jpigp_cor_2022-11-01.xsd#jpigp_cor_ShareOfProfitLossOfInvestmentsAccountedForUsingEquityMethodIFRS" xlink:label="jpigp_cor_ShareOfProfitLossOfInvestmentsAccountedForUsingEquityMethodIFRS" />
    <link:loc xlink:type="locator" xlink:href="http://disclosure.edinet-fsa.go.jp/taxonomy/jpigp/2022-11-01/jpigp_cor_2022-11-01.xsd#jpigp_cor_SoftwareAccumulatedAmortizationAndImpairmentLossesIFRS" xlink:label="jpigp_cor_SoftwareAccumulatedAmortizationAndImpairmentLossesIFRS" />
    <link:loc xlink:type="locator" xlink:href="http://disclosure.edinet-fsa.go.jp/taxonomy/jpigp/2022-11-01/jpigp_cor_2022-11-01.xsd#jpigp_cor_SoftwareAcquisitionCostIFRS" xlink:label="jpigp_cor_SoftwareAcquisitionCostIFRS" />
    <link:loc xlink:type="locator" xlink:href="http://disclosure.edinet-fsa.go.jp/taxonomy/jpigp/2022-11-01/jpigp_cor_2022-11-01.xsd#jpigp_cor_SoftwareIFRS" xlink:label="jpigp_cor_SoftwareIFRS" />
    <link:loc xlink:type="locator" xlink:href="http://disclosure.edinet-fsa.go.jp/taxonomy/jpigp/2022-11-01/jpigp_cor_2022-11-01.xsd#jpigp_cor_TotalTransactionsWithOwnersIFRS" xlink:label="jpigp_cor_TotalTransactionsWithOwnersIFRS" />
    <link:loc xlink:type="locator" xlink:href="http://disclosure.edinet-fsa.go.jp/taxonomy/jpigp/2022-11-01/jpigp_cor_2022-11-01.xsd#jpigp_cor_TransactionsWithOwnersIFRSAbstract" xlink:label="jpigp_cor_TransactionsWithOwnersIFRSAbstract" />
    <link:loc xlink:type="locator" xlink:href="jpcrp030000-asr-001_E34837-000_2023-03-31_01_2023-06-29.xsd#jpcrp030000-asr_E34837-000_AmountOfNonFinancialAssetsReclassifiedToAcquisitionCostSSIFRS" xlink:label="jpcrp030000-asr_E34837-000_AmountOfNonFinancialAssetsReclassifiedToAcquisitionCostSSIFRS" />
    <link:loc xlink:type="locator" xlink:href="jpcrp030000-asr-001_E34837-000_2023-03-31_01_2023-06-29.xsd#jpcrp030000-asr_E34837-000_AmountsRecognizedInOtherComprehensiveIncomeAndAccumulatedInEquityRelatingToAssetsHeldForSaleIFRS" xlink:label="jpcrp030000-asr_E34837-000_AmountsRecognizedInOtherComprehensiveIncomeAndAccumulatedInEquityRelatingToAssetsHeldForSaleIFRS" />
    <link:loc xlink:type="locator" xlink:href="jpcrp030000-asr-001_E34837-000_2023-03-31_01_2023-06-29.xsd#jpcrp030000-asr_E34837-000_AmountsRecognizedInOtherComprehensiveIncomeAndAccumulatedInEquityRelatingToAssetsHeldForSaleIFRSMember" xlink:label="jpcrp030000-asr_E34837-000_AmountsRecognizedInOtherComprehensiveIncomeAndAccumulatedInEquityRelatingToAssetsHeldForSaleIFRSMember" />
    <link:loc xlink:type="locator" xlink:href="jpcrp030000-asr-001_E34837-000_2023-03-31_01_2023-06-29.xsd#jpcrp030000-asr_E34837-000_CapitalIncreaseOfConsolidatedSubsidiariesIFRS" xlink:label="jpcrp030000-asr_E34837-000_CapitalIncreaseOfConsolidatedSubsidiariesIFRS" />
    <link:loc xlink:type="locator" xlink:href="jpcrp030000-asr-001_E34837-000_2023-03-31_01_2023-06-29.xsd#jpcrp030000-asr_E34837-000_ChangesDueToPutOptionsSoldByNonControllingInterestsIFRS" xlink:label="jpcrp030000-asr_E34837-000_ChangesDueToPutOptionsSoldByNonControllingInterestsIFRS" />
    <link:loc xlink:type="locator" xlink:href="jpcrp030000-asr-001_E34837-000_2023-03-31_01_2023-06-29.xsd#jpcrp030000-asr_E34837-000_DecreaseIncreaseInOtherAssetsOpeCFIFRS" xlink:label="jpcrp030000-asr_E34837-000_DecreaseIncreaseInOtherAssetsOpeCFIFRS" />
    <link:loc xlink:type="locator" xlink:href="jpcrp030000-asr-001_E34837-000_2023-03-31_01_2023-06-29.xsd#jpcrp030000-asr_E34837-000_DisclosureOfSustainabilityRelatedFinancialInformationHeading" xlink:label="jpcrp030000-asr_E34837-000_DisclosureOfSustainabilityRelatedFinancialInformationHeading" />
    <link:loc xlink:type="locator" xlink:href="jpcrp030000-asr-001_E34837-000_2023-03-31_01_2023-06-29.xsd#jpcrp030000-asr_E34837-000_DisclosureOfSustainabilityRelatedFinancialInformationTextBlock" xlink:label="jpcrp030000-asr_E34837-000_DisclosureOfSustainabilityRelatedFinancialInformationTextBlock" />
    <link:loc xlink:type="locator" xlink:href="jpcrp030000-asr-001_E34837-000_2023-03-31_01_2023-06-29.xsd#jpcrp030000-asr_E34837-000_DomesticThermalPowerGenerationAndGasSupplyBusinessReportableSegmentMember" xlink:label="jpcrp030000-asr_E34837-000_DomesticThermalPowerGenerationAndGasSupplyBusinessReportableSegmentMember" />
    <link:loc xlink:type="locator" xlink:href="jpcrp030000-asr-001_E34837-000_2023-03-31_01_2023-06-29.xsd#jpcrp030000-asr_E34837-000_FuelBusinessReportableSegmentMember" xlink:label="jpcrp030000-asr_E34837-000_FuelBusinessReportableSegmentMember" />
    <link:loc xlink:type="locator" xlink:href="jpcrp030000-asr-001_E34837-000_2023-03-31_01_2023-06-29.xsd#jpcrp030000-asr_E34837-000_GovernanceTextBlock" xlink:label="jpcrp030000-asr_E34837-000_GovernanceTextBlock" />
    <link:loc xlink:type="locator" xlink:href="jpcrp030000-asr-001_E34837-000_2023-03-31_01_2023-06-29.xsd#jpcrp030000-asr_E34837-000_IncreaseDecreaseInDerivativeAssetsOrLiabilitiesOpeCFIFRS" xlink:label="jpcrp030000-asr_E34837-000_IncreaseDecreaseInDerivativeAssetsOrLiabilitiesOpeCFIFRS" />
    <link:loc xlink:type="locator" xlink:href="jpcrp030000-asr-001_E34837-000_2023-03-31_01_2023-06-29.xsd#jpcrp030000-asr_E34837-000_IncreaseDecreaseInOtherLiabilitiesOpeCFIFRS" xlink:label="jpcrp030000-asr_E34837-000_IncreaseDecreaseInOtherLiabilitiesOpeCFIFRS" />
    <link:loc xlink:type="locator" xlink:href="jpcrp030000-asr-001_E34837-000_2023-03-31_01_2023-06-29.xsd#jpcrp030000-asr_E34837-000_IssuanceIncomeOfOtherCapitalInstrumentsFinCFIFRS" xlink:label="jpcrp030000-asr_E34837-000_IssuanceIncomeOfOtherCapitalInstrumentsFinCFIFRS" />
    <link:loc xlink:type="locator" xlink:href="jpcrp030000-asr-001_E34837-000_2023-03-31_01_2023-06-29.xsd#jpcrp030000-asr_E34837-000_IssuanceOfOtherEquityInstrumentsIFRS" xlink:label="jpcrp030000-asr_E34837-000_IssuanceOfOtherEquityInstrumentsIFRS" />
    <link:loc xlink:type="locator" xlink:href="jpcrp030000-asr-001_E34837-000_2023-03-31_01_2023-06-29.xsd#jpcrp030000-asr_E34837-000_NetIncreaseDecreaseInCommercialPaperFinCFIFRS" xlink:label="jpcrp030000-asr_E34837-000_NetIncreaseDecreaseInCommercialPaperFinCFIFRS" />
    <link:loc xlink:type="locator" xlink:href="jpcrp030000-asr-001_E34837-000_2023-03-31_01_2023-06-29.xsd#jpcrp030000-asr_E34837-000_NotesAdditionalInformationTextBlock" xlink:label="jpcrp030000-asr_E34837-000_NotesAdditionalInformationTextBlock" />
    <link:loc xlink:type="locator" xlink:href="jpcrp030000-asr-001_E34837-000_2023-03-31_01_2023-06-29.xsd#jpcrp030000-asr_E34837-000_NotesFairValueMeasurementConsolidatedFinancialStatementsIFRSHeading" xlink:label="jpcrp030000-asr_E34837-000_NotesFairValueMeasurementConsolidatedFinancialStatementsIFRSHeading" />
    <link:loc xlink:type="locator" xlink:href="jpcrp030000-asr-001_E34837-000_2023-03-31_01_2023-06-29.xsd#jpcrp030000-asr_E34837-000_NotesFairValueMeasurementConsolidatedFinancialStatementsIFRSTextBlock" xlink:label="jpcrp030000-asr_E34837-000_NotesFairValueMeasurementConsolidatedFinancialStatementsIFRSTextBlock" />
    <link:loc xlink:type="locator" xlink:href="jpcrp030000-asr-001_E34837-000_2023-03-31_01_2023-06-29.xsd#jpcrp030000-asr_E34837-000_NotesRegardingAmountOfNonCurrentAssetsInIncidentalBusinessesTextBlock" xlink:label="jpcrp030000-asr_E34837-000_NotesRegardingAmountOfNonCurrentAssetsInIncidentalBusinessesTextBlock" />
    <link:loc xlink:type="locator" xlink:href="jpcrp030000-asr-001_E34837-000_2023-03-31_01_2023-06-29.xsd#jpcrp030000-asr_E34837-000_NotesRegardingComponentsOfAccruedTaxesTextBlock" xlink:label="jpcrp030000-asr_E34837-000_NotesRegardingComponentsOfAccruedTaxesTextBlock" />
    <link:loc xlink:type="locator" xlink:href="jpcrp030000-asr-001_E34837-000_2023-03-31_01_2023-06-29.xsd#jpcrp030000-asr_E34837-000_NotesRegardingCurrentPortionOfNonCurrentLiabilitiesDetailsTextBlock" xlink:label="jpcrp030000-asr_E34837-000_NotesRegardingCurrentPortionOfNonCurrentLiabilitiesDetailsTextBlock" />
    <link:loc xlink:type="locator" xlink:href="jpcrp030000-asr-001_E34837-000_2023-03-31_01_2023-06-29.xsd#jpcrp030000-asr_E34837-000_NumberOfEmployeesIFRSSummaryOfBusinessResults" xlink:label="jpcrp030000-asr_E34837-000_NumberOfEmployeesIFRSSummaryOfBusinessResults" />
    <link:loc xlink:type="locator" xlink:href="jpcrp030000-asr-001_E34837-000_2023-03-31_01_2023-06-29.xsd#jpcrp030000-asr_E34837-000_OtherAssetItemsIFRSAbstract" xlink:label="jpcrp030000-asr_E34837-000_OtherAssetItemsIFRSAbstract" />
    <link:loc xlink:type="locator" xlink:href="jpcrp030000-asr-001_E34837-000_2023-03-31_01_2023-06-29.xsd#jpcrp030000-asr_E34837-000_OtherComponentsOfEquityRelatedToDisposalGroupsClassifiedAsHeldForSaleSSIFRS" xlink:label="jpcrp030000-asr_E34837-000_OtherComponentsOfEquityRelatedToDisposalGroupsClassifiedAsHeldForSaleSSIFRS" />
    <link:loc xlink:type="locator" xlink:href="jpcrp030000-asr-001_E34837-000_2023-03-31_01_2023-06-29.xsd#jpcrp030000-asr_E34837-000_OtherEquityInstrumentsIFRS" xlink:label="jpcrp030000-asr_E34837-000_OtherEquityInstrumentsIFRS" />
    <link:loc xlink:type="locator" xlink:href="jpcrp030000-asr-001_E34837-000_2023-03-31_01_2023-06-29.xsd#jpcrp030000-asr_E34837-000_OtherEquityInstrumentsIFRSMember" xlink:label="jpcrp030000-asr_E34837-000_OtherEquityInstrumentsIFRSMember" />
    <link:loc xlink:type="locator" xlink:href="jpcrp030000-asr-001_E34837-000_2023-03-31_01_2023-06-29.xsd#jpcrp030000-asr_E34837-000_OtherProfitOrLossItemsIFRSAbstract" xlink:label="jpcrp030000-asr_E34837-000_OtherProfitOrLossItemsIFRSAbstract" />
    <link:loc xlink:type="locator" xlink:href="jpcrp030000-asr-001_E34837-000_2023-03-31_01_2023-06-29.xsd#jpcrp030000-asr_E34837-000_OverseasPowerGenerationBusinessReportableSegmentMember" xlink:label="jpcrp030000-asr_E34837-000_OverseasPowerGenerationBusinessReportableSegmentMember" />
    <link:loc xlink:type="locator" xlink:href="jpcrp030000-asr-001_E34837-000_2023-03-31_01_2023-06-29.xsd#jpcrp030000-asr_E34837-000_PolicyOnHumanResourceDevelopmentAndImprovementOfInternalEnvironmentStrategyTextBlock" xlink:label="jpcrp030000-asr_E34837-000_PolicyOnHumanResourceDevelopmentAndImprovementOfInternalEnvironmentStrategyTextBlock" />
    <link:loc xlink:type="locator" xlink:href="jpcrp030000-asr-001_E34837-000_2023-03-31_01_2023-06-29.xsd#jpcrp030000-asr_E34837-000_ProvisionOfReserveForResourcePriceFluctuations" xlink:label="jpcrp030000-asr_E34837-000_ProvisionOfReserveForResourcePriceFluctuations" />
    <link:loc xlink:type="locator" xlink:href="jpcrp030000-asr-001_E34837-000_2023-03-31_01_2023-06-29.xsd#jpcrp030000-asr_E34837-000_ReferenceToOtherInformation2Strategy" xlink:label="jpcrp030000-asr_E34837-000_ReferenceToOtherInformation2Strategy" />
    <link:loc xlink:type="locator" xlink:href="jpcrp030000-asr-001_E34837-000_2023-03-31_01_2023-06-29.xsd#jpcrp030000-asr_E34837-000_ReferenceToOtherInformationStrategy" xlink:label="jpcrp030000-asr_E34837-000_ReferenceToOtherInformationStrategy" />
    <link:loc xlink:type="locator" xlink:href="jpcrp030000-asr-001_E34837-000_2023-03-31_01_2023-06-29.xsd#jpcrp030000-asr_E34837-000_ReserveForResourcePriceFluctuationsMember" xlink:label="jpcrp030000-asr_E34837-000_ReserveForResourcePriceFluctuationsMember" />
    <link:loc xlink:type="locator" xlink:href="jpcrp030000-asr-001_E34837-000_2023-03-31_01_2023-06-29.xsd#jpcrp030000-asr_E34837-000_ReversalOfReserveForResourcePriceFluctuations" xlink:label="jpcrp030000-asr_E34837-000_ReversalOfReserveForResourcePriceFluctuations" />
    <link:loc xlink:type="locator" xlink:href="jpcrp030000-asr-001_E34837-000_2023-03-31_01_2023-06-29.xsd#jpcrp030000-asr_E34837-000_RiskManagementTextBlock" xlink:label="jpcrp030000-asr_E34837-000_RiskManagementTextBlock" />
    <link:loc xlink:type="locator" xlink:href="jpcrp030000-asr-001_E34837-000_2023-03-31_01_2023-06-29.xsd#jpcrp030000-asr_E34837-000_StrategyMetricsAndTargetsTextBlock" xlink:label="jpcrp030000-asr_E34837-000_StrategyMetricsAndTargetsTextBlock" />
    <link:loc xlink:type="locator" xlink:href="jpcrp030000-asr-001_E34837-000_2023-03-31_01_2023-06-29.xsd#jpcrp030000-asr_E34837-000_TransferToCapitalStockFromCapitalSurplusIFRS" xlink:label="jpcrp030000-asr_E34837-000_TransferToCapitalStockFromCapitalSurplusIFRS" />
    <link:loc xlink:type="locator" xlink:href="jpcrp030000-asr-001_E34837-000_2023-03-31_01_2023-06-29.xsd#jpcrp030000-asr_E34837-000_TransferToCapitalStockFromOtherCapitalReserve" xlink:label="jpcrp030000-asr_E34837-000_TransferToCapitalStockFromOtherCapitalReserve" />
    <link:loc xlink:type="locator" xlink:href="jpcrp030000-asr-001_E34837-000_2023-03-31_01_2023-06-29.xsd#jpcrp030000-asr_E34837-000_TransferToLegalCapitalReserveFromOtherCapitalReserve" xlink:label="jpcrp030000-asr_E34837-000_TransferToLegalCapitalReserveFromOtherCapitalReserve" />
    <link:labelArc xlink:type="arc" xlink:from="jpcrp030000-asr_E34837-000_AmountOfNonFinancialAssetsReclassifiedToAcquisitionCostSSIFRS" xlink:to="jpcrp030000-asr_E34837-000_AmountOfNonFinancialAssetsReclassifiedToAcquisitionCostSSIFRS_label" xlink:arcrole="http://www.xbrl.org/2003/arcrole/concept-label" order="1" />
    <link:labelArc xlink:type="arc" xlink:from="jpcrp030000-asr_E34837-000_AmountOfNonFinancialAssetsReclassifiedToAcquisitionCostSSIFRS" xlink:to="jpcrp030000-asr_E34837-000_AmountOfNonFinancialAssetsReclassifiedToAcquisitionCostSSIFRS_label_1" xlink:arcrole="http://www.xbrl.org/2003/arcrole/concept-label" order="1" />
    <link:labelArc xlink:type="arc" xlink:from="jpcrp030000-asr_E34837-000_AmountsRecognizedInOtherComprehensiveIncomeAndAccumulatedInEquityRelatingToAssetsHeldForSaleIFRS" xlink:to="jpcrp030000-asr_E34837-000_AmountsRecognizedInOtherComprehensiveIncomeAndAccumulatedInEquityRelatingToAssetsHeldForSaleIFRS_label" xlink:arcrole="http://www.xbrl.org/2003/arcrole/concept-label" order="1" />
    <link:labelArc xlink:type="arc" xlink:from="jpcrp030000-asr_E34837-000_AmountsRecognizedInOtherComprehensiveIncomeAndAccumulatedInEquityRelatingToAssetsHeldForSaleIFRS" xlink:to="jpcrp030000-asr_E34837-000_AmountsRecognizedInOtherComprehensiveIncomeAndAccumulatedInEquityRelatingToAssetsHeldForSaleIFRS_label_1" xlink:arcrole="http://www.xbrl.org/2003/arcrole/concept-label" order="1" />
    <link:labelArc xlink:type="arc" xlink:from="jpcrp030000-asr_E34837-000_AmountsRecognizedInOtherComprehensiveIncomeAndAccumulatedInEquityRelatingToAssetsHeldForSaleIFRSMember" xlink:to="jpcrp030000-asr_E34837-000_AmountsRecognizedInOtherComprehensiveIncomeAndAccumulatedInEquityRelatingToAssetsHeldForSaleIFRSMember_label" xlink:arcrole="http://www.xbrl.org/2003/arcrole/concept-label" order="1" />
    <link:labelArc xlink:type="arc" xlink:from="jpcrp030000-asr_E34837-000_AmountsRecognizedInOtherComprehensiveIncomeAndAccumulatedInEquityRelatingToAssetsHeldForSaleIFRSMember" xlink:to="jpcrp030000-asr_E34837-000_AmountsRecognizedInOtherComprehensiveIncomeAndAccumulatedInEquityRelatingToAssetsHeldForSaleIFRSMember_label_1" xlink:arcrole="http://www.xbrl.org/2003/arcrole/concept-label" order="1" />
    <link:labelArc xlink:type="arc" xlink:from="jpcrp030000-asr_E34837-000_CapitalIncreaseOfConsolidatedSubsidiariesIFRS" xlink:to="jpcrp030000-asr_E34837-000_CapitalIncreaseOfConsolidatedSubsidiariesIFRS_label" xlink:arcrole="http://www.xbrl.org/2003/arcrole/concept-label" order="1" />
    <link:labelArc xlink:type="arc" xlink:from="jpcrp030000-asr_E34837-000_CapitalIncreaseOfConsolidatedSubsidiariesIFRS" xlink:to="jpcrp030000-asr_E34837-000_CapitalIncreaseOfConsolidatedSubsidiariesIFRS_label_1" xlink:arcrole="http://www.xbrl.org/2003/arcrole/concept-label" order="1" />
    <link:labelArc xlink:type="arc" xlink:from="jpcrp030000-asr_E34837-000_ChangesDueToPutOptionsSoldByNonControllingInterestsIFRS" xlink:to="jpcrp030000-asr_E34837-000_ChangesDueToPutOptionsSoldByNonControllingInterestsIFRS_label" xlink:arcrole="http://www.xbrl.org/2003/arcrole/concept-label" order="1" />
    <link:labelArc xlink:type="arc" xlink:from="jpcrp030000-asr_E34837-000_ChangesDueToPutOptionsSoldByNonControllingInterestsIFRS" xlink:to="jpcrp030000-asr_E34837-000_ChangesDueToPutOptionsSoldByNonControllingInterestsIFRS_label_1" xlink:arcrole="http://www.xbrl.org/2003/arcrole/concept-label" order="1" />
    <link:labelArc xlink:type="arc" xlink:from="jpcrp030000-asr_E34837-000_DecreaseIncreaseInOtherAssetsOpeCFIFRS" xlink:to="jpcrp030000-asr_E34837-000_DecreaseIncreaseInOtherAssetsOpeCFIFRS_label_1" xlink:arcrole="http://www.xbrl.org/2003/arcrole/concept-label" order="1" />
    <link:labelArc xlink:type="arc" xlink:from="jpcrp030000-asr_E34837-000_DecreaseIncreaseInOtherAssetsOpeCFIFRS" xlink:to="jpcrp030000-asr_E34837-000_DecreaseIncreaseInOtherAssetsOpeCFIFRS_label" xlink:arcrole="http://www.xbrl.org/2003/arcrole/concept-label" order="1" />
    <link:labelArc xlink:type="arc" xlink:from="jpcrp030000-asr_E34837-000_DisclosureOfSustainabilityRelatedFinancialInformationHeading" xlink:to="jpcrp030000-asr_E34837-000_DisclosureOfSustainabilityRelatedFinancialInformationHeading_label" xlink:arcrole="http://www.xbrl.org/2003/arcrole/concept-label" order="1" />
    <link:labelArc xlink:type="arc" xlink:from="jpcrp030000-asr_E34837-000_DisclosureOfSustainabilityRelatedFinancialInformationHeading" xlink:to="jpcrp030000-asr_E34837-000_DisclosureOfSustainabilityRelatedFinancialInformationHeading_label_1" xlink:arcrole="http://www.xbrl.org/2003/arcrole/concept-label" order="1" />
    <link:labelArc xlink:type="arc" xlink:from="jpcrp030000-asr_E34837-000_DisclosureOfSustainabilityRelatedFinancialInformationTextBlock" xlink:to="jpcrp030000-asr_E34837-000_DisclosureOfSustainabilityRelatedFinancialInformationTextBlock_label" xlink:arcrole="http://www.xbrl.org/2003/arcrole/concept-label" order="1" />
    <link:labelArc xlink:type="arc" xlink:from="jpcrp030000-asr_E34837-000_DisclosureOfSustainabilityRelatedFinancialInformationTextBlock" xlink:to="jpcrp030000-asr_E34837-000_DisclosureOfSustainabilityRelatedFinancialInformationTextBlock_label_1" xlink:arcrole="http://www.xbrl.org/2003/arcrole/concept-label" order="1" />
    <link:labelArc xlink:type="arc" xlink:from="jpcrp030000-asr_E34837-000_DomesticThermalPowerGenerationAndGasSupplyBusinessReportableSegmentMember" xlink:to="jpcrp030000-asr_E34837-000_DomesticThermalPowerGenerationAndGasSupplyBusinessReportableSegmentMember_label" xlink:arcrole="http://www.xbrl.org/2003/arcrole/concept-label" order="1" />
    <link:labelArc xlink:type="arc" xlink:from="jpcrp030000-asr_E34837-000_DomesticThermalPowerGenerationAndGasSupplyBusinessReportableSegmentMember" xlink:to="jpcrp030000-asr_E34837-000_DomesticThermalPowerGenerationAndGasSupplyBusinessReportableSegmentMember_label_1" xlink:arcrole="http://www.xbrl.org/2003/arcrole/concept-label" order="1" />
    <link:labelArc xlink:type="arc" xlink:from="jpcrp030000-asr_E34837-000_FuelBusinessReportableSegmentMember" xlink:to="jpcrp030000-asr_E34837-000_FuelBusinessReportableSegmentMember_label" xlink:arcrole="http://www.xbrl.org/2003/arcrole/concept-label" order="1" />
    <link:labelArc xlink:type="arc" xlink:from="jpcrp030000-asr_E34837-000_FuelBusinessReportableSegmentMember" xlink:to="jpcrp030000-asr_E34837-000_FuelBusinessReportableSegmentMember_label_1" xlink:arcrole="http://www.xbrl.org/2003/arcrole/concept-label" order="1" />
    <link:labelArc xlink:type="arc" xlink:from="jpcrp030000-asr_E34837-000_GovernanceTextBlock" xlink:to="jpcrp030000-asr_E34837-000_GovernanceTextBlock_label" xlink:arcrole="http://www.xbrl.org/2003/arcrole/concept-label" order="1" />
    <link:labelArc xlink:type="arc" xlink:from="jpcrp030000-asr_E34837-000_GovernanceTextBlock" xlink:to="jpcrp030000-asr_E34837-000_GovernanceTextBlock_label_1" xlink:arcrole="http://www.xbrl.org/2003/arcrole/concept-label" order="1" />
    <link:labelArc xlink:type="arc" xlink:from="jpcrp030000-asr_E34837-000_IncreaseDecreaseInDerivativeAssetsOrLiabilitiesOpeCFIFRS" xlink:to="jpcrp030000-asr_E34837-000_IncreaseDecreaseInDerivativeAssetsOrLiabilitiesOpeCFIFRS_label" xlink:arcrole="http://www.xbrl.org/2003/arcrole/concept-label" order="1" />
    <link:labelArc xlink:type="arc" xlink:from="jpcrp030000-asr_E34837-000_IncreaseDecreaseInDerivativeAssetsOrLiabilitiesOpeCFIFRS" xlink:to="jpcrp030000-asr_E34837-000_IncreaseDecreaseInDerivativeAssetsOrLiabilitiesOpeCFIFRS_label_1" xlink:arcrole="http://www.xbrl.org/2003/arcrole/concept-label" order="1" />
    <link:labelArc xlink:type="arc" xlink:from="jpcrp030000-asr_E34837-000_IncreaseDecreaseInOtherLiabilitiesOpeCFIFRS" xlink:to="jpcrp030000-asr_E34837-000_IncreaseDecreaseInOtherLiabilitiesOpeCFIFRS_label_1" xlink:arcrole="http://www.xbrl.org/2003/arcrole/concept-label" order="1" />
    <link:labelArc xlink:type="arc" xlink:from="jpcrp030000-asr_E34837-000_IncreaseDecreaseInOtherLiabilitiesOpeCFIFRS" xlink:to="jpcrp030000-asr_E34837-000_IncreaseDecreaseInOtherLiabilitiesOpeCFIFRS_label" xlink:arcrole="http://www.xbrl.org/2003/arcrole/concept-label" order="1" />
    <link:labelArc xlink:type="arc" xlink:from="jpcrp030000-asr_E34837-000_IssuanceIncomeOfOtherCapitalInstrumentsFinCFIFRS" xlink:to="jpcrp030000-asr_E34837-000_IssuanceIncomeOfOtherCapitalInstrumentsFinCFIFRS_label" xlink:arcrole="http://www.xbrl.org/2003/arcrole/concept-label" order="1" />
    <link:labelArc xlink:type="arc" xlink:from="jpcrp030000-asr_E34837-000_IssuanceIncomeOfOtherCapitalInstrumentsFinCFIFRS" xlink:to="jpcrp030000-asr_E34837-000_IssuanceIncomeOfOtherCapitalInstrumentsFinCFIFRS_label_1" xlink:arcrole="http://www.xbrl.org/2003/arcrole/concept-label" order="1" />
    <link:labelArc xlink:type="arc" xlink:from="jpcrp030000-asr_E34837-000_IssuanceOfOtherEquityInstrumentsIFRS" xlink:to="jpcrp030000-asr_E34837-000_IssuanceOfOtherEquityInstrumentsIFRS_label" xlink:arcrole="http://www.xbrl.org/2003/arcrole/concept-label" order="1" />
    <link:labelArc xlink:type="arc" xlink:from="jpcrp030000-asr_E34837-000_IssuanceOfOtherEquityInstrumentsIFRS" xlink:to="jpcrp030000-asr_E34837-000_IssuanceOfOtherEquityInstrumentsIFRS_label_1" xlink:arcrole="http://www.xbrl.org/2003/arcrole/concept-label" order="1" />
    <link:labelArc xlink:type="arc" xlink:from="jpcrp030000-asr_E34837-000_NetIncreaseDecreaseInCommercialPaperFinCFIFRS" xlink:to="jpcrp030000-asr_E34837-000_NetIncreaseDecreaseInCommercialPaperFinCFIFRS_label" xlink:arcrole="http://www.xbrl.org/2003/arcrole/concept-label" order="1" />
    <link:labelArc xlink:type="arc" xlink:from="jpcrp030000-asr_E34837-000_NetIncreaseDecreaseInCommercialPaperFinCFIFRS" xlink:to="jpcrp030000-asr_E34837-000_NetIncreaseDecreaseInCommercialPaperFinCFIFRS_label_1" xlink:arcrole="http://www.xbrl.org/2003/arcrole/concept-label" order="1" />
    <link:labelArc xlink:type="arc" xlink:from="jpcrp030000-asr_E34837-000_NotesAdditionalInformationTextBlock" xlink:to="jpcrp030000-asr_E34837-000_NotesAdditionalInformationTextBlock_label" xlink:arcrole="http://www.xbrl.org/2003/arcrole/concept-label" order="1" />
    <link:labelArc xlink:type="arc" xlink:from="jpcrp030000-asr_E34837-000_NotesAdditionalInformationTextBlock" xlink:to="jpcrp030000-asr_E34837-000_NotesAdditionalInformationTextBlock_label_1" xlink:arcrole="http://www.xbrl.org/2003/arcrole/concept-label" order="1" />
    <link:labelArc xlink:type="arc" xlink:from="jpcrp030000-asr_E34837-000_NotesFairValueMeasurementConsolidatedFinancialStatementsIFRSHeading" xlink:to="jpcrp030000-asr_E34837-000_NotesFairValueMeasurementConsolidatedFinancialStatementsIFRSHeading_label" xlink:arcrole="http://www.xbrl.org/2003/arcrole/concept-label" order="1" />
    <link:labelArc xlink:type="arc" xlink:from="jpcrp030000-asr_E34837-000_NotesFairValueMeasurementConsolidatedFinancialStatementsIFRSHeading" xlink:to="jpcrp030000-asr_E34837-000_NotesFairValueMeasurementConsolidatedFinancialStatementsIFRSHeading_label_1" xlink:arcrole="http://www.xbrl.org/2003/arcrole/concept-label" order="1" />
    <link:labelArc xlink:type="arc" xlink:from="jpcrp030000-asr_E34837-000_NotesFairValueMeasurementConsolidatedFinancialStatementsIFRSTextBlock" xlink:to="jpcrp030000-asr_E34837-000_NotesFairValueMeasurementConsolidatedFinancialStatementsIFRSTextBlock_label_1" xlink:arcrole="http://www.xbrl.org/2003/arcrole/concept-label" order="1" />
    <link:labelArc xlink:type="arc" xlink:from="jpcrp030000-asr_E34837-000_NotesFairValueMeasurementConsolidatedFinancialStatementsIFRSTextBlock" xlink:to="jpcrp030000-asr_E34837-000_NotesFairValueMeasurementConsolidatedFinancialStatementsIFRSTextBlock_label" xlink:arcrole="http://www.xbrl.org/2003/arcrole/concept-label" order="1" />
    <link:labelArc xlink:type="arc" xlink:from="jpcrp030000-asr_E34837-000_NotesRegardingAmountOfNonCurrentAssetsInIncidentalBusinessesTextBlock" xlink:to="jpcrp030000-asr_E34837-000_NotesRegardingAmountOfNonCurrentAssetsInIncidentalBusinessesTextBlock_label" xlink:arcrole="http://www.xbrl.org/2003/arcrole/concept-label" order="1" />
    <link:labelArc xlink:type="arc" xlink:from="jpcrp030000-asr_E34837-000_NotesRegardingAmountOfNonCurrentAssetsInIncidentalBusinessesTextBlock" xlink:to="jpcrp030000-asr_E34837-000_NotesRegardingAmountOfNonCurrentAssetsInIncidentalBusinessesTextBlock_label_1" xlink:arcrole="http://www.xbrl.org/2003/arcrole/concept-label" order="1" />
    <link:labelArc xlink:type="arc" xlink:from="jpcrp030000-asr_E34837-000_NotesRegardingComponentsOfAccruedTaxesTextBlock" xlink:to="jpcrp030000-asr_E34837-000_NotesRegardingComponentsOfAccruedTaxesTextBlock_label" xlink:arcrole="http://www.xbrl.org/2003/arcrole/concept-label" order="1" />
    <link:labelArc xlink:type="arc" xlink:from="jpcrp030000-asr_E34837-000_NotesRegardingComponentsOfAccruedTaxesTextBlock" xlink:to="jpcrp030000-asr_E34837-000_NotesRegardingComponentsOfAccruedTaxesTextBlock_label_1" xlink:arcrole="http://www.xbrl.org/2003/arcrole/concept-label" order="1" />
    <link:labelArc xlink:type="arc" xlink:from="jpcrp030000-asr_E34837-000_NotesRegardingCurrentPortionOfNonCurrentLiabilitiesDetailsTextBlock" xlink:to="jpcrp030000-asr_E34837-000_NotesRegardingCurrentPortionOfNonCurrentLiabilitiesDetailsTextBlock_label" xlink:arcrole="http://www.xbrl.org/2003/arcrole/concept-label" order="1" />
    <link:labelArc xlink:type="arc" xlink:from="jpcrp030000-asr_E34837-000_NotesRegardingCurrentPortionOfNonCurrentLiabilitiesDetailsTextBlock" xlink:to="jpcrp030000-asr_E34837-000_NotesRegardingCurrentPortionOfNonCurrentLiabilitiesDetailsTextBlock_label_1" xlink:arcrole="http://www.xbrl.org/2003/arcrole/concept-label" order="1" />
    <link:labelArc xlink:type="arc" xlink:from="jpcrp030000-asr_E34837-000_NumberOfEmployeesIFRSSummaryOfBusinessResults" xlink:to="jpcrp030000-asr_E34837-000_NumberOfEmployeesIFRSSummaryOfBusinessResults_label" xlink:arcrole="http://www.xbrl.org/2003/arcrole/concept-label" order="1" />
    <link:labelArc xlink:type="arc" xlink:from="jpcrp030000-asr_E34837-000_NumberOfEmployeesIFRSSummaryOfBusinessResults" xlink:to="jpcrp030000-asr_E34837-000_NumberOfEmployeesIFRSSummaryOfBusinessResults_label_1" xlink:arcrole="http://www.xbrl.org/2003/arcrole/concept-label" order="1" />
    <link:labelArc xlink:type="arc" xlink:from="jpcrp030000-asr_E34837-000_OtherAssetItemsIFRSAbstract" xlink:to="jpcrp030000-asr_E34837-000_OtherAssetItemsIFRSAbstract_label" xlink:arcrole="http://www.xbrl.org/2003/arcrole/concept-label" order="1" />
    <link:labelArc xlink:type="arc" xlink:from="jpcrp030000-asr_E34837-000_OtherAssetItemsIFRSAbstract" xlink:to="jpcrp030000-asr_E34837-000_OtherAssetItemsIFRSAbstract_label_1" xlink:arcrole="http://www.xbrl.org/2003/arcrole/concept-label" order="1" />
    <link:labelArc xlink:type="arc" xlink:from="jpcrp030000-asr_E34837-000_OtherComponentsOfEquityRelatedToDisposalGroupsClassifiedAsHeldForSaleSSIFRS" xlink:to="jpcrp030000-asr_E34837-000_OtherComponentsOfEquityRelatedToDisposalGroupsClassifiedAsHeldForSaleSSIFRS_label_1" xlink:arcrole="http://www.xbrl.org/2003/arcrole/concept-label" order="1" />
    <link:labelArc xlink:type="arc" xlink:from="jpcrp030000-asr_E34837-000_OtherComponentsOfEquityRelatedToDisposalGroupsClassifiedAsHeldForSaleSSIFRS" xlink:to="jpcrp030000-asr_E34837-000_OtherComponentsOfEquityRelatedToDisposalGroupsClassifiedAsHeldForSaleSSIFRS_label" xlink:arcrole="http://www.xbrl.org/2003/arcrole/concept-label" order="1" />
    <link:labelArc xlink:type="arc" xlink:from="jpcrp030000-asr_E34837-000_OtherEquityInstrumentsIFRS" xlink:to="jpcrp030000-asr_E34837-000_OtherEquityInstrumentsIFRS_label_1" xlink:arcrole="http://www.xbrl.org/2003/arcrole/concept-label" order="1" />
    <link:labelArc xlink:type="arc" xlink:from="jpcrp030000-asr_E34837-000_OtherEquityInstrumentsIFRS" xlink:to="jpcrp030000-asr_E34837-000_OtherEquityInstrumentsIFRS_label" xlink:arcrole="http://www.xbrl.org/2003/arcrole/concept-label" order="1" />
    <link:labelArc xlink:type="arc" xlink:from="jpcrp030000-asr_E34837-000_OtherEquityInstrumentsIFRSMember" xlink:to="jpcrp030000-asr_E34837-000_OtherEquityInstrumentsIFRSMember_label" xlink:arcrole="http://www.xbrl.org/2003/arcrole/concept-label" order="1" />
    <link:labelArc xlink:type="arc" xlink:from="jpcrp030000-asr_E34837-000_OtherEquityInstrumentsIFRSMember" xlink:to="jpcrp030000-asr_E34837-000_OtherEquityInstrumentsIFRSMember_label_1" xlink:arcrole="http://www.xbrl.org/2003/arcrole/concept-label" order="1" />
    <link:labelArc xlink:type="arc" xlink:from="jpcrp030000-asr_E34837-000_OtherProfitOrLossItemsIFRSAbstract" xlink:to="jpcrp030000-asr_E34837-000_OtherProfitOrLossItemsIFRSAbstract_label" xlink:arcrole="http://www.xbrl.org/2003/arcrole/concept-label" order="1" />
    <link:labelArc xlink:type="arc" xlink:from="jpcrp030000-asr_E34837-000_OtherProfitOrLossItemsIFRSAbstract" xlink:to="jpcrp030000-asr_E34837-000_OtherProfitOrLossItemsIFRSAbstract_label_1" xlink:arcrole="http://www.xbrl.org/2003/arcrole/concept-label" order="1" />
    <link:labelArc xlink:type="arc" xlink:from="jpcrp030000-asr_E34837-000_OverseasPowerGenerationBusinessReportableSegmentMember" xlink:to="jpcrp030000-asr_E34837-000_OverseasPowerGenerationBusinessReportableSegmentMember_label" xlink:arcrole="http://www.xbrl.org/2003/arcrole/concept-label" order="1" />
    <link:labelArc xlink:type="arc" xlink:from="jpcrp030000-asr_E34837-000_OverseasPowerGenerationBusinessReportableSegmentMember" xlink:to="jpcrp030000-asr_E34837-000_OverseasPowerGenerationBusinessReportableSegmentMember_label_1" xlink:arcrole="http://www.xbrl.org/2003/arcrole/concept-label" order="1" />
    <link:labelArc xlink:type="arc" xlink:from="jpcrp030000-asr_E34837-000_PolicyOnHumanResourceDevelopmentAndImprovementOfInternalEnvironmentStrategyTextBlock" xlink:to="jpcrp030000-asr_E34837-000_PolicyOnHumanResourceDevelopmentAndImprovementOfInternalEnvironmentStrategyTextBlock_label" xlink:arcrole="http://www.xbrl.org/2003/arcrole/concept-label" order="1" />
    <link:labelArc xlink:type="arc" xlink:from="jpcrp030000-asr_E34837-000_PolicyOnHumanResourceDevelopmentAndImprovementOfInternalEnvironmentStrategyTextBlock" xlink:to="jpcrp030000-asr_E34837-000_PolicyOnHumanResourceDevelopmentAndImprovementOfInternalEnvironmentStrategyTextBlock_label_1" xlink:arcrole="http://www.xbrl.org/2003/arcrole/concept-label" order="1" />
    <link:labelArc xlink:type="arc" xlink:from="jpcrp030000-asr_E34837-000_ProvisionOfReserveForResourcePriceFluctuations" xlink:to="jpcrp030000-asr_E34837-000_ProvisionOfReserveForResourcePriceFluctuations_label" xlink:arcrole="http://www.xbrl.org/2003/arcrole/concept-label" order="1" />
    <link:labelArc xlink:type="arc" xlink:from="jpcrp030000-asr_E34837-000_ProvisionOfReserveForResourcePriceFluctuations" xlink:to="jpcrp030000-asr_E34837-000_ProvisionOfReserveForResourcePriceFluctuations_label_1" xlink:arcrole="http://www.xbrl.org/2003/arcrole/concept-label" order="1" />
    <link:labelArc xlink:type="arc" xlink:from="jpcrp030000-asr_E34837-000_ReferenceToOtherInformation2Strategy" xlink:to="jpcrp030000-asr_E34837-000_ReferenceToOtherInformation2Strategy_label" xlink:arcrole="http://www.xbrl.org/2003/arcrole/concept-label" order="1" />
    <link:labelArc xlink:type="arc" xlink:from="jpcrp030000-asr_E34837-000_ReferenceToOtherInformation2Strategy" xlink:to="jpcrp030000-asr_E34837-000_ReferenceToOtherInformation2Strategy_label_1" xlink:arcrole="http://www.xbrl.org/2003/arcrole/concept-label" order="1" />
    <link:labelArc xlink:type="arc" xlink:from="jpcrp030000-asr_E34837-000_ReferenceToOtherInformationStrategy" xlink:to="jpcrp030000-asr_E34837-000_ReferenceToOtherInformationStrategy_label_1" xlink:arcrole="http://www.xbrl.org/2003/arcrole/concept-label" order="1" />
    <link:labelArc xlink:type="arc" xlink:from="jpcrp030000-asr_E34837-000_ReferenceToOtherInformationStrategy" xlink:to="jpcrp030000-asr_E34837-000_ReferenceToOtherInformationStrategy_label" xlink:arcrole="http://www.xbrl.org/2003/arcrole/concept-label" order="1" />
    <link:labelArc xlink:type="arc" xlink:from="jpcrp030000-asr_E34837-000_ReserveForResourcePriceFluctuationsMember" xlink:to="jpcrp030000-asr_E34837-000_ReserveForResourcePriceFluctuationsMember_label" xlink:arcrole="http://www.xbrl.org/2003/arcrole/concept-label" order="1" />
    <link:labelArc xlink:type="arc" xlink:from="jpcrp030000-asr_E34837-000_ReserveForResourcePriceFluctuationsMember" xlink:to="jpcrp030000-asr_E34837-000_ReserveForResourcePriceFluctuationsMember_label_1" xlink:arcrole="http://www.xbrl.org/2003/arcrole/concept-label" order="1" />
    <link:labelArc xlink:type="arc" xlink:from="jpcrp030000-asr_E34837-000_ReversalOfReserveForResourcePriceFluctuations" xlink:to="jpcrp030000-asr_E34837-000_ReversalOfReserveForResourcePriceFluctuations_label" xlink:arcrole="http://www.xbrl.org/2003/arcrole/concept-label" order="1" />
    <link:labelArc xlink:type="arc" xlink:from="jpcrp030000-asr_E34837-000_ReversalOfReserveForResourcePriceFluctuations" xlink:to="jpcrp030000-asr_E34837-000_ReversalOfReserveForResourcePriceFluctuations_label_1" xlink:arcrole="http://www.xbrl.org/2003/arcrole/concept-label" order="1" />
    <link:labelArc xlink:type="arc" xlink:from="jpcrp030000-asr_E34837-000_RiskManagementTextBlock" xlink:to="jpcrp030000-asr_E34837-000_RiskManagementTextBlock_label" xlink:arcrole="http://www.xbrl.org/2003/arcrole/concept-label" order="1" />
    <link:labelArc xlink:type="arc" xlink:from="jpcrp030000-asr_E34837-000_RiskManagementTextBlock" xlink:to="jpcrp030000-asr_E34837-000_RiskManagementTextBlock_label_1" xlink:arcrole="http://www.xbrl.org/2003/arcrole/concept-label" order="1" />
    <link:labelArc xlink:type="arc" xlink:from="jpcrp030000-asr_E34837-000_StrategyMetricsAndTargetsTextBlock" xlink:to="jpcrp030000-asr_E34837-000_StrategyMetricsAndTargetsTextBlock_label" xlink:arcrole="http://www.xbrl.org/2003/arcrole/concept-label" order="1" />
    <link:labelArc xlink:type="arc" xlink:from="jpcrp030000-asr_E34837-000_StrategyMetricsAndTargetsTextBlock" xlink:to="jpcrp030000-asr_E34837-000_StrategyMetricsAndTargetsTextBlock_label_1" xlink:arcrole="http://www.xbrl.org/2003/arcrole/concept-label" order="1" />
    <link:labelArc xlink:type="arc" xlink:from="jpcrp030000-asr_E34837-000_TransferToCapitalStockFromCapitalSurplusIFRS" xlink:to="jpcrp030000-asr_E34837-000_TransferToCapitalStockFromCapitalSurplusIFRS_label" xlink:arcrole="http://www.xbrl.org/2003/arcrole/concept-label" order="1" />
    <link:labelArc xlink:type="arc" xlink:from="jpcrp030000-asr_E34837-000_TransferToCapitalStockFromCapitalSurplusIFRS" xlink:to="jpcrp030000-asr_E34837-000_TransferToCapitalStockFromCapitalSurplusIFRS_label_1" xlink:arcrole="http://www.xbrl.org/2003/arcrole/concept-label" order="1" />
    <link:labelArc xlink:type="arc" xlink:from="jpcrp030000-asr_E34837-000_TransferToCapitalStockFromOtherCapitalReserve" xlink:to="jpcrp030000-asr_E34837-000_TransferToCapitalStockFromOtherCapitalReserve_label_1" xlink:arcrole="http://www.xbrl.org/2003/arcrole/concept-label" order="1" />
    <link:labelArc xlink:type="arc" xlink:from="jpcrp030000-asr_E34837-000_TransferToCapitalStockFromOtherCapitalReserve" xlink:to="jpcrp030000-asr_E34837-000_TransferToCapitalStockFromOtherCapitalReserve_label" xlink:arcrole="http://www.xbrl.org/2003/arcrole/concept-label" order="1" />
    <link:labelArc xlink:type="arc" xlink:from="jpcrp030000-asr_E34837-000_TransferToLegalCapitalReserveFromOtherCapitalReserve" xlink:to="jpcrp030000-asr_E34837-000_TransferToLegalCapitalReserveFromOtherCapitalReserve_label" xlink:arcrole="http://www.xbrl.org/2003/arcrole/concept-label" order="1" />
    <link:labelArc xlink:type="arc" xlink:from="jpcrp030000-asr_E34837-000_TransferToLegalCapitalReserveFromOtherCapitalReserve" xlink:to="jpcrp030000-asr_E34837-000_TransferToLegalCapitalReserveFromOtherCapitalReserve_label_1" xlink:arcrole="http://www.xbrl.org/2003/arcrole/concept-label" order="1" />
    <link:labelArc xlink:type="arc" xlink:from="jpigp_cor_ComprehensiveIncomeAttributableToNonControllingInterestsIFRS" xlink:to="jpigp_cor_ComprehensiveIncomeAttributableToNonControllingInterestsIFRS_label" xlink:arcrole="http://www.xbrl.org/2003/arcrole/concept-label" order="1" />
    <link:labelArc xlink:type="arc" xlink:from="jpigp_cor_ComprehensiveIncomeAttributableToOwnersOfParentIFRS" xlink:to="jpigp_cor_ComprehensiveIncomeAttributableToOwnersOfParentIFRS_label" xlink:arcrole="http://www.xbrl.org/2003/arcrole/concept-label" order="1" />
    <link:labelArc xlink:type="arc" xlink:from="jpigp_cor_DividendsPaidToNonControllingInterestsFinCFIFRS" xlink:to="jpigp_cor_DividendsPaidToNonControllingInterestsFinCFIFRS_label" xlink:arcrole="http://www.xbrl.org/2003/arcrole/concept-label" order="1" />
    <link:labelArc xlink:type="arc" xlink:from="jpigp_cor_EffectivePortionOfCashFlowHedgesIFRSMember" xlink:to="jpigp_cor_EffectivePortionOfCashFlowHedgesIFRSMember_label" xlink:arcrole="http://www.xbrl.org/2003/arcrole/concept-label" order="1" />
    <link:labelArc xlink:type="arc" xlink:from="jpigp_cor_EffectivePortionOfCashFlowHedgesNetOfTaxItemsThatMayBeReclassifiedToProfitOrLossOCIIFRS" xlink:to="jpigp_cor_EffectivePortionOfCashFlowHedgesNetOfTaxItemsThatMayBeReclassifiedToProfitOrLossOCIIFRS_label" xlink:arcrole="http://www.xbrl.org/2003/arcrole/concept-label" order="1" />
    <link:labelArc xlink:type="arc" xlink:from="jpigp_cor_FinancialAssetsMeasuredAtFairValueThroughOtherComprehensiveIncomeIFRSMember" xlink:to="jpigp_cor_FinancialAssetsMeasuredAtFairValueThroughOtherComprehensiveIncomeIFRSMember_label" xlink:arcrole="http://www.xbrl.org/2003/arcrole/concept-label" order="1" />
    <link:labelArc xlink:type="arc" xlink:from="jpigp_cor_ImpairmentLossesReversalOfImpairmentLossesOpeCFIFRS" xlink:to="jpigp_cor_ImpairmentLossesReversalOfImpairmentLossesOpeCFIFRS_label" xlink:arcrole="http://www.xbrl.org/2003/arcrole/concept-label" order="1" />
    <link:labelArc xlink:type="arc" xlink:from="jpigp_cor_ItemsThatMayBeReclassifiedToProfitOrLossOCIIFRSAbstract" xlink:to="jpigp_cor_ItemsThatMayBeReclassifiedToProfitOrLossOCIIFRSAbstract_label" xlink:arcrole="http://www.xbrl.org/2003/arcrole/concept-label" order="1" />
    <link:labelArc xlink:type="arc" xlink:from="jpigp_cor_NetChangeInFairValueOfEquityInstrumentsDesignatedAsMeasuredAtFairValueThroughOtherComprehensiveIncomeNetOfTaxItemsThatWillNotBeReclassifiedToProfitOrLossOCIIFRS" xlink:to="jpigp_cor_NetChangeInFairValueOfEquityInstrumentsDesignatedAsMeasuredAtFairValueThroughOtherComprehensiveIncomeNetOfTaxItemsThatWillNotBeReclassifiedToProfitOrLossOCIIFRS_label" xlink:arcrole="http://www.xbrl.org/2003/arcrole/concept-label" order="1" />
    <link:labelArc xlink:type="arc" xlink:from="jpigp_cor_NonControllingInterestsIFRSMember" xlink:to="jpigp_cor_NonControllingInterestsIFRSMember_label" xlink:arcrole="http://www.xbrl.org/2003/arcrole/concept-label" order="1" />
    <link:labelArc xlink:type="arc" xlink:from="jpigp_cor_OtherSSIFRS" xlink:to="jpigp_cor_OtherSSIFRS_label" xlink:arcrole="http://www.xbrl.org/2003/arcrole/concept-label" order="1" />
    <link:labelArc xlink:type="arc" xlink:from="jpigp_cor_PaymentsForAcquisitionOfSubsidiariesInvCFIFRS" xlink:to="jpigp_cor_PaymentsForAcquisitionOfSubsidiariesInvCFIFRS_label" xlink:arcrole="http://www.xbrl.org/2003/arcrole/concept-label" order="1" />
    <link:labelArc xlink:type="arc" xlink:from="jpigp_cor_RemeasurementsOfDefinedBenefitPlansIFRSMember" xlink:to="jpigp_cor_RemeasurementsOfDefinedBenefitPlansIFRSMember_label" xlink:arcrole="http://www.xbrl.org/2003/arcrole/concept-label" order="1" />
    <link:labelArc xlink:type="arc" xlink:from="jpigp_cor_RemeasurementsOfDefinedBenefitPlansNetOfTaxItemsThatWillNotBeReclassifiedToProfitOrLossOCIIFRS" xlink:to="jpigp_cor_RemeasurementsOfDefinedBenefitPlansNetOfTaxItemsThatWillNotBeReclassifiedToProfitOrLossOCIIFRS_label" xlink:arcrole="http://www.xbrl.org/2003/arcrole/concept-label" order="1" />
    <link:labelArc xlink:type="arc" xlink:from="jpigp_cor_RevenueIFRS" xlink:to="jpigp_cor_RevenueIFRS_label" xlink:arcrole="http://www.xbrl.org/2003/arcrole/concept-label" order="1" />
    <link:labelArc xlink:type="arc" xlink:from="jpigp_cor_ReversalOfImpairmentLossesIFRS" xlink:to="jpigp_cor_ReversalOfImpairmentLossesIFRS_label" xlink:arcrole="http://www.xbrl.org/2003/arcrole/concept-label" order="1" />
    <link:labelArc xlink:type="arc" xlink:from="jpigp_cor_ShareOfProfitLossOfInvestmentsAccountedForUsingEquityMethodIFRS" xlink:to="jpigp_cor_ShareOfProfitLossOfInvestmentsAccountedForUsingEquityMethodIFRS_label" xlink:arcrole="http://www.xbrl.org/2003/arcrole/concept-label" order="1" />
    <link:labelArc xlink:type="arc" xlink:from="jpigp_cor_SoftwareAccumulatedAmortizationAndImpairmentLossesIFRS" xlink:to="jpigp_cor_SoftwareAccumulatedAmortizationAndImpairmentLossesIFRS_label" xlink:arcrole="http://www.xbrl.org/2003/arcrole/concept-label" order="1" />
    <link:labelArc xlink:type="arc" xlink:from="jpigp_cor_SoftwareAcquisitionCostIFRS" xlink:to="jpigp_cor_SoftwareAcquisitionCostIFRS_label" xlink:arcrole="http://www.xbrl.org/2003/arcrole/concept-label" order="1" />
    <link:labelArc xlink:type="arc" xlink:from="jpigp_cor_SoftwareIFRS" xlink:to="jpigp_cor_SoftwareIFRS_label" xlink:arcrole="http://www.xbrl.org/2003/arcrole/concept-label" order="1" />
    <link:labelArc xlink:type="arc" xlink:from="jpigp_cor_TotalTransactionsWithOwnersIFRS" xlink:to="jpigp_cor_TotalTransactionsWithOwnersIFRS_label" xlink:arcrole="http://www.xbrl.org/2003/arcrole/concept-label" order="1" />
    <link:labelArc xlink:type="arc" xlink:from="jpigp_cor_TransactionsWithOwnersIFRSAbstract" xlink:to="jpigp_cor_TransactionsWithOwnersIFRSAbstract_label" xlink:arcrole="http://www.xbrl.org/2003/arcrole/concept-label" order="1" />
  </link:labelLink>
</link:linkbase>