﻿<?xml version="1.0" encoding="utf-8"?>
<!-- Edited with FutureStage XBRL Solution Library .NET 01-11 -->
<link:linkbase xmlns:xlink="http://www.w3.org/1999/xlink" xmlns:xsi="http://www.w3.org/2001/XMLSchema-instance" xmlns:link="http://www.xbrl.org/2003/linkbase">
  <link:roleRef xlink:type="simple" xlink:href="http://disclosure.edinet-fsa.go.jp/taxonomy/jpcrp/2022-11-01/jpcrp_rt_2022-11-01.xsd#rol_altLabel" roleURI="http://disclosure.edinet-fsa.go.jp/jpcrp/alt/role/label" />
  <link:roleRef xlink:type="simple" xlink:href="http://disclosure.edinet-fsa.go.jp/taxonomy/jpcrp/2022-11-01/jpcrp_rt_2022-11-01.xsd#rol_altTotalLabel" roleURI="http://disclosure.edinet-fsa.go.jp/jpcrp/alt/role/totalLabel" />
  <link:labelLink xlink:type="extended" xlink:role="http://www.xbrl.org/2003/role/link">
    <link:label xml:lang="en" xlink:type="resource" xlink:label="jpcrp030000-asr_E34837-000_AmountOfNonFinancialAssetsReclassifiedToAcquisitionCostSSIFRS_label" xlink:role="http://www.xbrl.org/2003/role/label">Amount of non-financial assets reclassified to acquisition cost</link:label>
    <link:label xml:lang="en" xlink:type="resource" xlink:label="jpcrp030000-asr_E34837-000_AmountOfNonFinancialAssetsReclassifiedToAcquisitionCostSSIFRS_label_1" xlink:role="http://www.xbrl.org/2003/role/verboseLabel">Amount of non-financial assets reclassified to acquisition cost-SS (IFRS)</link:label>
    <link:label xml:lang="en" xlink:type="resource" xlink:label="jpcrp030000-asr_E34837-000_AmountsRecognizedInOtherComprehensiveIncomeAndAccumulatedInEquityRelatingToAssetsHeldForSaleIFRS_label" xlink:role="http://www.xbrl.org/2003/role/label">Amounts recognized in other comprehensive income and accumulated in equity relating to assets held for sale</link:label>
    <link:label xml:lang="en" xlink:type="resource" xlink:label="jpcrp030000-asr_E34837-000_AmountsRecognizedInOtherComprehensiveIncomeAndAccumulatedInEquityRelatingToAssetsHeldForSaleIFRS_label_1" xlink:role="http://www.xbrl.org/2003/role/verboseLabel">Amounts recognized in other comprehensive income and accumulated in equity relating to assets held for sale (IFRS)</link:label>
    <link:label xml:lang="en" xlink:type="resource" xlink:label="jpcrp030000-asr_E34837-000_AmountsRecognizedInOtherComprehensiveIncomeAndAccumulatedInEquityRelatingToAssetsHeldForSaleIFRSMember_label" xlink:role="http://www.xbrl.org/2003/role/label">Amounts recognized in other comprehensive income and accumulated in equity relating to assets held for sale</link:label>
    <link:label xml:lang="en" xlink:type="resource" xlink:label="jpcrp030000-asr_E34837-000_AmountsRecognizedInOtherComprehensiveIncomeAndAccumulatedInEquityRelatingToAssetsHeldForSaleIFRSMember_label_1" xlink:role="http://www.xbrl.org/2003/role/verboseLabel">Amounts recognized in other comprehensive income and accumulated in equity relating to assets held for sale (IFRS) [member]</link:label>
    <link:label xml:lang="en" xlink:type="resource" xlink:label="jpcrp030000-asr_E34837-000_CapitalIncreaseOfConsolidatedSubsidiariesIFRS_label" xlink:role="http://www.xbrl.org/2003/role/label">Capital increase of consolidated subsidiaries</link:label>
    <link:label xml:lang="en" xlink:type="resource" xlink:label="jpcrp030000-asr_E34837-000_CapitalIncreaseOfConsolidatedSubsidiariesIFRS_label_1" xlink:role="http://www.xbrl.org/2003/role/verboseLabel">Capital increase of consolidated subsidiaries (IFRS)</link:label>
    <link:label xml:lang="en" xlink:type="resource" xlink:label="jpcrp030000-asr_E34837-000_ChangesDueToPutOptionsSoldByNonControllingInterestsIFRS_label" xlink:role="http://www.xbrl.org/2003/role/label">Changes due to put options sold by non-controlling interests</link:label>
    <link:label xml:lang="en" xlink:type="resource" xlink:label="jpcrp030000-asr_E34837-000_ChangesDueToPutOptionsSoldByNonControllingInterestsIFRS_label_1" xlink:role="http://www.xbrl.org/2003/role/verboseLabel">Changes due to put options sold by non-controlling interests (IFRS)</link:label>
    <link:label xml:lang="en" xlink:type="resource" xlink:label="jpcrp030000-asr_E34837-000_DecreaseIncreaseInOtherAssetsOpeCFIFRS_label" xlink:role="http://www.xbrl.org/2003/role/label">Decrease (increase) in other assets</link:label>
    <link:label xml:lang="en" xlink:type="resource" xlink:label="jpcrp030000-asr_E34837-000_DecreaseIncreaseInOtherAssetsOpeCFIFRS_label_1" xlink:role="http://www.xbrl.org/2003/role/verboseLabel">Decrease (increase) in other assets-OpeCF (IFRS)</link:label>
    <link:label xml:lang="en" xlink:type="resource" xlink:label="jpcrp030000-asr_E34837-000_DisclosureOfSustainabilityRelatedFinancialInformationHeading_label" xlink:role="http://www.xbrl.org/2003/role/label">Disclosure of Sustainability-related Financial Information</link:label>
    <link:label xml:lang="en" xlink:type="resource" xlink:label="jpcrp030000-asr_E34837-000_DisclosureOfSustainabilityRelatedFinancialInformationHeading_label_1" xlink:role="http://www.xbrl.org/2003/role/verboseLabel">Disclosure of Sustainability-related Financial Information [heading]</link:label>
    <link:label xml:lang="en" xlink:type="resource" xlink:label="jpcrp030000-asr_E34837-000_DisclosureOfSustainabilityRelatedFinancialInformationTextBlock_label" xlink:role="http://www.xbrl.org/2003/role/label">Disclosure of Sustainability-related Financial Information</link:label>
    <link:label xml:lang="en" xlink:type="resource" xlink:label="jpcrp030000-asr_E34837-000_DisclosureOfSustainabilityRelatedFinancialInformationTextBlock_label_1" xlink:role="http://www.xbrl.org/2003/role/verboseLabel">Disclosure of Sustainability-related Financial Information [text block]</link:label>
    <link:label xml:lang="en" xlink:type="resource" xlink:label="jpcrp030000-asr_E34837-000_DomesticThermalPowerGenerationAndGasSupplyBusinessReportableSegmentMember_label" xlink:role="http://www.xbrl.org/2003/role/label">Domestic Thermal Power Generation And Gas Supply Business</link:label>
    <link:label xml:lang="en" xlink:type="resource" xlink:label="jpcrp030000-asr_E34837-000_DomesticThermalPowerGenerationAndGasSupplyBusinessReportableSegmentMember_label_1" xlink:role="http://www.xbrl.org/2003/role/verboseLabel">Domestic Thermal Power Generation And Gas Supply Business, Reportable segment [member]</link:label>
    <link:label xml:lang="en" xlink:type="resource" xlink:label="jpcrp030000-asr_E34837-000_FuelBusinessReportableSegmentMember_label" xlink:role="http://www.xbrl.org/2003/role/label">Fuel Business</link:label>
    <link:label xml:lang="en" xlink:type="resource" xlink:label="jpcrp030000-asr_E34837-000_FuelBusinessReportableSegmentMember_label_1" xlink:role="http://www.xbrl.org/2003/role/verboseLabel">Fuel Business, Reportable segment [member]</link:label>
    <link:label xml:lang="en" xlink:type="resource" xlink:label="jpcrp030000-asr_E34837-000_GovernanceTextBlock_label" xlink:role="http://www.xbrl.org/2003/role/label">Governance</link:label>
    <link:label xml:lang="en" xlink:type="resource" xlink:label="jpcrp030000-asr_E34837-000_GovernanceTextBlock_label_1" xlink:role="http://www.xbrl.org/2003/role/verboseLabel">Governance [text block]</link:label>
    <link:label xml:lang="en" xlink:type="resource" xlink:label="jpcrp030000-asr_E34837-000_IncreaseDecreaseInDerivativeAssetsOrLiabilitiesOpeCFIFRS_label" xlink:role="http://www.xbrl.org/2003/role/label">Increase (decrease) in derivative assets or liabilities</link:label>
    <link:label xml:lang="en" xlink:type="resource" xlink:label="jpcrp030000-asr_E34837-000_IncreaseDecreaseInDerivativeAssetsOrLiabilitiesOpeCFIFRS_label_1" xlink:role="http://www.xbrl.org/2003/role/verboseLabel">Increase (decrease) in derivative assets or liabilities-OpeCF (IFRS)</link:label>
    <link:label xml:lang="en" xlink:type="resource" xlink:label="jpcrp030000-asr_E34837-000_IncreaseDecreaseInOtherLiabilitiesOpeCFIFRS_label" xlink:role="http://www.xbrl.org/2003/role/label">Increase (decrease) in other liabilities</link:label>
    <link:label xml:lang="en" xlink:type="resource" xlink:label="jpcrp030000-asr_E34837-000_IncreaseDecreaseInOtherLiabilitiesOpeCFIFRS_label_1" xlink:role="http://www.xbrl.org/2003/role/verboseLabel">Increase (decrease) in other liabilities-OpeCF (IFRS)</link:label>
    <link:label xml:lang="en" xlink:type="resource" xlink:label="jpcrp030000-asr_E34837-000_IssuanceIncomeOfOtherCapitalInstrumentsFinCFIFRS_label" xlink:role="http://www.xbrl.org/2003/role/label">Issuance income of other capital instruments</link:label>
    <link:label xml:lang="en" xlink:type="resource" xlink:label="jpcrp030000-asr_E34837-000_IssuanceIncomeOfOtherCapitalInstrumentsFinCFIFRS_label_1" xlink:role="http://www.xbrl.org/2003/role/verboseLabel">Issuance income of other capital instruments-FinCF (IFRS)</link:label>
    <link:label xml:lang="en" xlink:type="resource" xlink:label="jpcrp030000-asr_E34837-000_IssuanceOfOtherEquityInstrumentsIFRS_label" xlink:role="http://www.xbrl.org/2003/role/label">Issuance of other equity instruments</link:label>
    <link:label xml:lang="en" xlink:type="resource" xlink:label="jpcrp030000-asr_E34837-000_IssuanceOfOtherEquityInstrumentsIFRS_label_1" xlink:role="http://www.xbrl.org/2003/role/verboseLabel">Issuance of other equity instruments (IFRS)</link:label>
    <link:label xml:lang="en" xlink:type="resource" xlink:label="jpcrp030000-asr_E34837-000_NetIncreaseDecreaseInCommercialPaperFinCFIFRS_label" xlink:role="http://www.xbrl.org/2003/role/label">Net increase (decrease) in commercial paper</link:label>
    <link:label xml:lang="en" xlink:type="resource" xlink:label="jpcrp030000-asr_E34837-000_NetIncreaseDecreaseInCommercialPaperFinCFIFRS_label_1" xlink:role="http://www.xbrl.org/2003/role/verboseLabel">Net increase (decrease) in commercial paper-FinCF (IFRS)</link:label>
    <link:label xml:lang="en" xlink:type="resource" xlink:label="jpcrp030000-asr_E34837-000_NotesAdditionalInformationTextBlock_label" xlink:role="http://www.xbrl.org/2003/role/label">Notes - Additional information</link:label>
    <link:label xml:lang="en" xlink:type="resource" xlink:label="jpcrp030000-asr_E34837-000_NotesAdditionalInformationTextBlock_label_1" xlink:role="http://www.xbrl.org/2003/role/verboseLabel">Notes - Additional information [text block]</link:label>
    <link:label xml:lang="en" xlink:type="resource" xlink:label="jpcrp030000-asr_E34837-000_NotesFairValueMeasurementConsolidatedFinancialStatementsIFRSHeading_label" xlink:role="http://www.xbrl.org/2003/role/label">Notes - Fair value measurement</link:label>
    <link:label xml:lang="en" xlink:type="resource" xlink:label="jpcrp030000-asr_E34837-000_NotesFairValueMeasurementConsolidatedFinancialStatementsIFRSHeading_label_1" xlink:role="http://www.xbrl.org/2003/role/verboseLabel">Notes - Fair value measurement, Consolidated financial statements (IFRS) [heading]</link:label>
    <link:label xml:lang="en" xlink:type="resource" xlink:label="jpcrp030000-asr_E34837-000_NotesFairValueMeasurementConsolidatedFinancialStatementsIFRSTextBlock_label" xlink:role="http://www.xbrl.org/2003/role/label">Notes - Fair value measurement</link:label>
    <link:label xml:lang="en" xlink:type="resource" xlink:label="jpcrp030000-asr_E34837-000_NotesFairValueMeasurementConsolidatedFinancialStatementsIFRSTextBlock_label_1" xlink:role="http://www.xbrl.org/2003/role/verboseLabel">Notes - Fair value measurement, Consolidated financial statements (IFRS) [text block]</link:label>
    <link:label xml:lang="en" xlink:type="resource" xlink:label="jpcrp030000-asr_E34837-000_NotesRegardingAmountOfNonCurrentAssetsInIncidentalBusinessesTextBlock_label" xlink:role="http://www.xbrl.org/2003/role/label">Notes regarding amount of non-current assets in incidental businesses</link:label>
    <link:label xml:lang="en" xlink:type="resource" xlink:label="jpcrp030000-asr_E34837-000_NotesRegardingAmountOfNonCurrentAssetsInIncidentalBusinessesTextBlock_label_1" xlink:role="http://www.xbrl.org/2003/role/verboseLabel">Notes regarding amount of non-current assets in incidental businesses [text block]</link:label>
    <link:label xml:lang="en" xlink:type="resource" xlink:label="jpcrp030000-asr_E34837-000_NotesRegardingComponentsOfAccruedTaxesTextBlock_label" xlink:role="http://www.xbrl.org/2003/role/label">Notes regarding components of accrued taxes</link:label>
    <link:label xml:lang="en" xlink:type="resource" xlink:label="jpcrp030000-asr_E34837-000_NotesRegardingComponentsOfAccruedTaxesTextBlock_label_1" xlink:role="http://www.xbrl.org/2003/role/verboseLabel">Notes regarding components of accrued taxes [text block]</link:label>
    <link:label xml:lang="en" xlink:type="resource" xlink:label="jpcrp030000-asr_E34837-000_NotesRegardingCurrentPortionOfNonCurrentLiabilitiesDetailsTextBlock_label" xlink:role="http://www.xbrl.org/2003/role/label">Notes regarding current portion of non-current liabilities details</link:label>
    <link:label xml:lang="en" xlink:type="resource" xlink:label="jpcrp030000-asr_E34837-000_NotesRegardingCurrentPortionOfNonCurrentLiabilitiesDetailsTextBlock_label_1" xlink:role="http://www.xbrl.org/2003/role/verboseLabel">Notes regarding current portion of non-current liabilities details [text block]</link:label>
    <link:label xml:lang="en" xlink:type="resource" xlink:label="jpcrp030000-asr_E34837-000_NumberOfEmployeesIFRSSummaryOfBusinessResults_label" xlink:role="http://www.xbrl.org/2003/role/label">Number of employees (IFRS)</link:label>
    <link:label xml:lang="en" xlink:type="resource" xlink:label="jpcrp030000-asr_E34837-000_NumberOfEmployeesIFRSSummaryOfBusinessResults_label_1" xlink:role="http://www.xbrl.org/2003/role/verboseLabel">Number of employees (IFRS), Summary of business results</link:label>
    <link:label xml:lang="en" xlink:type="resource" xlink:label="jpcrp030000-asr_E34837-000_OtherAssetItemsIFRSAbstract_label" xlink:role="http://www.xbrl.org/2003/role/label">Other asset items</link:label>
    <link:label xml:lang="en" xlink:type="resource" xlink:label="jpcrp030000-asr_E34837-000_OtherAssetItemsIFRSAbstract_label_1" xlink:role="http://www.xbrl.org/2003/role/verboseLabel">Other asset items (IFRS) [abstract]</link:label>
    <link:label xml:lang="en" xlink:type="resource" xlink:label="jpcrp030000-asr_E34837-000_OtherComponentsOfEquityRelatedToDisposalGroupsClassifiedAsHeldForSaleSSIFRS_label" xlink:role="http://www.xbrl.org/2003/role/label">Other components of equity related to disposal groups classified as held for sale</link:label>
    <link:label xml:lang="en" xlink:type="resource" xlink:label="jpcrp030000-asr_E34837-000_OtherComponentsOfEquityRelatedToDisposalGroupsClassifiedAsHeldForSaleSSIFRS_label_1" xlink:role="http://www.xbrl.org/2003/role/verboseLabel">Other components of equity related to disposal groups classified as held for sale-SS (IFRS)</link:label>
    <link:label xml:lang="en" xlink:type="resource" xlink:label="jpcrp030000-asr_E34837-000_OtherEquityInstrumentsIFRS_label" xlink:role="http://www.xbrl.org/2003/role/label">Other equity instruments</link:label>
    <link:label xml:lang="en" xlink:type="resource" xlink:label="jpcrp030000-asr_E34837-000_OtherEquityInstrumentsIFRS_label_1" xlink:role="http://www.xbrl.org/2003/role/verboseLabel">Other equity instruments (IFRS)</link:label>
    <link:label xml:lang="en" xlink:type="resource" xlink:label="jpcrp030000-asr_E34837-000_OtherEquityInstrumentsIFRSMember_label" xlink:role="http://www.xbrl.org/2003/role/label">Other equity instruments</link:label>
    <link:label xml:lang="en" xlink:type="resource" xlink:label="jpcrp030000-asr_E34837-000_OtherEquityInstrumentsIFRSMember_label_1" xlink:role="http://www.xbrl.org/2003/role/verboseLabel">Other equity instruments (IFRS) [member]</link:label>
    <link:label xml:lang="en" xlink:type="resource" xlink:label="jpcrp030000-asr_E34837-000_OtherProfitOrLossItemsIFRSAbstract_label" xlink:role="http://www.xbrl.org/2003/role/label">Other profit or loss items</link:label>
    <link:label xml:lang="en" xlink:type="resource" xlink:label="jpcrp030000-asr_E34837-000_OtherProfitOrLossItemsIFRSAbstract_label_1" xlink:role="http://www.xbrl.org/2003/role/verboseLabel">Other profit or loss items (IFRS) [abstract]</link:label>
    <link:label xml:lang="en" xlink:type="resource" xlink:label="jpcrp030000-asr_E34837-000_OverseasPowerGenerationBusinessReportableSegmentMember_label" xlink:role="http://www.xbrl.org/2003/role/label">Overseas Power Generation Business</link:label>
    <link:label xml:lang="en" xlink:type="resource" xlink:label="jpcrp030000-asr_E34837-000_OverseasPowerGenerationBusinessReportableSegmentMember_label_1" xlink:role="http://www.xbrl.org/2003/role/verboseLabel">Overseas Power Generation Business, Reportable segment [member]</link:label>
    <link:label xml:lang="en" xlink:type="resource" xlink:label="jpcrp030000-asr_E34837-000_PolicyOnHumanResourceDevelopmentAndImprovementOfInternalEnvironmentStrategyTextBlock_label" xlink:role="http://www.xbrl.org/2003/role/label">Policy on human resource development and improvement of internal environment</link:label>
    <link:label xml:lang="en" xlink:type="resource" xlink:label="jpcrp030000-asr_E34837-000_PolicyOnHumanResourceDevelopmentAndImprovementOfInternalEnvironmentStrategyTextBlock_label_1" xlink:role="http://www.xbrl.org/2003/role/verboseLabel">Policy on human resource development and improvement of internal environment, Strategy [text block]</link:label>
    <link:label xml:lang="en" xlink:type="resource" xlink:label="jpcrp030000-asr_E34837-000_ProvisionOfReserveForResourcePriceFluctuations_label" xlink:role="http://www.xbrl.org/2003/role/label">Provision of reserve for resource price fluctuations</link:label>
    <link:label xml:lang="en" xlink:type="resource" xlink:label="jpcrp030000-asr_E34837-000_ProvisionOfReserveForResourcePriceFluctuations_label_1" xlink:role="http://www.xbrl.org/2003/role/verboseLabel">Provision of reserve for resource price fluctuations</link:label>
    <link:label xml:lang="en" xlink:type="resource" xlink:label="jpcrp030000-asr_E34837-000_ReferenceToOtherInformation2Strategy_label" xlink:role="http://www.xbrl.org/2003/role/label">Reference to other information 2</link:label>
    <link:label xml:lang="en" xlink:type="resource" xlink:label="jpcrp030000-asr_E34837-000_ReferenceToOtherInformation2Strategy_label_1" xlink:role="http://www.xbrl.org/2003/role/verboseLabel">Reference to other information 2, Strategy</link:label>
    <link:label xml:lang="en" xlink:type="resource" xlink:label="jpcrp030000-asr_E34837-000_ReferenceToOtherInformationStrategy_label" xlink:role="http://www.xbrl.org/2003/role/label">Reference to other information</link:label>
    <link:label xml:lang="en" xlink:type="resource" xlink:label="jpcrp030000-asr_E34837-000_ReferenceToOtherInformationStrategy_label_1" xlink:role="http://www.xbrl.org/2003/role/verboseLabel">Reference to other information, Strategy</link:label>
    <link:label xml:lang="en" xlink:type="resource" xlink:label="jpcrp030000-asr_E34837-000_ReserveForResourcePriceFluctuationsMember_label" xlink:role="http://www.xbrl.org/2003/role/label">Reserve for resource price fluctuations</link:label>
    <link:label xml:lang="en" xlink:type="resource" xlink:label="jpcrp030000-asr_E34837-000_ReserveForResourcePriceFluctuationsMember_label_1" xlink:role="http://www.xbrl.org/2003/role/verboseLabel">Reserve for resource price fluctuations [member]</link:label>
    <link:label xml:lang="en" xlink:type="resource" xlink:label="jpcrp030000-asr_E34837-000_ReversalOfReserveForResourcePriceFluctuations_label" xlink:role="http://www.xbrl.org/2003/role/label">Reversal of reserve for resource price fluctuations</link:label>
    <link:label xml:lang="en" xlink:type="resource" xlink:label="jpcrp030000-asr_E34837-000_ReversalOfReserveForResourcePriceFluctuations_label_1" xlink:role="http://www.xbrl.org/2003/role/verboseLabel">Reversal of reserve for resource price fluctuations</link:label>
    <link:label xml:lang="en" xlink:type="resource" xlink:label="jpcrp030000-asr_E34837-000_RiskManagementTextBlock_label" xlink:role="http://www.xbrl.org/2003/role/label">Risk management</link:label>
    <link:label xml:lang="en" xlink:type="resource" xlink:label="jpcrp030000-asr_E34837-000_RiskManagementTextBlock_label_1" xlink:role="http://www.xbrl.org/2003/role/verboseLabel">Risk management [text block]</link:label>
    <link:label xml:lang="en" xlink:type="resource" xlink:label="jpcrp030000-asr_E34837-000_StrategyMetricsAndTargetsTextBlock_label" xlink:role="http://www.xbrl.org/2003/role/label">Strategy, metrics and targets</link:label>
    <link:label xml:lang="en" xlink:type="resource" xlink:label="jpcrp030000-asr_E34837-000_StrategyMetricsAndTargetsTextBlock_label_1" xlink:role="http://www.xbrl.org/2003/role/verboseLabel">Strategy, metrics and targets [text block]</link:label>
    <link:label xml:lang="en" xlink:type="resource" xlink:label="jpcrp030000-asr_E34837-000_TransferToCapitalStockFromCapitalSurplusIFRS_label" xlink:role="http://www.xbrl.org/2003/role/label">Transfer to capital stock from capital surplus</link:label>
    <link:label xml:lang="en" xlink:type="resource" xlink:label="jpcrp030000-asr_E34837-000_TransferToCapitalStockFromCapitalSurplusIFRS_label_1" xlink:role="http://www.xbrl.org/2003/role/verboseLabel">Transfer to capital stock from capital surplus (IFRS)</link:label>
    <link:label xml:lang="en" xlink:type="resource" xlink:label="jpcrp030000-asr_E34837-000_TransferToCapitalStockFromOtherCapitalReserve_label" xlink:role="http://www.xbrl.org/2003/role/label">Transfer to capital stock from other capital reserve</link:label>
    <link:label xml:lang="en" xlink:type="resource" xlink:label="jpcrp030000-asr_E34837-000_TransferToCapitalStockFromOtherCapitalReserve_label_1" xlink:role="http://www.xbrl.org/2003/role/verboseLabel">Transfer to capital stock from other capital reserve</link:label>
    <link:label xml:lang="en" xlink:type="resource" xlink:label="jpcrp030000-asr_E34837-000_TransferToLegalCapitalReserveFromOtherCapitalReserve_label" xlink:role="http://www.xbrl.org/2003/role/label">Transfer to legal capital reserve from other capital reserve</link:label>
    <link:label xml:lang="en" xlink:type="resource" xlink:label="jpcrp030000-asr_E34837-000_TransferToLegalCapitalReserveFromOtherCapitalReserve_label_1" xlink:role="http://www.xbrl.org/2003/role/verboseLabel">Transfer to legal capital reserve from other capital reserve</link:label>
    <link:label xml:lang="en" xlink:type="resource" xlink:label="jpigp_cor_ComprehensiveIncomeAttributableToNonControllingInterestsIFRS_label" xlink:role="http://disclosure.edinet-fsa.go.jp/jpcrp/alt/role/label">Non-controlling interests</link:label>
    <link:label xml:lang="en" xlink:type="resource" xlink:label="jpigp_cor_ComprehensiveIncomeAttributableToOwnersOfParentIFRS_label" xlink:role="http://disclosure.edinet-fsa.go.jp/jpcrp/alt/role/label">Owners of parent</link:label>
    <link:label xml:lang="en" xlink:type="resource" xlink:label="jpigp_cor_DividendsPaidToNonControllingInterestsFinCFIFRS_label" xlink:role="http://disclosure.edinet-fsa.go.jp/jpcrp/alt/role/label">Dividends paid to non-controlling interests</link:label>
    <link:label xml:lang="en" xlink:type="resource" xlink:label="jpigp_cor_EffectivePortionOfCashFlowHedgesIFRSMember_label" xlink:role="http://disclosure.edinet-fsa.go.jp/jpcrp/alt/role/label">Effective portion of cash flow hedges</link:label>
    <link:label xml:lang="en" xlink:type="resource" xlink:label="jpigp_cor_EffectivePortionOfCashFlowHedgesNetOfTaxItemsThatMayBeReclassifiedToProfitOrLossOCIIFRS_label" xlink:role="http://disclosure.edinet-fsa.go.jp/jpcrp/alt/role/label">Effective portion of cash flow hedges</link:label>
    <link:label xml:lang="en" xlink:type="resource" xlink:label="jpigp_cor_FinancialAssetsMeasuredAtFairValueThroughOtherComprehensiveIncomeIFRSMember_label" xlink:role="http://disclosure.edinet-fsa.go.jp/jpcrp/alt/role/label">Financial assets measured at fair value through other comprehensive income</link:label>
    <link:label xml:lang="en" xlink:type="resource" xlink:label="jpigp_cor_ImpairmentLossesReversalOfImpairmentLossesOpeCFIFRS_label" xlink:role="http://disclosure.edinet-fsa.go.jp/jpcrp/alt/role/label">Impairment losses and reversal of impairment losses - OpeCF (IFRS)</link:label>
    <link:label xml:lang="en" xlink:type="resource" xlink:label="jpigp_cor_ItemsThatMayBeReclassifiedToProfitOrLossOCIIFRSAbstract_label" xlink:role="http://disclosure.edinet-fsa.go.jp/jpcrp/alt/role/label">Items that may be reclassified to profit or loss</link:label>
    <link:label xml:lang="en" xlink:type="resource" xlink:label="jpigp_cor_NetChangeInFairValueOfEquityInstrumentsDesignatedAsMeasuredAtFairValueThroughOtherComprehensiveIncomeNetOfTaxItemsThatWillNotBeReclassifiedToProfitOrLossOCIIFRS_label" xlink:role="http://disclosure.edinet-fsa.go.jp/jpcrp/alt/role/label">Net change in fair value of equity instruments designated as measured at fair value through other comprehensive income</link:label>
    <link:label xml:lang="en" xlink:type="resource" xlink:label="jpigp_cor_NonControllingInterestsIFRSMember_label" xlink:role="http://disclosure.edinet-fsa.go.jp/jpcrp/alt/role/label">Non-controlling interests</link:label>
    <link:label xml:lang="en" xlink:type="resource" xlink:label="jpigp_cor_OtherSSIFRS_label" xlink:role="http://disclosure.edinet-fsa.go.jp/jpcrp/alt/role/label">Other</link:label>
    <link:label xml:lang="en" xlink:type="resource" xlink:label="jpigp_cor_PaymentsForAcquisitionOfSubsidiariesInvCFIFRS_label" xlink:role="http://disclosure.edinet-fsa.go.jp/jpcrp/alt/role/label">Payments for acquisition of subsidiaries</link:label>
    <link:label xml:lang="en" xlink:type="resource" xlink:label="jpigp_cor_RemeasurementsOfDefinedBenefitPlansIFRSMember_label" xlink:role="http://disclosure.edinet-fsa.go.jp/jpcrp/alt/role/label">Remeasurements of defined benefit plans</link:label>
    <link:label xml:lang="en" xlink:type="resource" xlink:label="jpigp_cor_RemeasurementsOfDefinedBenefitPlansNetOfTaxItemsThatWillNotBeReclassifiedToProfitOrLossOCIIFRS_label" xlink:role="http://disclosure.edinet-fsa.go.jp/jpcrp/alt/role/label">Remeasurements of defined benefit plans</link:label>
    <link:label xml:lang="en" xlink:type="resource" xlink:label="jpigp_cor_RevenueIFRS_label" xlink:role="http://disclosure.edinet-fsa.go.jp/jpcrp/alt/role/totalLabel">Total</link:label>
    <link:label xml:lang="en" xlink:type="resource" xlink:label="jpigp_cor_ReversalOfImpairmentLossesIFRS_label" xlink:role="http://disclosure.edinet-fsa.go.jp/jpcrp/alt/role/label">Reversal of impairment losses</link:label>
    <link:label xml:lang="en" xlink:type="resource" xlink:label="jpigp_cor_ShareOfProfitLossOfInvestmentsAccountedForUsingEquityMethodIFRS_label" xlink:role="http://disclosure.edinet-fsa.go.jp/jpcrp/alt/role/label">Share of profit (loss) of investments accounted for using equity method</link:label>
    <link:label xml:lang="en" xlink:type="resource" xlink:label="jpigp_cor_SoftwareAccumulatedAmortizationAndImpairmentLossesIFRS_label" xlink:role="http://disclosure.edinet-fsa.go.jp/jpcrp/alt/role/label">Software</link:label>
    <link:label xml:lang="en" xlink:type="resource" xlink:label="jpigp_cor_SoftwareAcquisitionCostIFRS_label" xlink:role="http://disclosure.edinet-fsa.go.jp/jpcrp/alt/role/label">Software</link:label>
    <link:label xml:lang="en" xlink:type="resource" xlink:label="jpigp_cor_SoftwareIFRS_label" xlink:role="http://disclosure.edinet-fsa.go.jp/jpcrp/alt/role/label">Software</link:label>
    <link:label xml:lang="en" xlink:type="resource" xlink:label="jpigp_cor_TotalTransactionsWithOwnersIFRS_label" xlink:role="http://disclosure.edinet-fsa.go.jp/jpcrp/alt/role/label">Total transactions with owners</link:label>
    <link:label xml:lang="en" xlink:type="resource" xlink:label="jpigp_cor_TransactionsWithOwnersIFRSAbstract_label" xlink:role="http://disclosure.edinet-fsa.go.jp/jpcrp/alt/role/label">Transactions with owners</link:label>
    <link:loc xlink:type="locator" xlink:href="http://disclosure.edinet-fsa.go.jp/taxonomy/jpigp/2022-11-01/jpigp_cor_2022-11-01.xsd#jpigp_cor_ComprehensiveIncomeAttributableToNonControllingInterestsIFRS" xlink:label="jpigp_cor_ComprehensiveIncomeAttributableToNonControllingInterestsIFRS" />
    <link:loc xlink:type="locator" xlink:href="http://disclosure.edinet-fsa.go.jp/taxonomy/jpigp/2022-11-01/jpigp_cor_2022-11-01.xsd#jpigp_cor_ComprehensiveIncomeAttributableToOwnersOfParentIFRS" xlink:label="jpigp_cor_ComprehensiveIncomeAttributableToOwnersOfParentIFRS" />
    <link:loc xlink:type="locator" xlink:href="http://disclosure.edinet-fsa.go.jp/taxonomy/jpigp/2022-11-01/jpigp_cor_2022-11-01.xsd#jpigp_cor_DividendsPaidToNonControllingInterestsFinCFIFRS" xlink:label="jpigp_cor_DividendsPaidToNonControllingInterestsFinCFIFRS" />
    <link:loc xlink:type="locator" xlink:href="http://disclosure.edinet-fsa.go.jp/taxonomy/jpigp/2022-11-01/jpigp_cor_2022-11-01.xsd#jpigp_cor_EffectivePortionOfCashFlowHedgesIFRSMember" xlink:label="jpigp_cor_EffectivePortionOfCashFlowHedgesIFRSMember" />
    <link:loc xlink:type="locator" xlink:href="http://disclosure.edinet-fsa.go.jp/taxonomy/jpigp/2022-11-01/jpigp_cor_2022-11-01.xsd#jpigp_cor_EffectivePortionOfCashFlowHedgesNetOfTaxItemsThatMayBeReclassifiedToProfitOrLossOCIIFRS" xlink:label="jpigp_cor_EffectivePortionOfCashFlowHedgesNetOfTaxItemsThatMayBeReclassifiedToProfitOrLossOCIIFRS" />
    <link:loc xlink:type="locator" xlink:href="http://disclosure.edinet-fsa.go.jp/taxonomy/jpigp/2022-11-01/jpigp_cor_2022-11-01.xsd#jpigp_cor_FinancialAssetsMeasuredAtFairValueThroughOtherComprehensiveIncomeIFRSMember" xlink:label="jpigp_cor_FinancialAssetsMeasuredAtFairValueThroughOtherComprehensiveIncomeIFRSMember" />
    <link:loc xlink:type="locator" xlink:href="http://disclosure.edinet-fsa.go.jp/taxonomy/jpigp/2022-11-01/jpigp_cor_2022-11-01.xsd#jpigp_cor_ImpairmentLossesReversalOfImpairmentLossesOpeCFIFRS" xlink:label="jpigp_cor_ImpairmentLossesReversalOfImpairmentLossesOpeCFIFRS" />
    <link:loc xlink:type="locator" xlink:href="http://disclosure.edinet-fsa.go.jp/taxonomy/jpigp/2022-11-01/jpigp_cor_2022-11-01.xsd#jpigp_cor_ItemsThatMayBeReclassifiedToProfitOrLossOCIIFRSAbstract" xlink:label="jpigp_cor_ItemsThatMayBeReclassifiedToProfitOrLossOCIIFRSAbstract" />
    <link:loc xlink:type="locator" xlink:href="http://disclosure.edinet-fsa.go.jp/taxonomy/jpigp/2022-11-01/jpigp_cor_2022-11-01.xsd#jpigp_cor_NetChangeInFairValueOfEquityInstrumentsDesignatedAsMeasuredAtFairValueThroughOtherComprehensiveIncomeNetOfTaxItemsThatWillNotBeReclassifiedToProfitOrLossOCIIFRS" xlink:label="jpigp_cor_NetChangeInFairValueOfEquityInstrumentsDesignatedAsMeasuredAtFairValueThroughOtherComprehensiveIncomeNetOfTaxItemsThatWillNotBeReclassifiedToProfitOrLossOCIIFRS" />
    <link:loc xlink:type="locator" xlink:href="http://disclosure.edinet-fsa.go.jp/taxonomy/jpigp/2022-11-01/jpigp_cor_2022-11-01.xsd#jpigp_cor_NonControllingInterestsIFRSMember" xlink:label="jpigp_cor_NonControllingInterestsIFRSMember" />
    <link:loc xlink:type="locator" xlink:href="http://disclosure.edinet-fsa.go.jp/taxonomy/jpigp/2022-11-01/jpigp_cor_2022-11-01.xsd#jpigp_cor_OtherSSIFRS" xlink:label="jpigp_cor_OtherSSIFRS" />
    <link:loc xlink:type="locator" xlink:href="http://disclosure.edinet-fsa.go.jp/taxonomy/jpigp/2022-11-01/jpigp_cor_2022-11-01.xsd#jpigp_cor_PaymentsForAcquisitionOfSubsidiariesInvCFIFRS" xlink:label="jpigp_cor_PaymentsForAcquisitionOfSubsidiariesInvCFIFRS" />
    <link:loc xlink:type="locator" xlink:href="http://disclosure.edinet-fsa.go.jp/taxonomy/jpigp/2022-11-01/jpigp_cor_2022-11-01.xsd#jpigp_cor_RemeasurementsOfDefinedBenefitPlansIFRSMember" xlink:label="jpigp_cor_RemeasurementsOfDefinedBenefitPlansIFRSMember" />
    <link:loc xlink:type="locator" xlink:href="http://disclosure.edinet-fsa.go.jp/taxonomy/jpigp/2022-11-01/jpigp_cor_2022-11-01.xsd#jpigp_cor_RemeasurementsOfDefinedBenefitPlansNetOfTaxItemsThatWillNotBeReclassifiedToProfitOrLossOCIIFRS" xlink:label="jpigp_cor_RemeasurementsOfDefinedBenefitPlansNetOfTaxItemsThatWillNotBeReclassifiedToProfitOrLossOCIIFRS" />
    <link:loc xlink:type="locator" xlink:href="http://disclosure.edinet-fsa.go.jp/taxonomy/jpigp/2022-11-01/jpigp_cor_2022-11-01.xsd#jpigp_cor_RevenueIFRS" xlink:label="jpigp_cor_RevenueIFRS" />
    <link:loc xlink:type="locator" xlink:href="http://disclosure.edinet-fsa.go.jp/taxonomy/jpigp/2022-11-01/jpigp_cor_2022-11-01.xsd#jpigp_cor_ReversalOfImpairmentLossesIFRS" xlink:label="jpigp_cor_ReversalOfImpairmentLossesIFRS" />
    <link:loc xlink:type="locator" xlink:href="http://disclosure.edinet-fsa.go.jp/taxonomy/jpigp/2022-11-01/jpigp_cor_2022-11-01.xsd#jpigp_cor_ShareOfProfitLossOfInvestmentsAccountedForUsingEquityMethodIFRS" xlink:label="jpigp_cor_ShareOfProfitLossOfInvestmentsAccountedForUsingEquityMethodIFRS" />
    <link:loc xlink:type="locator" xlink:href="http://disclosure.edinet-fsa.go.jp/taxonomy/jpigp/2022-11-01/jpigp_cor_2022-11-01.xsd#jpigp_cor_SoftwareAccumulatedAmortizationAndImpairmentLossesIFRS" xlink:label="jpigp_cor_SoftwareAccumulatedAmortizationAndImpairmentLossesIFRS" />
    <link:loc xlink:type="locator" xlink:href="http://disclosure.edinet-fsa.go.jp/taxonomy/jpigp/2022-11-01/jpigp_cor_2022-11-01.xsd#jpigp_cor_SoftwareAcquisitionCostIFRS" xlink:label="jpigp_cor_SoftwareAcquisitionCostIFRS" />
    <link:loc xlink:type="locator" xlink:href="http://disclosure.edinet-fsa.go.jp/taxonomy/jpigp/2022-11-01/jpigp_cor_2022-11-01.xsd#jpigp_cor_SoftwareIFRS" xlink:label="jpigp_cor_SoftwareIFRS" />
    <link:loc xlink:type="locator" xlink:href="http://disclosure.edinet-fsa.go.jp/taxonomy/jpigp/2022-11-01/jpigp_cor_2022-11-01.xsd#jpigp_cor_TotalTransactionsWithOwnersIFRS" xlink:label="jpigp_cor_TotalTransactionsWithOwnersIFRS" />
    <link:loc xlink:type="locator" xlink:href="http://disclosure.edinet-fsa.go.jp/taxonomy/jpigp/2022-11-01/jpigp_cor_2022-11-01.xsd#jpigp_cor_TransactionsWithOwnersIFRSAbstract" xlink:label="jpigp_cor_TransactionsWithOwnersIFRSAbstract" />
    <link:loc xlink:type="locator" xlink:href="jpcrp030000-asr-001_E34837-000_2023-03-31_01_2023-06-29.xsd#jpcrp030000-asr_E34837-000_AmountOfNonFinancialAssetsReclassifiedToAcquisitionCostSSIFRS" xlink:label="jpcrp030000-asr_E34837-000_AmountOfNonFinancialAssetsReclassifiedToAcquisitionCostSSIFRS" />
    <link:loc xlink:type="locator" xlink:href="jpcrp030000-asr-001_E34837-000_2023-03-31_01_2023-06-29.xsd#jpcrp030000-asr_E34837-000_AmountsRecognizedInOtherComprehensiveIncomeAndAccumulatedInEquityRelatingToAssetsHeldForSaleIFRS" xlink:label="jpcrp030000-asr_E34837-000_AmountsRecognizedInOtherComprehensiveIncomeAndAccumulatedInEquityRelatingToAssetsHeldForSaleIFRS" />
    <link:loc xlink:type="locator" xlink:href="jpcrp030000-asr-001_E34837-000_2023-03-31_01_2023-06-29.xsd#jpcrp030000-asr_E34837-000_AmountsRecognizedInOtherComprehensiveIncomeAndAccumulatedInEquityRelatingToAssetsHeldForSaleIFRSMember" xlink:label="jpcrp030000-asr_E34837-000_AmountsRecognizedInOtherComprehensiveIncomeAndAccumulatedInEquityRelatingToAssetsHeldForSaleIFRSMember" />
    <link:loc xlink:type="locator" xlink:href="jpcrp030000-asr-001_E34837-000_2023-03-31_01_2023-06-29.xsd#jpcrp030000-asr_E34837-000_CapitalIncreaseOfConsolidatedSubsidiariesIFRS" xlink:label="jpcrp030000-asr_E34837-000_CapitalIncreaseOfConsolidatedSubsidiariesIFRS" />
    <link:loc xlink:type="locator" xlink:href="jpcrp030000-asr-001_E34837-000_2023-03-31_01_2023-06-29.xsd#jpcrp030000-asr_E34837-000_ChangesDueToPutOptionsSoldByNonControllingInterestsIFRS" xlink:label="jpcrp030000-asr_E34837-000_ChangesDueToPutOptionsSoldByNonControllingInterestsIFRS" />
    <link:loc xlink:type="locator" xlink:href="jpcrp030000-asr-001_E34837-000_2023-03-31_01_2023-06-29.xsd#jpcrp030000-asr_E34837-000_DecreaseIncreaseInOtherAssetsOpeCFIFRS" xlink:label="jpcrp030000-asr_E34837-000_DecreaseIncreaseInOtherAssetsOpeCFIFRS" />
    <link:loc xlink:type="locator" xlink:href="jpcrp030000-asr-001_E34837-000_2023-03-31_01_2023-06-29.xsd#jpcrp030000-asr_E34837-000_DisclosureOfSustainabilityRelatedFinancialInformationHeading" xlink:label="jpcrp030000-asr_E34837-000_DisclosureOfSustainabilityRelatedFinancialInformationHeading" />
    <link:loc xlink:type="locator" xlink:href="jpcrp030000-asr-001_E34837-000_2023-03-31_01_2023-06-29.xsd#jpcrp030000-asr_E34837-000_DisclosureOfSustainabilityRelatedFinancialInformationTextBlock" xlink:label="jpcrp030000-asr_E34837-000_DisclosureOfSustainabilityRelatedFinancialInformationTextBlock" />
    <link:loc xlink:type="locator" xlink:href="jpcrp030000-asr-001_E34837-000_2023-03-31_01_2023-06-29.xsd#jpcrp030000-asr_E34837-000_DomesticThermalPowerGenerationAndGasSupplyBusinessReportableSegmentMember" xlink:label="jpcrp030000-asr_E34837-000_DomesticThermalPowerGenerationAndGasSupplyBusinessReportableSegmentMember" />
    <link:loc xlink:type="locator" xlink:href="jpcrp030000-asr-001_E34837-000_2023-03-31_01_2023-06-29.xsd#jpcrp030000-asr_E34837-000_FuelBusinessReportableSegmentMember" xlink:label="jpcrp030000-asr_E34837-000_FuelBusinessReportableSegmentMember" />
    <link:loc xlink:type="locator" xlink:href="jpcrp030000-asr-001_E34837-000_2023-03-31_01_2023-06-29.xsd#jpcrp030000-asr_E34837-000_GovernanceTextBlock" xlink:label="jpcrp030000-asr_E34837-000_GovernanceTextBlock" />
    <link:loc xlink:type="locator" xlink:href="jpcrp030000-asr-001_E34837-000_2023-03-31_01_2023-06-29.xsd#jpcrp030000-asr_E34837-000_IncreaseDecreaseInDerivativeAssetsOrLiabilitiesOpeCFIFRS" xlink:label="jpcrp030000-asr_E34837-000_IncreaseDecreaseInDerivativeAssetsOrLiabilitiesOpeCFIFRS" />
    <link:loc xlink:type="locator" xlink:href="jpcrp030000-asr-001_E34837-000_2023-03-31_01_2023-06-29.xsd#jpcrp030000-asr_E34837-000_IncreaseDecreaseInOtherLiabilitiesOpeCFIFRS" xlink:label="jpcrp030000-asr_E34837-000_IncreaseDecreaseInOtherLiabilitiesOpeCFIFRS" />
    <link:loc xlink:type="locator" xlink:href="jpcrp030000-asr-001_E34837-000_2023-03-31_01_2023-06-29.xsd#jpcrp030000-asr_E34837-000_IssuanceIncomeOfOtherCapitalInstrumentsFinCFIFRS" xlink:label="jpcrp030000-asr_E34837-000_IssuanceIncomeOfOtherCapitalInstrumentsFinCFIFRS" />
    <link:loc xlink:type="locator" xlink:href="jpcrp030000-asr-001_E34837-000_2023-03-31_01_2023-06-29.xsd#jpcrp030000-asr_E34837-000_IssuanceOfOtherEquityInstrumentsIFRS" xlink:label="jpcrp030000-asr_E34837-000_IssuanceOfOtherEquityInstrumentsIFRS" />
    <link:loc xlink:type="locator" xlink:href="jpcrp030000-asr-001_E34837-000_2023-03-31_01_2023-06-29.xsd#jpcrp030000-asr_E34837-000_NetIncreaseDecreaseInCommercialPaperFinCFIFRS" xlink:label="jpcrp030000-asr_E34837-000_NetIncreaseDecreaseInCommercialPaperFinCFIFRS" />
    <link:loc xlink:type="locator" xlink:href="jpcrp030000-asr-001_E34837-000_2023-03-31_01_2023-06-29.xsd#jpcrp030000-asr_E34837-000_NotesAdditionalInformationTextBlock" xlink:label="jpcrp030000-asr_E34837-000_NotesAdditionalInformationTextBlock" />
    <link:loc xlink:type="locator" xlink:href="jpcrp030000-asr-001_E34837-000_2023-03-31_01_2023-06-29.xsd#jpcrp030000-asr_E34837-000_NotesFairValueMeasurementConsolidatedFinancialStatementsIFRSHeading" xlink:label="jpcrp030000-asr_E34837-000_NotesFairValueMeasurementConsolidatedFinancialStatementsIFRSHeading" />
    <link:loc xlink:type="locator" xlink:href="jpcrp030000-asr-001_E34837-000_2023-03-31_01_2023-06-29.xsd#jpcrp030000-asr_E34837-000_NotesFairValueMeasurementConsolidatedFinancialStatementsIFRSTextBlock" xlink:label="jpcrp030000-asr_E34837-000_NotesFairValueMeasurementConsolidatedFinancialStatementsIFRSTextBlock" />
    <link:loc xlink:type="locator" xlink:href="jpcrp030000-asr-001_E34837-000_2023-03-31_01_2023-06-29.xsd#jpcrp030000-asr_E34837-000_NotesRegardingAmountOfNonCurrentAssetsInIncidentalBusinessesTextBlock" xlink:label="jpcrp030000-asr_E34837-000_NotesRegardingAmountOfNonCurrentAssetsInIncidentalBusinessesTextBlock" />
    <link:loc xlink:type="locator" xlink:href="jpcrp030000-asr-001_E34837-000_2023-03-31_01_2023-06-29.xsd#jpcrp030000-asr_E34837-000_NotesRegardingComponentsOfAccruedTaxesTextBlock" xlink:label="jpcrp030000-asr_E34837-000_NotesRegardingComponentsOfAccruedTaxesTextBlock" />
    <link:loc xlink:type="locator" xlink:href="jpcrp030000-asr-001_E34837-000_2023-03-31_01_2023-06-29.xsd#jpcrp030000-asr_E34837-000_NotesRegardingCurrentPortionOfNonCurrentLiabilitiesDetailsTextBlock" xlink:label="jpcrp030000-asr_E34837-000_NotesRegardingCurrentPortionOfNonCurrentLiabilitiesDetailsTextBlock" />
    <link:loc xlink:type="locator" xlink:href="jpcrp030000-asr-001_E34837-000_2023-03-31_01_2023-06-29.xsd#jpcrp030000-asr_E34837-000_NumberOfEmployeesIFRSSummaryOfBusinessResults" xlink:label="jpcrp030000-asr_E34837-000_NumberOfEmployeesIFRSSummaryOfBusinessResults" />
    <link:loc xlink:type="locator" xlink:href="jpcrp030000-asr-001_E34837-000_2023-03-31_01_2023-06-29.xsd#jpcrp030000-asr_E34837-000_OtherAssetItemsIFRSAbstract" xlink:label="jpcrp030000-asr_E34837-000_OtherAssetItemsIFRSAbstract" />
    <link:loc xlink:type="locator" xlink:href="jpcrp030000-asr-001_E34837-000_2023-03-31_01_2023-06-29.xsd#jpcrp030000-asr_E34837-000_OtherComponentsOfEquityRelatedToDisposalGroupsClassifiedAsHeldForSaleSSIFRS" xlink:label="jpcrp030000-asr_E34837-000_OtherComponentsOfEquityRelatedToDisposalGroupsClassifiedAsHeldForSaleSSIFRS" />
    <link:loc xlink:type="locator" xlink:href="jpcrp030000-asr-001_E34837-000_2023-03-31_01_2023-06-29.xsd#jpcrp030000-asr_E34837-000_OtherEquityInstrumentsIFRS" xlink:label="jpcrp030000-asr_E34837-000_OtherEquityInstrumentsIFRS" />
    <link:loc xlink:type="locator" xlink:href="jpcrp030000-asr-001_E34837-000_2023-03-31_01_2023-06-29.xsd#jpcrp030000-asr_E34837-000_OtherEquityInstrumentsIFRSMember" xlink:label="jpcrp030000-asr_E34837-000_OtherEquityInstrumentsIFRSMember" />
    <link:loc xlink:type="locator" xlink:href="jpcrp030000-asr-001_E34837-000_2023-03-31_01_2023-06-29.xsd#jpcrp030000-asr_E34837-000_OtherProfitOrLossItemsIFRSAbstract" xlink:label="jpcrp030000-asr_E34837-000_OtherProfitOrLossItemsIFRSAbstract" />
    <link:loc xlink:type="locator" xlink:href="jpcrp030000-asr-001_E34837-000_2023-03-31_01_2023-06-29.xsd#jpcrp030000-asr_E34837-000_OverseasPowerGenerationBusinessReportableSegmentMember" xlink:label="jpcrp030000-asr_E34837-000_OverseasPowerGenerationBusinessReportableSegmentMember" />
    <link:loc xlink:type="locator" xlink:href="jpcrp030000-asr-001_E34837-000_2023-03-31_01_2023-06-29.xsd#jpcrp030000-asr_E34837-000_PolicyOnHumanResourceDevelopmentAndImprovementOfInternalEnvironmentStrategyTextBlock" xlink:label="jpcrp030000-asr_E34837-000_PolicyOnHumanResourceDevelopmentAndImprovementOfInternalEnvironmentStrategyTextBlock" />
    <link:loc xlink:type="locator" xlink:href="jpcrp030000-asr-001_E34837-000_2023-03-31_01_2023-06-29.xsd#jpcrp030000-asr_E34837-000_ProvisionOfReserveForResourcePriceFluctuations" xlink:label="jpcrp030000-asr_E34837-000_ProvisionOfReserveForResourcePriceFluctuations" />
    <link:loc xlink:type="locator" xlink:href="jpcrp030000-asr-001_E34837-000_2023-03-31_01_2023-06-29.xsd#jpcrp030000-asr_E34837-000_ReferenceToOtherInformation2Strategy" xlink:label="jpcrp030000-asr_E34837-000_ReferenceToOtherInformation2Strategy" />
    <link:loc xlink:type="locator" xlink:href="jpcrp030000-asr-001_E34837-000_2023-03-31_01_2023-06-29.xsd#jpcrp030000-asr_E34837-000_ReferenceToOtherInformationStrategy" xlink:label="jpcrp030000-asr_E34837-000_ReferenceToOtherInformationStrategy" />
    <link:loc xlink:type="locator" xlink:href="jpcrp030000-asr-001_E34837-000_2023-03-31_01_2023-06-29.xsd#jpcrp030000-asr_E34837-000_ReserveForResourcePriceFluctuationsMember" xlink:label="jpcrp030000-asr_E34837-000_ReserveForResourcePriceFluctuationsMember" />
    <link:loc xlink:type="locator" xlink:href="jpcrp030000-asr-001_E34837-000_2023-03-31_01_2023-06-29.xsd#jpcrp030000-asr_E34837-000_ReversalOfReserveForResourcePriceFluctuations" xlink:label="jpcrp030000-asr_E34837-000_ReversalOfReserveForResourcePriceFluctuations" />
    <link:loc xlink:type="locator" xlink:href="jpcrp030000-asr-001_E34837-000_2023-03-31_01_2023-06-29.xsd#jpcrp030000-asr_E34837-000_RiskManagementTextBlock" xlink:label="jpcrp030000-asr_E34837-000_RiskManagementTextBlock" />
    <link:loc xlink:type="locator" xlink:href="jpcrp030000-asr-001_E34837-000_2023-03-31_01_2023-06-29.xsd#jpcrp030000-asr_E34837-000_StrategyMetricsAndTargetsTextBlock" xlink:label="jpcrp030000-asr_E34837-000_StrategyMetricsAndTargetsTextBlock" />
    <link:loc xlink:type="locator" xlink:href="jpcrp030000-asr-001_E34837-000_2023-03-31_01_2023-06-29.xsd#jpcrp030000-asr_E34837-000_TransferToCapitalStockFromCapitalSurplusIFRS" xlink:label="jpcrp030000-asr_E34837-000_TransferToCapitalStockFromCapitalSurplusIFRS" />
    <link:loc xlink:type="locator" xlink:href="jpcrp030000-asr-001_E34837-000_2023-03-31_01_2023-06-29.xsd#jpcrp030000-asr_E34837-000_TransferToCapitalStockFromOtherCapitalReserve" xlink:label="jpcrp030000-asr_E34837-000_TransferToCapitalStockFromOtherCapitalReserve" />
    <link:loc xlink:type="locator" xlink:href="jpcrp030000-asr-001_E34837-000_2023-03-31_01_2023-06-29.xsd#jpcrp030000-asr_E34837-000_TransferToLegalCapitalReserveFromOtherCapitalReserve" xlink:label="jpcrp030000-asr_E34837-000_TransferToLegalCapitalReserveFromOtherCapitalReserve" />
    <link:labelArc xlink:type="arc" xlink:from="jpcrp030000-asr_E34837-000_AmountOfNonFinancialAssetsReclassifiedToAcquisitionCostSSIFRS" xlink:to="jpcrp030000-asr_E34837-000_AmountOfNonFinancialAssetsReclassifiedToAcquisitionCostSSIFRS_label" xlink:arcrole="http://www.xbrl.org/2003/arcrole/concept-label" order="1" />
    <link:labelArc xlink:type="arc" xlink:from="jpcrp030000-asr_E34837-000_AmountOfNonFinancialAssetsReclassifiedToAcquisitionCostSSIFRS" xlink:to="jpcrp030000-asr_E34837-000_AmountOfNonFinancialAssetsReclassifiedToAcquisitionCostSSIFRS_label_1" xlink:arcrole="http://www.xbrl.org/2003/arcrole/concept-label" order="1" />
    <link:labelArc xlink:type="arc" xlink:from="jpcrp030000-asr_E34837-000_AmountsRecognizedInOtherComprehensiveIncomeAndAccumulatedInEquityRelatingToAssetsHeldForSaleIFRS" xlink:to="jpcrp030000-asr_E34837-000_AmountsRecognizedInOtherComprehensiveIncomeAndAccumulatedInEquityRelatingToAssetsHeldForSaleIFRS_label" xlink:arcrole="http://www.xbrl.org/2003/arcrole/concept-label" order="1" />
    <link:labelArc xlink:type="arc" xlink:from="jpcrp030000-asr_E34837-000_AmountsRecognizedInOtherComprehensiveIncomeAndAccumulatedInEquityRelatingToAssetsHeldForSaleIFRS" xlink:to="jpcrp030000-asr_E34837-000_AmountsRecognizedInOtherComprehensiveIncomeAndAccumulatedInEquityRelatingToAssetsHeldForSaleIFRS_label_1" xlink:arcrole="http://www.xbrl.org/2003/arcrole/concept-label" order="1" />
    <link:labelArc xlink:type="arc" xlink:from="jpcrp030000-asr_E34837-000_AmountsRecognizedInOtherComprehensiveIncomeAndAccumulatedInEquityRelatingToAssetsHeldForSaleIFRSMember" xlink:to="jpcrp030000-asr_E34837-000_AmountsRecognizedInOtherComprehensiveIncomeAndAccumulatedInEquityRelatingToAssetsHeldForSaleIFRSMember_label" xlink:arcrole="http://www.xbrl.org/2003/arcrole/concept-label" order="1" />
    <link:labelArc xlink:type="arc" xlink:from="jpcrp030000-asr_E34837-000_AmountsRecognizedInOtherComprehensiveIncomeAndAccumulatedInEquityRelatingToAssetsHeldForSaleIFRSMember" xlink:to="jpcrp030000-asr_E34837-000_AmountsRecognizedInOtherComprehensiveIncomeAndAccumulatedInEquityRelatingToAssetsHeldForSaleIFRSMember_label_1" xlink:arcrole="http://www.xbrl.org/2003/arcrole/concept-label" order="1" />
    <link:labelArc xlink:type="arc" xlink:from="jpcrp030000-asr_E34837-000_CapitalIncreaseOfConsolidatedSubsidiariesIFRS" xlink:to="jpcrp030000-asr_E34837-000_CapitalIncreaseOfConsolidatedSubsidiariesIFRS_label" xlink:arcrole="http://www.xbrl.org/2003/arcrole/concept-label" order="1" />
    <link:labelArc xlink:type="arc" xlink:from="jpcrp030000-asr_E34837-000_CapitalIncreaseOfConsolidatedSubsidiariesIFRS" xlink:to="jpcrp030000-asr_E34837-000_CapitalIncreaseOfConsolidatedSubsidiariesIFRS_label_1" xlink:arcrole="http://www.xbrl.org/2003/arcrole/concept-label" order="1" />
    <link:labelArc xlink:type="arc" xlink:from="jpcrp030000-asr_E34837-000_ChangesDueToPutOptionsSoldByNonControllingInterestsIFRS" xlink:to="jpcrp030000-asr_E34837-000_ChangesDueToPutOptionsSoldByNonControllingInterestsIFRS_label" xlink:arcrole="http://www.xbrl.org/2003/arcrole/concept-label" order="1" />
    <link:labelArc xlink:type="arc" xlink:from="jpcrp030000-asr_E34837-000_ChangesDueToPutOptionsSoldByNonControllingInterestsIFRS" xlink:to="jpcrp030000-asr_E34837-000_ChangesDueToPutOptionsSoldByNonControllingInterestsIFRS_label_1" xlink:arcrole="http://www.xbrl.org/2003/arcrole/concept-label" order="1" />
    <link:labelArc xlink:type="arc" xlink:from="jpcrp030000-asr_E34837-000_DecreaseIncreaseInOtherAssetsOpeCFIFRS" xlink:to="jpcrp030000-asr_E34837-000_DecreaseIncreaseInOtherAssetsOpeCFIFRS_label_1" xlink:arcrole="http://www.xbrl.org/2003/arcrole/concept-label" order="1" />
    <link:labelArc xlink:type="arc" xlink:from="jpcrp030000-asr_E34837-000_DecreaseIncreaseInOtherAssetsOpeCFIFRS" xlink:to="jpcrp030000-asr_E34837-000_DecreaseIncreaseInOtherAssetsOpeCFIFRS_label" xlink:arcrole="http://www.xbrl.org/2003/arcrole/concept-label" order="1" />
    <link:labelArc xlink:type="arc" xlink:from="jpcrp030000-asr_E34837-000_DisclosureOfSustainabilityRelatedFinancialInformationHeading" xlink:to="jpcrp030000-asr_E34837-000_DisclosureOfSustainabilityRelatedFinancialInformationHeading_label" xlink:arcrole="http://www.xbrl.org/2003/arcrole/concept-label" order="1" />
    <link:labelArc xlink:type="arc" xlink:from="jpcrp030000-asr_E34837-000_DisclosureOfSustainabilityRelatedFinancialInformationHeading" xlink:to="jpcrp030000-asr_E34837-000_DisclosureOfSustainabilityRelatedFinancialInformationHeading_label_1" xlink:arcrole="http://www.xbrl.org/2003/arcrole/concept-label" order="1" />
    <link:labelArc xlink:type="arc" xlink:from="jpcrp030000-asr_E34837-000_DisclosureOfSustainabilityRelatedFinancialInformationTextBlock" xlink:to="jpcrp030000-asr_E34837-000_DisclosureOfSustainabilityRelatedFinancialInformationTextBlock_label" xlink:arcrole="http://www.xbrl.org/2003/arcrole/concept-label" order="1" />
    <link:labelArc xlink:type="arc" xlink:from="jpcrp030000-asr_E34837-000_DisclosureOfSustainabilityRelatedFinancialInformationTextBlock" xlink:to="jpcrp030000-asr_E34837-000_DisclosureOfSustainabilityRelatedFinancialInformationTextBlock_label_1" xlink:arcrole="http://www.xbrl.org/2003/arcrole/concept-label" order="1" />
    <link:labelArc xlink:type="arc" xlink:from="jpcrp030000-asr_E34837-000_DomesticThermalPowerGenerationAndGasSupplyBusinessReportableSegmentMember" xlink:to="jpcrp030000-asr_E34837-000_DomesticThermalPowerGenerationAndGasSupplyBusinessReportableSegmentMember_label" xlink:arcrole="http://www.xbrl.org/2003/arcrole/concept-label" order="1" />
    <link:labelArc xlink:type="arc" xlink:from="jpcrp030000-asr_E34837-000_DomesticThermalPowerGenerationAndGasSupplyBusinessReportableSegmentMember" xlink:to="jpcrp030000-asr_E34837-000_DomesticThermalPowerGenerationAndGasSupplyBusinessReportableSegmentMember_label_1" xlink:arcrole="http://www.xbrl.org/2003/arcrole/concept-label" order="1" />
    <link:labelArc xlink:type="arc" xlink:from="jpcrp030000-asr_E34837-000_FuelBusinessReportableSegmentMember" xlink:to="jpcrp030000-asr_E34837-000_FuelBusinessReportableSegmentMember_label" xlink:arcrole="http://www.xbrl.org/2003/arcrole/concept-label" order="1" />
    <link:labelArc xlink:type="arc" xlink:from="jpcrp030000-asr_E34837-000_FuelBusinessReportableSegmentMember" xlink:to="jpcrp030000-asr_E34837-000_FuelBusinessReportableSegmentMember_label_1" xlink:arcrole="http://www.xbrl.org/2003/arcrole/concept-label" order="1" />
    <link:labelArc xlink:type="arc" xlink:from="jpcrp030000-asr_E34837-000_GovernanceTextBlock" xlink:to="jpcrp030000-asr_E34837-000_GovernanceTextBlock_label" xlink:arcrole="http://www.xbrl.org/2003/arcrole/concept-label" order="1" />
    <link:labelArc xlink:type="arc" xlink:from="jpcrp030000-asr_E34837-000_GovernanceTextBlock" xlink:to="jpcrp030000-asr_E34837-000_GovernanceTextBlock_label_1" xlink:arcrole="http://www.xbrl.org/2003/arcrole/concept-label" order="1" />
    <link:labelArc xlink:type="arc" xlink:from="jpcrp030000-asr_E34837-000_IncreaseDecreaseInDerivativeAssetsOrLiabilitiesOpeCFIFRS" xlink:to="jpcrp030000-asr_E34837-000_IncreaseDecreaseInDerivativeAssetsOrLiabilitiesOpeCFIFRS_label" xlink:arcrole="http://www.xbrl.org/2003/arcrole/concept-label" order="1" />
    <link:labelArc xlink:type="arc" xlink:from="jpcrp030000-asr_E34837-000_IncreaseDecreaseInDerivativeAssetsOrLiabilitiesOpeCFIFRS" xlink:to="jpcrp030000-asr_E34837-000_IncreaseDecreaseInDerivativeAssetsOrLiabilitiesOpeCFIFRS_label_1" xlink:arcrole="http://www.xbrl.org/2003/arcrole/concept-label" order="1" />
    <link:labelArc xlink:type="arc" xlink:from="jpcrp030000-asr_E34837-000_IncreaseDecreaseInOtherLiabilitiesOpeCFIFRS" xlink:to="jpcrp030000-asr_E34837-000_IncreaseDecreaseInOtherLiabilitiesOpeCFIFRS_label_1" xlink:arcrole="http://www.xbrl.org/2003/arcrole/concept-label" order="1" />
    <link:labelArc xlink:type="arc" xlink:from="jpcrp030000-asr_E34837-000_IncreaseDecreaseInOtherLiabilitiesOpeCFIFRS" xlink:to="jpcrp030000-asr_E34837-000_IncreaseDecreaseInOtherLiabilitiesOpeCFIFRS_label" xlink:arcrole="http://www.xbrl.org/2003/arcrole/concept-label" order="1" />
    <link:labelArc xlink:type="arc" xlink:from="jpcrp030000-asr_E34837-000_IssuanceIncomeOfOtherCapitalInstrumentsFinCFIFRS" xlink:to="jpcrp030000-asr_E34837-000_IssuanceIncomeOfOtherCapitalInstrumentsFinCFIFRS_label" xlink:arcrole="http://www.xbrl.org/2003/arcrole/concept-label" order="1" />
    <link:labelArc xlink:type="arc" xlink:from="jpcrp030000-asr_E34837-000_IssuanceIncomeOfOtherCapitalInstrumentsFinCFIFRS" xlink:to="jpcrp030000-asr_E34837-000_IssuanceIncomeOfOtherCapitalInstrumentsFinCFIFRS_label_1" xlink:arcrole="http://www.xbrl.org/2003/arcrole/concept-label" order="1" />
    <link:labelArc xlink:type="arc" xlink:from="jpcrp030000-asr_E34837-000_IssuanceOfOtherEquityInstrumentsIFRS" xlink:to="jpcrp030000-asr_E34837-000_IssuanceOfOtherEquityInstrumentsIFRS_label" xlink:arcrole="http://www.xbrl.org/2003/arcrole/concept-label" order="1" />
    <link:labelArc xlink:type="arc" xlink:from="jpcrp030000-asr_E34837-000_IssuanceOfOtherEquityInstrumentsIFRS" xlink:to="jpcrp030000-asr_E34837-000_IssuanceOfOtherEquityInstrumentsIFRS_label_1" xlink:arcrole="http://www.xbrl.org/2003/arcrole/concept-label" order="1" />
    <link:labelArc xlink:type="arc" xlink:from="jpcrp030000-asr_E34837-000_NetIncreaseDecreaseInCommercialPaperFinCFIFRS" xlink:to="jpcrp030000-asr_E34837-000_NetIncreaseDecreaseInCommercialPaperFinCFIFRS_label" xlink:arcrole="http://www.xbrl.org/2003/arcrole/concept-label" order="1" />
    <link:labelArc xlink:type="arc" xlink:from="jpcrp030000-asr_E34837-000_NetIncreaseDecreaseInCommercialPaperFinCFIFRS" xlink:to="jpcrp030000-asr_E34837-000_NetIncreaseDecreaseInCommercialPaperFinCFIFRS_label_1" xlink:arcrole="http://www.xbrl.org/2003/arcrole/concept-label" order="1" />
    <link:labelArc xlink:type="arc" xlink:from="jpcrp030000-asr_E34837-000_NotesAdditionalInformationTextBlock" xlink:to="jpcrp030000-asr_E34837-000_NotesAdditionalInformationTextBlock_label" xlink:arcrole="http://www.xbrl.org/2003/arcrole/concept-label" order="1" />
    <link:labelArc xlink:type="arc" xlink:from="jpcrp030000-asr_E34837-000_NotesAdditionalInformationTextBlock" xlink:to="jpcrp030000-asr_E34837-000_NotesAdditionalInformationTextBlock_label_1" xlink:arcrole="http://www.xbrl.org/2003/arcrole/concept-label" order="1" />
    <link:labelArc xlink:type="arc" xlink:from="jpcrp030000-asr_E34837-000_NotesFairValueMeasurementConsolidatedFinancialStatementsIFRSHeading" xlink:to="jpcrp030000-asr_E34837-000_NotesFairValueMeasurementConsolidatedFinancialStatementsIFRSHeading_label" xlink:arcrole="http://www.xbrl.org/2003/arcrole/concept-label" order="1" />
    <link:labelArc xlink:type="arc" xlink:from="jpcrp030000-asr_E34837-000_NotesFairValueMeasurementConsolidatedFinancialStatementsIFRSHeading" xlink:to="jpcrp030000-asr_E34837-000_NotesFairValueMeasurementConsolidatedFinancialStatementsIFRSHeading_label_1" xlink:arcrole="http://www.xbrl.org/2003/arcrole/concept-label" order="1" />
    <link:labelArc xlink:type="arc" xlink:from="jpcrp030000-asr_E34837-000_NotesFairValueMeasurementConsolidatedFinancialStatementsIFRSTextBlock" xlink:to="jpcrp030000-asr_E34837-000_NotesFairValueMeasurementConsolidatedFinancialStatementsIFRSTextBlock_label_1" xlink:arcrole="http://www.xbrl.org/2003/arcrole/concept-label" order="1" />
    <link:labelArc xlink:type="arc" xlink:from="jpcrp030000-asr_E34837-000_NotesFairValueMeasurementConsolidatedFinancialStatementsIFRSTextBlock" xlink:to="jpcrp030000-asr_E34837-000_NotesFairValueMeasurementConsolidatedFinancialStatementsIFRSTextBlock_label" xlink:arcrole="http://www.xbrl.org/2003/arcrole/concept-label" order="1" />
    <link:labelArc xlink:type="arc" xlink:from="jpcrp030000-asr_E34837-000_NotesRegardingAmountOfNonCurrentAssetsInIncidentalBusinessesTextBlock" xlink:to="jpcrp030000-asr_E34837-000_NotesRegardingAmountOfNonCurrentAssetsInIncidentalBusinessesTextBlock_label" xlink:arcrole="http://www.xbrl.org/2003/arcrole/concept-label" order="1" />
    <link:labelArc xlink:type="arc" xlink:from="jpcrp030000-asr_E34837-000_NotesRegardingAmountOfNonCurrentAssetsInIncidentalBusinessesTextBlock" xlink:to="jpcrp030000-asr_E34837-000_NotesRegardingAmountOfNonCurrentAssetsInIncidentalBusinessesTextBlock_label_1" xlink:arcrole="http://www.xbrl.org/2003/arcrole/concept-label" order="1" />
    <link:labelArc xlink:type="arc" xlink:from="jpcrp030000-asr_E34837-000_NotesRegardingComponentsOfAccruedTaxesTextBlock" xlink:to="jpcrp030000-asr_E34837-000_NotesRegardingComponentsOfAccruedTaxesTextBlock_label" xlink:arcrole="http://www.xbrl.org/2003/arcrole/concept-label" order="1" />
    <link:labelArc xlink:type="arc" xlink:from="jpcrp030000-asr_E34837-000_NotesRegardingComponentsOfAccruedTaxesTextBlock" xlink:to="jpcrp030000-asr_E34837-000_NotesRegardingComponentsOfAccruedTaxesTextBlock_label_1" xlink:arcrole="http://www.xbrl.org/2003/arcrole/concept-label" order="1" />
    <link:labelArc xlink:type="arc" xlink:from="jpcrp030000-asr_E34837-000_NotesRegardingCurrentPortionOfNonCurrentLiabilitiesDetailsTextBlock" xlink:to="jpcrp030000-asr_E34837-000_NotesRegardingCurrentPortionOfNonCurrentLiabilitiesDetailsTextBlock_label" xlink:arcrole="http://www.xbrl.org/2003/arcrole/concept-label" order="1" />
    <link:labelArc xlink:type="arc" xlink:from="jpcrp030000-asr_E34837-000_NotesRegardingCurrentPortionOfNonCurrentLiabilitiesDetailsTextBlock" xlink:to="jpcrp030000-asr_E34837-000_NotesRegardingCurrentPortionOfNonCurrentLiabilitiesDetailsTextBlock_label_1" xlink:arcrole="http://www.xbrl.org/2003/arcrole/concept-label" order="1" />
    <link:labelArc xlink:type="arc" xlink:from="jpcrp030000-asr_E34837-000_NumberOfEmployeesIFRSSummaryOfBusinessResults" xlink:to="jpcrp030000-asr_E34837-000_NumberOfEmployeesIFRSSummaryOfBusinessResults_label" xlink:arcrole="http://www.xbrl.org/2003/arcrole/concept-label" order="1" />
    <link:labelArc xlink:type="arc" xlink:from="jpcrp030000-asr_E34837-000_NumberOfEmployeesIFRSSummaryOfBusinessResults" xlink:to="jpcrp030000-asr_E34837-000_NumberOfEmployeesIFRSSummaryOfBusinessResults_label_1" xlink:arcrole="http://www.xbrl.org/2003/arcrole/concept-label" order="1" />
    <link:labelArc xlink:type="arc" xlink:from="jpcrp030000-asr_E34837-000_OtherAssetItemsIFRSAbstract" xlink:to="jpcrp030000-asr_E34837-000_OtherAssetItemsIFRSAbstract_label" xlink:arcrole="http://www.xbrl.org/2003/arcrole/concept-label" order="1" />
    <link:labelArc xlink:type="arc" xlink:from="jpcrp030000-asr_E34837-000_OtherAssetItemsIFRSAbstract" xlink:to="jpcrp030000-asr_E34837-000_OtherAssetItemsIFRSAbstract_label_1" xlink:arcrole="http://www.xbrl.org/2003/arcrole/concept-label" order="1" />
    <link:labelArc xlink:type="arc" xlink:from="jpcrp030000-asr_E34837-000_OtherComponentsOfEquityRelatedToDisposalGroupsClassifiedAsHeldForSaleSSIFRS" xlink:to="jpcrp030000-asr_E34837-000_OtherComponentsOfEquityRelatedToDisposalGroupsClassifiedAsHeldForSaleSSIFRS_label_1" xlink:arcrole="http://www.xbrl.org/2003/arcrole/concept-label" order="1" />
    <link:labelArc xlink:type="arc" xlink:from="jpcrp030000-asr_E34837-000_OtherComponentsOfEquityRelatedToDisposalGroupsClassifiedAsHeldForSaleSSIFRS" xlink:to="jpcrp030000-asr_E34837-000_OtherComponentsOfEquityRelatedToDisposalGroupsClassifiedAsHeldForSaleSSIFRS_label" xlink:arcrole="http://www.xbrl.org/2003/arcrole/concept-label" order="1" />
    <link:labelArc xlink:type="arc" xlink:from="jpcrp030000-asr_E34837-000_OtherEquityInstrumentsIFRS" xlink:to="jpcrp030000-asr_E34837-000_OtherEquityInstrumentsIFRS_label_1" xlink:arcrole="http://www.xbrl.org/2003/arcrole/concept-label" order="1" />
    <link:labelArc xlink:type="arc" xlink:from="jpcrp030000-asr_E34837-000_OtherEquityInstrumentsIFRS" xlink:to="jpcrp030000-asr_E34837-000_OtherEquityInstrumentsIFRS_label" xlink:arcrole="http://www.xbrl.org/2003/arcrole/concept-label" order="1" />
    <link:labelArc xlink:type="arc" xlink:from="jpcrp030000-asr_E34837-000_OtherEquityInstrumentsIFRSMember" xlink:to="jpcrp030000-asr_E34837-000_OtherEquityInstrumentsIFRSMember_label" xlink:arcrole="http://www.xbrl.org/2003/arcrole/concept-label" order="1" />
    <link:labelArc xlink:type="arc" xlink:from="jpcrp030000-asr_E34837-000_OtherEquityInstrumentsIFRSMember" xlink:to="jpcrp030000-asr_E34837-000_OtherEquityInstrumentsIFRSMember_label_1" xlink:arcrole="http://www.xbrl.org/2003/arcrole/concept-label" order="1" />
    <link:labelArc xlink:type="arc" xlink:from="jpcrp030000-asr_E34837-000_OtherProfitOrLossItemsIFRSAbstract" xlink:to="jpcrp030000-asr_E34837-000_OtherProfitOrLossItemsIFRSAbstract_label" xlink:arcrole="http://www.xbrl.org/2003/arcrole/concept-label" order="1" />
    <link:labelArc xlink:type="arc" xlink:from="jpcrp030000-asr_E34837-000_OtherProfitOrLossItemsIFRSAbstract" xlink:to="jpcrp030000-asr_E34837-000_OtherProfitOrLossItemsIFRSAbstract_label_1" xlink:arcrole="http://www.xbrl.org/2003/arcrole/concept-label" order="1" />
    <link:labelArc xlink:type="arc" xlink:from="jpcrp030000-asr_E34837-000_OverseasPowerGenerationBusinessReportableSegmentMember" xlink:to="jpcrp030000-asr_E34837-000_OverseasPowerGenerationBusinessReportableSegmentMember_label" xlink:arcrole="http://www.xbrl.org/2003/arcrole/concept-label" order="1" />
    <link:labelArc xlink:type="arc" xlink:from="jpcrp030000-asr_E34837-000_OverseasPowerGenerationBusinessReportableSegmentMember" xlink:to="jpcrp030000-asr_E34837-000_OverseasPowerGenerationBusinessReportableSegmentMember_label_1" xlink:arcrole="http://www.xbrl.org/2003/arcrole/concept-label" order="1" />
    <link:labelArc xlink:type="arc" xlink:from="jpcrp030000-asr_E34837-000_PolicyOnHumanResourceDevelopmentAndImprovementOfInternalEnvironmentStrategyTextBlock" xlink:to="jpcrp030000-asr_E34837-000_PolicyOnHumanResourceDevelopmentAndImprovementOfInternalEnvironmentStrategyTextBlock_label" xlink:arcrole="http://www.xbrl.org/2003/arcrole/concept-label" order="1" />
    <link:labelArc xlink:type="arc" xlink:from="jpcrp030000-asr_E34837-000_PolicyOnHumanResourceDevelopmentAndImprovementOfInternalEnvironmentStrategyTextBlock" xlink:to="jpcrp030000-asr_E34837-000_PolicyOnHumanResourceDevelopmentAndImprovementOfInternalEnvironmentStrategyTextBlock_label_1" xlink:arcrole="http://www.xbrl.org/2003/arcrole/concept-label" order="1" />
    <link:labelArc xlink:type="arc" xlink:from="jpcrp030000-asr_E34837-000_ProvisionOfReserveForResourcePriceFluctuations" xlink:to="jpcrp030000-asr_E34837-000_ProvisionOfReserveForResourcePriceFluctuations_label" xlink:arcrole="http://www.xbrl.org/2003/arcrole/concept-label" order="1" />
    <link:labelArc xlink:type="arc" xlink:from="jpcrp030000-asr_E34837-000_ProvisionOfReserveForResourcePriceFluctuations" xlink:to="jpcrp030000-asr_E34837-000_ProvisionOfReserveForResourcePriceFluctuations_label_1" xlink:arcrole="http://www.xbrl.org/2003/arcrole/concept-label" order="1" />
    <link:labelArc xlink:type="arc" xlink:from="jpcrp030000-asr_E34837-000_ReferenceToOtherInformation2Strategy" xlink:to="jpcrp030000-asr_E34837-000_ReferenceToOtherInformation2Strategy_label" xlink:arcrole="http://www.xbrl.org/2003/arcrole/concept-label" order="1" />
    <link:labelArc xlink:type="arc" xlink:from="jpcrp030000-asr_E34837-000_ReferenceToOtherInformation2Strategy" xlink:to="jpcrp030000-asr_E34837-000_ReferenceToOtherInformation2Strategy_label_1" xlink:arcrole="http://www.xbrl.org/2003/arcrole/concept-label" order="1" />
    <link:labelArc xlink:type="arc" xlink:from="jpcrp030000-asr_E34837-000_ReferenceToOtherInformationStrategy" xlink:to="jpcrp030000-asr_E34837-000_ReferenceToOtherInformationStrategy_label_1" xlink:arcrole="http://www.xbrl.org/2003/arcrole/concept-label" order="1" />
    <link:labelArc xlink:type="arc" xlink:from="jpcrp030000-asr_E34837-000_ReferenceToOtherInformationStrategy" xlink:to="jpcrp030000-asr_E34837-000_ReferenceToOtherInformationStrategy_label" xlink:arcrole="http://www.xbrl.org/2003/arcrole/concept-label" order="1" />
    <link:labelArc xlink:type="arc" xlink:from="jpcrp030000-asr_E34837-000_ReserveForResourcePriceFluctuationsMember" xlink:to="jpcrp030000-asr_E34837-000_ReserveForResourcePriceFluctuationsMember_label" xlink:arcrole="http://www.xbrl.org/2003/arcrole/concept-label" order="1" />
    <link:labelArc xlink:type="arc" xlink:from="jpcrp030000-asr_E34837-000_ReserveForResourcePriceFluctuationsMember" xlink:to="jpcrp030000-asr_E34837-000_ReserveForResourcePriceFluctuationsMember_label_1" xlink:arcrole="http://www.xbrl.org/2003/arcrole/concept-label" order="1" />
    <link:labelArc xlink:type="arc" xlink:from="jpcrp030000-asr_E34837-000_ReversalOfReserveForResourcePriceFluctuations" xlink:to="jpcrp030000-asr_E34837-000_ReversalOfReserveForResourcePriceFluctuations_label" xlink:arcrole="http://www.xbrl.org/2003/arcrole/concept-label" order="1" />
    <link:labelArc xlink:type="arc" xlink:from="jpcrp030000-asr_E34837-000_ReversalOfReserveForResourcePriceFluctuations" xlink:to="jpcrp030000-asr_E34837-000_ReversalOfReserveForResourcePriceFluctuations_label_1" xlink:arcrole="http://www.xbrl.org/2003/arcrole/concept-label" order="1" />
    <link:labelArc xlink:type="arc" xlink:from="jpcrp030000-asr_E34837-000_RiskManagementTextBlock" xlink:to="jpcrp030000-asr_E34837-000_RiskManagementTextBlock_label" xlink:arcrole="http://www.xbrl.org/2003/arcrole/concept-label" order="1" />
    <link:labelArc xlink:type="arc" xlink:from="jpcrp030000-asr_E34837-000_RiskManagementTextBlock" xlink:to="jpcrp030000-asr_E34837-000_RiskManagementTextBlock_label_1" xlink:arcrole="http://www.xbrl.org/2003/arcrole/concept-label" order="1" />
    <link:labelArc xlink:type="arc" xlink:from="jpcrp030000-asr_E34837-000_StrategyMetricsAndTargetsTextBlock" xlink:to="jpcrp030000-asr_E34837-000_StrategyMetricsAndTargetsTextBlock_label" xlink:arcrole="http://www.xbrl.org/2003/arcrole/concept-label" order="1" />
    <link:labelArc xlink:type="arc" xlink:from="jpcrp030000-asr_E34837-000_StrategyMetricsAndTargetsTextBlock" xlink:to="jpcrp030000-asr_E34837-000_StrategyMetricsAndTargetsTextBlock_label_1" xlink:arcrole="http://www.xbrl.org/2003/arcrole/concept-label" order="1" />
    <link:labelArc xlink:type="arc" xlink:from="jpcrp030000-asr_E34837-000_TransferToCapitalStockFromCapitalSurplusIFRS" xlink:to="jpcrp030000-asr_E34837-000_TransferToCapitalStockFromCapitalSurplusIFRS_label" xlink:arcrole="http://www.xbrl.org/2003/arcrole/concept-label" order="1" />
    <link:labelArc xlink:type="arc" xlink:from="jpcrp030000-asr_E34837-000_TransferToCapitalStockFromCapitalSurplusIFRS" xlink:to="jpcrp030000-asr_E34837-000_TransferToCapitalStockFromCapitalSurplusIFRS_label_1" xlink:arcrole="http://www.xbrl.org/2003/arcrole/concept-label" order="1" />
    <link:labelArc xlink:type="arc" xlink:from="jpcrp030000-asr_E34837-000_TransferToCapitalStockFromOtherCapitalReserve" xlink:to="jpcrp030000-asr_E34837-000_TransferToCapitalStockFromOtherCapitalReserve_label_1" xlink:arcrole="http://www.xbrl.org/2003/arcrole/concept-label" order="1" />
    <link:labelArc xlink:type="arc" xlink:from="jpcrp030000-asr_E34837-000_TransferToCapitalStockFromOtherCapitalReserve" xlink:to="jpcrp030000-asr_E34837-000_TransferToCapitalStockFromOtherCapitalReserve_label" xlink:arcrole="http://www.xbrl.org/2003/arcrole/concept-label" order="1" />
    <link:labelArc xlink:type="arc" xlink:from="jpcrp030000-asr_E34837-000_TransferToLegalCapitalReserveFromOtherCapitalReserve" xlink:to="jpcrp030000-asr_E34837-000_TransferToLegalCapitalReserveFromOtherCapitalReserve_label" xlink:arcrole="http://www.xbrl.org/2003/arcrole/concept-label" order="1" />
    <link:labelArc xlink:type="arc" xlink:from="jpcrp030000-asr_E34837-000_TransferToLegalCapitalReserveFromOtherCapitalReserve" xlink:to="jpcrp030000-asr_E34837-000_TransferToLegalCapitalReserveFromOtherCapitalReserve_label_1" xlink:arcrole="http://www.xbrl.org/2003/arcrole/concept-label" order="1" />
    <link:labelArc xlink:type="arc" xlink:from="jpigp_cor_ComprehensiveIncomeAttributableToNonControllingInterestsIFRS" xlink:to="jpigp_cor_ComprehensiveIncomeAttributableToNonControllingInterestsIFRS_label" xlink:arcrole="http://www.xbrl.org/2003/arcrole/concept-label" order="1" />
    <link:labelArc xlink:type="arc" xlink:from="jpigp_cor_ComprehensiveIncomeAttributableToOwnersOfParentIFRS" xlink:to="jpigp_cor_ComprehensiveIncomeAttributableToOwnersOfParentIFRS_label" xlink:arcrole="http://www.xbrl.org/2003/arcrole/concept-label" order="1" />
    <link:labelArc xlink:type="arc" xlink:from="jpigp_cor_DividendsPaidToNonControllingInterestsFinCFIFRS" xlink:to="jpigp_cor_DividendsPaidToNonControllingInterestsFinCFIFRS_label" xlink:arcrole="http://www.xbrl.org/2003/arcrole/concept-label" order="1" />
    <link:labelArc xlink:type="arc" xlink:from="jpigp_cor_EffectivePortionOfCashFlowHedgesIFRSMember" xlink:to="jpigp_cor_EffectivePortionOfCashFlowHedgesIFRSMember_label" xlink:arcrole="http://www.xbrl.org/2003/arcrole/concept-label" order="1" />
    <link:labelArc xlink:type="arc" xlink:from="jpigp_cor_EffectivePortionOfCashFlowHedgesNetOfTaxItemsThatMayBeReclassifiedToProfitOrLossOCIIFRS" xlink:to="jpigp_cor_EffectivePortionOfCashFlowHedgesNetOfTaxItemsThatMayBeReclassifiedToProfitOrLossOCIIFRS_label" xlink:arcrole="http://www.xbrl.org/2003/arcrole/concept-label" order="1" />
    <link:labelArc xlink:type="arc" xlink:from="jpigp_cor_FinancialAssetsMeasuredAtFairValueThroughOtherComprehensiveIncomeIFRSMember" xlink:to="jpigp_cor_FinancialAssetsMeasuredAtFairValueThroughOtherComprehensiveIncomeIFRSMember_label" xlink:arcrole="http://www.xbrl.org/2003/arcrole/concept-label" order="1" />
    <link:labelArc xlink:type="arc" xlink:from="jpigp_cor_ImpairmentLossesReversalOfImpairmentLossesOpeCFIFRS" xlink:to="jpigp_cor_ImpairmentLossesReversalOfImpairmentLossesOpeCFIFRS_label" xlink:arcrole="http://www.xbrl.org/2003/arcrole/concept-label" order="1" />
    <link:labelArc xlink:type="arc" xlink:from="jpigp_cor_ItemsThatMayBeReclassifiedToProfitOrLossOCIIFRSAbstract" xlink:to="jpigp_cor_ItemsThatMayBeReclassifiedToProfitOrLossOCIIFRSAbstract_label" xlink:arcrole="http://www.xbrl.org/2003/arcrole/concept-label" order="1" />
    <link:labelArc xlink:type="arc" xlink:from="jpigp_cor_NetChangeInFairValueOfEquityInstrumentsDesignatedAsMeasuredAtFairValueThroughOtherComprehensiveIncomeNetOfTaxItemsThatWillNotBeReclassifiedToProfitOrLossOCIIFRS" xlink:to="jpigp_cor_NetChangeInFairValueOfEquityInstrumentsDesignatedAsMeasuredAtFairValueThroughOtherComprehensiveIncomeNetOfTaxItemsThatWillNotBeReclassifiedToProfitOrLossOCIIFRS_label" xlink:arcrole="http://www.xbrl.org/2003/arcrole/concept-label" order="1" />
    <link:labelArc xlink:type="arc" xlink:from="jpigp_cor_NonControllingInterestsIFRSMember" xlink:to="jpigp_cor_NonControllingInterestsIFRSMember_label" xlink:arcrole="http://www.xbrl.org/2003/arcrole/concept-label" order="1" />
    <link:labelArc xlink:type="arc" xlink:from="jpigp_cor_OtherSSIFRS" xlink:to="jpigp_cor_OtherSSIFRS_label" xlink:arcrole="http://www.xbrl.org/2003/arcrole/concept-label" order="1" />
    <link:labelArc xlink:type="arc" xlink:from="jpigp_cor_PaymentsForAcquisitionOfSubsidiariesInvCFIFRS" xlink:to="jpigp_cor_PaymentsForAcquisitionOfSubsidiariesInvCFIFRS_label" xlink:arcrole="http://www.xbrl.org/2003/arcrole/concept-label" order="1" />
    <link:labelArc xlink:type="arc" xlink:from="jpigp_cor_RemeasurementsOfDefinedBenefitPlansIFRSMember" xlink:to="jpigp_cor_RemeasurementsOfDefinedBenefitPlansIFRSMember_label" xlink:arcrole="http://www.xbrl.org/2003/arcrole/concept-label" order="1" />
    <link:labelArc xlink:type="arc" xlink:from="jpigp_cor_RemeasurementsOfDefinedBenefitPlansNetOfTaxItemsThatWillNotBeReclassifiedToProfitOrLossOCIIFRS" xlink:to="jpigp_cor_RemeasurementsOfDefinedBenefitPlansNetOfTaxItemsThatWillNotBeReclassifiedToProfitOrLossOCIIFRS_label" xlink:arcrole="http://www.xbrl.org/2003/arcrole/concept-label" order="1" />
    <link:labelArc xlink:type="arc" xlink:from="jpigp_cor_RevenueIFRS" xlink:to="jpigp_cor_RevenueIFRS_label" xlink:arcrole="http://www.xbrl.org/2003/arcrole/concept-label" order="1" />
    <link:labelArc xlink:type="arc" xlink:from="jpigp_cor_ReversalOfImpairmentLossesIFRS" xlink:to="jpigp_cor_ReversalOfImpairmentLossesIFRS_label" xlink:arcrole="http://www.xbrl.org/2003/arcrole/concept-label" order="1" />
    <link:labelArc xlink:type="arc" xlink:from="jpigp_cor_ShareOfProfitLossOfInvestmentsAccountedForUsingEquityMethodIFRS" xlink:to="jpigp_cor_ShareOfProfitLossOfInvestmentsAccountedForUsingEquityMethodIFRS_label" xlink:arcrole="http://www.xbrl.org/2003/arcrole/concept-label" order="1" />
    <link:labelArc xlink:type="arc" xlink:from="jpigp_cor_SoftwareAccumulatedAmortizationAndImpairmentLossesIFRS" xlink:to="jpigp_cor_SoftwareAccumulatedAmortizationAndImpairmentLossesIFRS_label" xlink:arcrole="http://www.xbrl.org/2003/arcrole/concept-label" order="1" />
    <link:labelArc xlink:type="arc" xlink:from="jpigp_cor_SoftwareAcquisitionCostIFRS" xlink:to="jpigp_cor_SoftwareAcquisitionCostIFRS_label" xlink:arcrole="http://www.xbrl.org/2003/arcrole/concept-label" order="1" />
    <link:labelArc xlink:type="arc" xlink:from="jpigp_cor_SoftwareIFRS" xlink:to="jpigp_cor_SoftwareIFRS_label" xlink:arcrole="http://www.xbrl.org/2003/arcrole/concept-label" order="1" />
    <link:labelArc xlink:type="arc" xlink:from="jpigp_cor_TotalTransactionsWithOwnersIFRS" xlink:to="jpigp_cor_TotalTransactionsWithOwnersIFRS_label" xlink:arcrole="http://www.xbrl.org/2003/arcrole/concept-label" order="1" />
    <link:labelArc xlink:type="arc" xlink:from="jpigp_cor_TransactionsWithOwnersIFRSAbstract" xlink:to="jpigp_cor_TransactionsWithOwnersIFRSAbstract_label" xlink:arcrole="http://www.xbrl.org/2003/arcrole/concept-label" order="1" />
  </link:labelLink>
</link:linkbase>