<?xml version="1.0" encoding="utf-8"?>
<!-- Generated by PRONEXUS WORKS -->
<link:linkbase xmlns:link="http://www.xbrl.org/2003/linkbase" xmlns:xsi="http://www.w3.org/2001/XMLSchema-instance" xmlns:xbrli="http://www.xbrl.org/2003/instance" xmlns:xlink="http://www.w3.org/1999/xlink">
  <link:labelLink xlink:type="extended" xlink:role="http://www.xbrl.org/2003/role/link">
    <link:loc xlink:type="locator" xlink:href="jpcrp030000-asr-001_E04498-000_2016-03-31_01_2016-06-29.xsd#jpcrp030000-asr_E04498-000_ProvisionForCompensationForNuclearPowerRelatedDamagesNCLELE" xlink:label="ProvisionForCompensationForNuclearPowerRelatedDamagesNCLELE" />
    <link:loc xlink:type="locator" xlink:href="jpcrp030000-asr-001_E04498-000_2016-03-31_01_2016-06-29.xsd#jpcrp030000-asr_E04498-000_LossRelatedToInterimStorageProjectOfSpentFuelOpeCF" xlink:label="LossRelatedToInterimStorageProjectOfSpentFuelOpeCF" />
    <link:loc xlink:type="locator" xlink:href="jpcrp030000-asr-001_E04498-000_2016-03-31_01_2016-06-29.xsd#jpcrp030000-asr_E04498-000_GrantsInAidFromNuclearDamageLiabilityAndNuclearReactorDecommissionFacilitationFundOpeCF" xlink:label="GrantsInAidFromNuclearDamageLiabilityAndNuclearReactorDecommissionFacilitationFundOpeCF" />
    <link:loc xlink:type="locator" xlink:href="jpcrp030000-asr-001_E04498-000_2016-03-31_01_2016-06-29.xsd#jpcrp030000-asr_E04498-000_CompensationForNuclearPowerRelatedDamagesOpeCFELE" xlink:label="CompensationForNuclearPowerRelatedDamagesOpeCFELE" />
    <link:loc xlink:type="locator" xlink:href="jpcrp030000-asr-001_E04498-000_2016-03-31_01_2016-06-29.xsd#jpcrp030000-asr_E04498-000_GainOnSalesOfNoncurrentAssetsOpeCF" xlink:label="GainOnSalesOfNoncurrentAssetsOpeCF" />
    <link:loc xlink:type="locator" xlink:href="jpcrp030000-asr-001_E04498-000_2016-03-31_01_2016-06-29.xsd#jpcrp030000-asr_E04498-000_PaymentsForExtraordinaryLossOnTheTohokuChihouTaiheiyouOkiEarthquakeOpeCF" xlink:label="PaymentsForExtraordinaryLossOnTheTohokuChihouTaiheiyouOkiEarthquakeOpeCF" />
    <link:loc xlink:type="locator" xlink:href="jpcrp030000-asr-001_E04498-000_2016-03-31_01_2016-06-29.xsd#jpcrp030000-asr_E04498-000_GrantsInAidFromNuclearDamageLiabilityAndNuclearReactorDecommissionFacilitationFundReceivedOpeCF" xlink:label="GrantsInAidFromNuclearDamageLiabilityAndNuclearReactorDecommissionFacilitationFundReceivedOpeCF" />
    <link:loc xlink:type="locator" xlink:href="jpcrp030000-asr-001_E04498-000_2016-03-31_01_2016-06-29.xsd#jpcrp030000-asr_E04498-000_GrantsInAidFromNuclearDamageCompensationFacilitationCorporationReceivedOpeCF" xlink:label="GrantsInAidFromNuclearDamageCompensationFacilitationCorporationReceivedOpeCF" />
    <link:loc xlink:type="locator" xlink:href="jpcrp030000-asr-001_E04498-000_2016-03-31_01_2016-06-29.xsd#jpcrp030000-asr_E04498-000_CompensationForNuclearPowerRelatedDamagesPaidOpeCFELE" xlink:label="CompensationForNuclearPowerRelatedDamagesPaidOpeCFELE" />
    <link:loc xlink:type="locator" xlink:href="jpcrp030000-asr-001_E04498-000_2016-03-31_01_2016-06-29.xsd#jpcrp030000-asr_E04498-000_OperatingRevenueEnergyFacilitiesServiceBusinessORIncidentalELE" xlink:label="OperatingRevenueEnergyFacilitiesServiceBusinessORIncidentalELE" />
    <link:loc xlink:type="locator" xlink:href="jpcrp030000-asr-001_E04498-000_2016-03-31_01_2016-06-29.xsd#jpcrp030000-asr_E04498-000_OperatingExpensesEnergyFacilitiesServiceBusinessOEIncidentalELE" xlink:label="OperatingExpensesEnergyFacilitiesServiceBusinessOEIncidentalELE" />
    <link:loc xlink:type="locator" xlink:href="jpcrp030000-asr-001_E04498-000_2016-03-31_01_2016-06-29.xsd#jpcrp030000-asr_E04498-000_CompensationForNuclearPowerRelatedDamagesELELE" xlink:label="CompensationForNuclearPowerRelatedDamagesELELE" />
    <link:loc xlink:type="locator" xlink:href="jpcrp030000-asr-001_E04498-000_2016-03-31_01_2016-06-29.xsd#jpcrp030000-asr_E04498-000_LossRelatedToInterimStorageProjectOfSpentFuelEL" xlink:label="LossRelatedToInterimStorageProjectOfSpentFuelEL" />
    <link:loc xlink:type="locator" xlink:href="jpcrp030000-asr-001_E04498-000_2016-03-31_01_2016-06-29.xsd#jpcrp030000-asr_E04498-000_AccountingPolicyForDecommissioningCostsOfNuclearPowerUnitsTextBlock" xlink:label="AccountingPolicyForDecommissioningCostsOfNuclearPowerUnitsTextBlock" />
    <link:loc xlink:type="locator" xlink:href="jpcrp030000-asr-001_E04498-000_2016-03-31_01_2016-06-29.xsd#jpcrp030000-asr_E04498-000_FuelAndPowerCompanyReportableSegmentsMember" xlink:label="FuelAndPowerCompanyReportableSegmentsMember" />
    <link:loc xlink:type="locator" xlink:href="jpcrp030000-asr-001_E04498-000_2016-03-31_01_2016-06-29.xsd#jpcrp030000-asr_E04498-000_PowerGridCompanyReportableSegmentsMember" xlink:label="PowerGridCompanyReportableSegmentsMember" />
    <link:loc xlink:type="locator" xlink:href="jpcrp030000-asr-001_E04498-000_2016-03-31_01_2016-06-29.xsd#jpcrp030000-asr_E04498-000_CustomerServiceCompanyReportableSegmentsMember" xlink:label="CustomerServiceCompanyReportableSegmentsMember" />
    <link:loc xlink:type="locator" xlink:href="jpcrp030000-asr-001_E04498-000_2016-03-31_01_2016-06-29.xsd#jpcrp030000-asr_E04498-000_CorporateReportableSegmentsMember" xlink:label="CorporateReportableSegmentsMember" />
    <link:loc xlink:type="locator" xlink:href="jpcrp030000-asr-001_E04498-000_2016-03-31_01_2016-06-29.xsd#jpcrp030000-asr_E04498-000_EmployeesRetirementBenefitExpensesSGAELE" xlink:label="EmployeesRetirementBenefitExpensesSGAELE" />
    <link:loc xlink:type="locator" xlink:href="jpcrp030000-asr-001_E04498-000_2016-03-31_01_2016-06-29.xsd#jpcrp030000-asr_E04498-000_ProvisionsForReservesTextBlock" xlink:label="ProvisionsForReservesTextBlock" />
    <link:loc xlink:type="locator" xlink:href="jpcrp030000-asr-001_E04498-000_2016-03-31_01_2016-06-29.xsd#jpcrp030000-asr_E04498-000_NotesRegardingCompensationForNuclearPowerRelatedDamagesAndGrantsInAidFromNuclearDamageLiabilityFacilitationFund" xlink:label="NotesRegardingCompensationForNuclearPowerRelatedDamagesAndGrantsInAidFromNuclearDamageLiabilityFacilitationFund" />
    <link:loc xlink:type="locator" xlink:href="jpcrp030000-asr-001_E04498-000_2016-03-31_01_2016-06-29.xsd#jpcrp030000-asr_E04498-000_NotesRegardingLossRelatedToInterimStorageProjectOfSpentFuelELTextBlock" xlink:label="NotesRegardingLossRelatedToInterimStorageProjectOfSpentFuelELTextBlock" />
    <link:loc xlink:type="locator" xlink:href="jpcrp030000-asr-001_E04498-000_2016-03-31_01_2016-06-29.xsd#jpcrp030000-asr_E04498-000_NotesRegardingFinancialCovenants" xlink:label="NotesRegardingFinancialCovenants" />
    <link:loc xlink:type="locator" xlink:href="jpcrp030000-asr-001_E04498-000_2016-03-31_01_2016-06-29.xsd#jpcrp030000-asr_E04498-000_NotesRegardingCurrentPortionOfNonCurrentLiabilitiesTextBlock" xlink:label="NotesRegardingCurrentPortionOfNonCurrentLiabilitiesTextBlock" />
    <link:loc xlink:type="locator" xlink:href="jpcrp030000-asr-001_E04498-000_2016-03-31_01_2016-06-29.xsd#jpcrp030000-asr_E04498-000_NotesRegardingAccruedTaxesTextBlock" xlink:label="NotesRegardingAccruedTaxesTextBlock" />
    <link:loc xlink:type="locator" xlink:href="jpcrp030000-asr-001_E04498-000_2016-03-31_01_2016-06-29.xsd#jpcrp030000-asr_E04498-000_NotesRegardingAmountOfNonCurrentAssetsInIncidentalBusinessTextBlock" xlink:label="NotesRegardingAmountOfNonCurrentAssetsInIncidentalBusinessTextBlock" />
    <link:loc xlink:type="locator" xlink:href="jpcrp030000-asr-001_E04498-000_2016-03-31_01_2016-06-29.xsd#jpcrp030000-asr_E04498-000_TotalNumberOfIssuedSharesSummaryOfBusinessResultsAbstract" xlink:label="TotalNumberOfIssuedSharesSummaryOfBusinessResultsAbstract" />
    <link:loc xlink:type="locator" xlink:href="jpcrp030000-asr-001_E04498-000_2016-03-31_01_2016-06-29.xsd#jpcrp030000-asr_E04498-000_PreferredStockClassATotalNumberOfIssuedSharesSummaryOfBusinessResult" xlink:label="PreferredStockClassATotalNumberOfIssuedSharesSummaryOfBusinessResult" />
    <link:loc xlink:type="locator" xlink:href="jpcrp030000-asr-001_E04498-000_2016-03-31_01_2016-06-29.xsd#jpcrp030000-asr_E04498-000_PreferredStockClassBTotalNumberOfIssuedSharesSummaryOfBusinessResults" xlink:label="PreferredStockClassBTotalNumberOfIssuedSharesSummaryOfBusinessResults" />
    <link:loc xlink:type="locator" xlink:href="jpcrp030000-asr-001_E04498-000_2016-03-31_01_2016-06-29.xsd#jpcrp030000-asr_E04498-000_DividendPaidPerShareSummaryOfBusinessResultsAbstract" xlink:label="DividendPaidPerShareSummaryOfBusinessResultsAbstract" />
    <link:loc xlink:type="locator" xlink:href="jpcrp030000-asr-001_E04498-000_2016-03-31_01_2016-06-29.xsd#jpcrp030000-asr_E04498-000_PreferredStockClassADividendPaidPerShareSummaryOfBusinessResults" xlink:label="PreferredStockClassADividendPaidPerShareSummaryOfBusinessResults" />
    <link:loc xlink:type="locator" xlink:href="jpcrp030000-asr-001_E04498-000_2016-03-31_01_2016-06-29.xsd#jpcrp030000-asr_E04498-000_PreferredStockClassBDividendPaidPerShareSummaryOfBusinessResults" xlink:label="PreferredStockClassBDividendPaidPerShareSummaryOfBusinessResults" />
    <link:loc xlink:type="locator" xlink:href="jpcrp030000-asr-001_E04498-000_2016-03-31_01_2016-06-29.xsd#jpcrp030000-asr_E04498-000_InterimDividendPaidPerShareSummaryOfBusinessResultsAbstract" xlink:label="InterimDividendPaidPerShareSummaryOfBusinessResultsAbstract" />
    <link:loc xlink:type="locator" xlink:href="jpcrp030000-asr-001_E04498-000_2016-03-31_01_2016-06-29.xsd#jpcrp030000-asr_E04498-000_PreferredStockClassAInterimDividendPaidPerShareSummaryOfBusinessResults" xlink:label="PreferredStockClassAInterimDividendPaidPerShareSummaryOfBusinessResults" />
    <link:loc xlink:type="locator" xlink:href="jpcrp030000-asr-001_E04498-000_2016-03-31_01_2016-06-29.xsd#jpcrp030000-asr_E04498-000_PreferredStockClassBInterimDividendPaidPerShareSummaryOfBusinessResults" xlink:label="PreferredStockClassBInterimDividendPaidPerShareSummaryOfBusinessResults" />
    <link:loc xlink:type="locator" xlink:href="jpcrp030000-asr-001_E04498-000_2016-03-31_01_2016-06-29.xsd#jpcrp030000-asr_E04498-000_DecreaseInCashAndCashEquivalentsDueToChangeInScopeOfConsolidation" xlink:label="DecreaseInCashAndCashEquivalentsDueToChangeInScopeOfConsolidation" />
    <link:loc xlink:type="locator" xlink:href="http://disclosure.edinet-fsa.go.jp/taxonomy/jppfs/2016-02-29/jppfs_cor_2016-02-29.xsd#jppfs_cor_CumulativeEffectsOfChangesInAccountingPolicies" xlink:label="CumulativeEffectsOfChangesInAccountingPolicies" />
    <link:label xlink:type="resource" xlink:label="label_CumulativeEffectsOfChangesInAccountingPolicies" xml:lang="en" xlink:role="http://www.xbrl.org/2003/role/periodStartLabel" id="label_CumulativeEffectsOfChangesInAccountingPolicies">Cumulative effects of changes in accounting policies</link:label>
    <link:labelArc xlink:type="arc" xlink:arcrole="http://www.xbrl.org/2003/arcrole/concept-label" xlink:from="CumulativeEffectsOfChangesInAccountingPolicies" xlink:to="label_CumulativeEffectsOfChangesInAccountingPolicies" />
    <link:loc xlink:type="locator" xlink:href="http://disclosure.edinet-fsa.go.jp/taxonomy/jppfs/2016-02-29/jppfs_cor_2016-02-29.xsd#jppfs_cor_RestatedBalance" xlink:label="RestatedBalance" />
    <link:label xlink:type="resource" xlink:label="label_RestatedBalance" xml:lang="en" xlink:role="http://www.xbrl.org/2003/role/periodStartLabel" id="label_RestatedBalance">Restated balance</link:label>
    <link:labelArc xlink:type="arc" xlink:arcrole="http://www.xbrl.org/2003/arcrole/concept-label" xlink:from="RestatedBalance" xlink:to="label_RestatedBalance" />
    <link:label xlink:type="resource" xlink:label="label_AccountingPolicyForDecommissioningCostsOfNuclearPowerUnitsTextBlock" xml:lang="en" xlink:role="http://www.xbrl.org/2003/role/label" id="label_AccountingPolicyForDecommissioningCostsOfNuclearPowerUnitsTextBlock">Accounting policy for Decommissioning costs of nuclear power units</link:label>
    <link:labelArc xlink:type="arc" xlink:arcrole="http://www.xbrl.org/2003/arcrole/concept-label" xlink:from="AccountingPolicyForDecommissioningCostsOfNuclearPowerUnitsTextBlock" xlink:to="label_AccountingPolicyForDecommissioningCostsOfNuclearPowerUnitsTextBlock" />
    <link:label xlink:type="resource" xlink:label="label_AccountingPolicyForDecommissioningCostsOfNuclearPowerUnitsTextBlock_2" xml:lang="en" xlink:role="http://www.xbrl.org/2003/role/verboseLabel" id="label_AccountingPolicyForDecommissioningCostsOfNuclearPowerUnitsTextBlock_2">Accounting policy for Decommissioning costs of nuclear power units [text block]</link:label>
    <link:labelArc xlink:type="arc" xlink:arcrole="http://www.xbrl.org/2003/arcrole/concept-label" xlink:from="AccountingPolicyForDecommissioningCostsOfNuclearPowerUnitsTextBlock" xlink:to="label_AccountingPolicyForDecommissioningCostsOfNuclearPowerUnitsTextBlock_2" />
    <link:label xlink:type="resource" xlink:label="label_NotesRegardingCurrentPortionOfNonCurrentLiabilitiesTextBlock" xml:lang="en" xlink:role="http://www.xbrl.org/2003/role/label" id="label_NotesRegardingCurrentPortionOfNonCurrentLiabilitiesTextBlock">Notes regarding current portion of non-current liabilities</link:label>
    <link:labelArc xlink:type="arc" xlink:arcrole="http://www.xbrl.org/2003/arcrole/concept-label" xlink:from="NotesRegardingCurrentPortionOfNonCurrentLiabilitiesTextBlock" xlink:to="label_NotesRegardingCurrentPortionOfNonCurrentLiabilitiesTextBlock" />
    <link:label xlink:type="resource" xlink:label="label_NotesRegardingCurrentPortionOfNonCurrentLiabilitiesTextBlock_2" xml:lang="en" xlink:role="http://www.xbrl.org/2003/role/verboseLabel" id="label_NotesRegardingCurrentPortionOfNonCurrentLiabilitiesTextBlock_2">Notes regarding current portion of non-current liabilities [text block]</link:label>
    <link:labelArc xlink:type="arc" xlink:arcrole="http://www.xbrl.org/2003/arcrole/concept-label" xlink:from="NotesRegardingCurrentPortionOfNonCurrentLiabilitiesTextBlock" xlink:to="label_NotesRegardingCurrentPortionOfNonCurrentLiabilitiesTextBlock_2" />
    <link:label xlink:type="resource" xlink:label="label_NotesRegardingAccruedTaxesTextBlock" xml:lang="en" xlink:role="http://www.xbrl.org/2003/role/label" id="label_NotesRegardingAccruedTaxesTextBlock">Notes regarding accrued taxes</link:label>
    <link:labelArc xlink:type="arc" xlink:arcrole="http://www.xbrl.org/2003/arcrole/concept-label" xlink:from="NotesRegardingAccruedTaxesTextBlock" xlink:to="label_NotesRegardingAccruedTaxesTextBlock" />
    <link:label xlink:type="resource" xlink:label="label_NotesRegardingAccruedTaxesTextBlock_2" xml:lang="en" xlink:role="http://www.xbrl.org/2003/role/verboseLabel" id="label_NotesRegardingAccruedTaxesTextBlock_2">Notes regarding accrued taxes [text block]</link:label>
    <link:labelArc xlink:type="arc" xlink:arcrole="http://www.xbrl.org/2003/arcrole/concept-label" xlink:from="NotesRegardingAccruedTaxesTextBlock" xlink:to="label_NotesRegardingAccruedTaxesTextBlock_2" />
    <link:label xlink:type="resource" xlink:label="label_NotesRegardingAmountOfNonCurrentAssetsInIncidentalBusinessTextBlock" xml:lang="en" xlink:role="http://www.xbrl.org/2003/role/label" id="label_NotesRegardingAmountOfNonCurrentAssetsInIncidentalBusinessTextBlock">Notes regarding amount of non-current assets in incidental business</link:label>
    <link:labelArc xlink:type="arc" xlink:arcrole="http://www.xbrl.org/2003/arcrole/concept-label" xlink:from="NotesRegardingAmountOfNonCurrentAssetsInIncidentalBusinessTextBlock" xlink:to="label_NotesRegardingAmountOfNonCurrentAssetsInIncidentalBusinessTextBlock" />
    <link:label xlink:type="resource" xlink:label="label_NotesRegardingAmountOfNonCurrentAssetsInIncidentalBusinessTextBlock_2" xml:lang="en" xlink:role="http://www.xbrl.org/2003/role/verboseLabel" id="label_NotesRegardingAmountOfNonCurrentAssetsInIncidentalBusinessTextBlock_2">Notes regarding amount of non-current assets in incidental business [text block]</link:label>
    <link:labelArc xlink:type="arc" xlink:arcrole="http://www.xbrl.org/2003/arcrole/concept-label" xlink:from="NotesRegardingAmountOfNonCurrentAssetsInIncidentalBusinessTextBlock" xlink:to="label_NotesRegardingAmountOfNonCurrentAssetsInIncidentalBusinessTextBlock_2" />
    <link:label xlink:type="resource" xlink:label="label_EmployeesRetirementBenefitExpensesSGAELE" xml:lang="en" xlink:role="http://www.xbrl.org/2003/role/label" id="label_EmployeesRetirementBenefitExpensesSGAELE">Employees' retirement benefit expenses</link:label>
    <link:labelArc xlink:type="arc" xlink:arcrole="http://www.xbrl.org/2003/arcrole/concept-label" xlink:from="EmployeesRetirementBenefitExpensesSGAELE" xlink:to="label_EmployeesRetirementBenefitExpensesSGAELE" />
    <link:label xlink:type="resource" xlink:label="label_EmployeesRetirementBenefitExpensesSGAELE_2" xml:lang="en" xlink:role="http://www.xbrl.org/2003/role/verboseLabel" id="label_EmployeesRetirementBenefitExpensesSGAELE_2">Employees' retirement benefit expenses-SGA-ELE</link:label>
    <link:labelArc xlink:type="arc" xlink:arcrole="http://www.xbrl.org/2003/arcrole/concept-label" xlink:from="EmployeesRetirementBenefitExpensesSGAELE" xlink:to="label_EmployeesRetirementBenefitExpensesSGAELE_2" />
    <link:label xlink:type="resource" xlink:label="label_ProvisionsForReservesTextBlock" xml:lang="en" xlink:role="http://www.xbrl.org/2003/role/label" id="label_ProvisionsForReservesTextBlock">Provisions for reserves</link:label>
    <link:labelArc xlink:type="arc" xlink:arcrole="http://www.xbrl.org/2003/arcrole/concept-label" xlink:from="ProvisionsForReservesTextBlock" xlink:to="label_ProvisionsForReservesTextBlock" />
    <link:label xlink:type="resource" xlink:label="label_ProvisionsForReservesTextBlock_2" xml:lang="en" xlink:role="http://www.xbrl.org/2003/role/verboseLabel" id="label_ProvisionsForReservesTextBlock_2">Provisions for reserves [text block]</link:label>
    <link:labelArc xlink:type="arc" xlink:arcrole="http://www.xbrl.org/2003/arcrole/concept-label" xlink:from="ProvisionsForReservesTextBlock" xlink:to="label_ProvisionsForReservesTextBlock_2" />
    <link:label xlink:type="resource" xlink:label="label_NotesRegardingCompensationForNuclearPowerRelatedDamagesAndGrantsInAidFromNuclearDamageLiabilityFacilitationFund" xml:lang="en" xlink:role="http://www.xbrl.org/2003/role/label" id="label_NotesRegardingCompensationForNuclearPowerRelatedDamagesAndGrantsInAidFromNuclearDamageLiabilityFacilitationFund">Notes regarding Compensation for nuclear power-related damages and Grants-in-aid from Nuclear Damage Liability Facilitation Fund</link:label>
    <link:labelArc xlink:type="arc" xlink:arcrole="http://www.xbrl.org/2003/arcrole/concept-label" xlink:from="NotesRegardingCompensationForNuclearPowerRelatedDamagesAndGrantsInAidFromNuclearDamageLiabilityFacilitationFund" xlink:to="label_NotesRegardingCompensationForNuclearPowerRelatedDamagesAndGrantsInAidFromNuclearDamageLiabilityFacilitationFund" />
    <link:label xlink:type="resource" xlink:label="label_NotesRegardingCompensationForNuclearPowerRelatedDamagesAndGrantsInAidFromNuclearDamageLiabilityFacilitationFund_2" xml:lang="en" xlink:role="http://www.xbrl.org/2003/role/verboseLabel" id="label_NotesRegardingCompensationForNuclearPowerRelatedDamagesAndGrantsInAidFromNuclearDamageLiabilityFacilitationFund_2">Notes regarding Compensation for nuclear power-related damages and Grants-in-aid from Nuclear Damage Liability Facilitation Fund</link:label>
    <link:labelArc xlink:type="arc" xlink:arcrole="http://www.xbrl.org/2003/arcrole/concept-label" xlink:from="NotesRegardingCompensationForNuclearPowerRelatedDamagesAndGrantsInAidFromNuclearDamageLiabilityFacilitationFund" xlink:to="label_NotesRegardingCompensationForNuclearPowerRelatedDamagesAndGrantsInAidFromNuclearDamageLiabilityFacilitationFund_2" />
    <link:label xlink:type="resource" xlink:label="label_NotesRegardingLossRelatedToInterimStorageProjectOfSpentFuelELTextBlock" xml:lang="en" xlink:role="http://www.xbrl.org/2003/role/label" id="label_NotesRegardingLossRelatedToInterimStorageProjectOfSpentFuelELTextBlock">Notes regarding Loss related to interim storage project of spent fuel</link:label>
    <link:labelArc xlink:type="arc" xlink:arcrole="http://www.xbrl.org/2003/arcrole/concept-label" xlink:from="NotesRegardingLossRelatedToInterimStorageProjectOfSpentFuelELTextBlock" xlink:to="label_NotesRegardingLossRelatedToInterimStorageProjectOfSpentFuelELTextBlock" />
    <link:label xlink:type="resource" xlink:label="label_NotesRegardingLossRelatedToInterimStorageProjectOfSpentFuelELTextBlock_2" xml:lang="en" xlink:role="http://www.xbrl.org/2003/role/verboseLabel" id="label_NotesRegardingLossRelatedToInterimStorageProjectOfSpentFuelELTextBlock_2">Notes regarding Loss related to interim storage project of spent fuel-EL [text block]</link:label>
    <link:labelArc xlink:type="arc" xlink:arcrole="http://www.xbrl.org/2003/arcrole/concept-label" xlink:from="NotesRegardingLossRelatedToInterimStorageProjectOfSpentFuelELTextBlock" xlink:to="label_NotesRegardingLossRelatedToInterimStorageProjectOfSpentFuelELTextBlock_2" />
    <link:label xlink:type="resource" xlink:label="label_NotesRegardingFinancialCovenants" xml:lang="en" xlink:role="http://www.xbrl.org/2003/role/label" id="label_NotesRegardingFinancialCovenants">Notes Regarding Financial Covenants</link:label>
    <link:labelArc xlink:type="arc" xlink:arcrole="http://www.xbrl.org/2003/arcrole/concept-label" xlink:from="NotesRegardingFinancialCovenants" xlink:to="label_NotesRegardingFinancialCovenants" />
    <link:label xlink:type="resource" xlink:label="label_NotesRegardingFinancialCovenants_2" xml:lang="en" xlink:role="http://www.xbrl.org/2003/role/verboseLabel" id="label_NotesRegardingFinancialCovenants_2">Notes Regarding Financial Covenants</link:label>
    <link:labelArc xlink:type="arc" xlink:arcrole="http://www.xbrl.org/2003/arcrole/concept-label" xlink:from="NotesRegardingFinancialCovenants" xlink:to="label_NotesRegardingFinancialCovenants_2" />
    <link:label xlink:type="resource" xlink:label="label_TotalNumberOfIssuedSharesSummaryOfBusinessResultsAbstract" xml:lang="en" xlink:role="http://www.xbrl.org/2003/role/label" id="label_TotalNumberOfIssuedSharesSummaryOfBusinessResultsAbstract">Total number of issued shares</link:label>
    <link:labelArc xlink:type="arc" xlink:arcrole="http://www.xbrl.org/2003/arcrole/concept-label" xlink:from="TotalNumberOfIssuedSharesSummaryOfBusinessResultsAbstract" xlink:to="label_TotalNumberOfIssuedSharesSummaryOfBusinessResultsAbstract" />
    <link:label xlink:type="resource" xlink:label="label_TotalNumberOfIssuedSharesSummaryOfBusinessResultsAbstract_2" xml:lang="en" xlink:role="http://www.xbrl.org/2003/role/verboseLabel" id="label_TotalNumberOfIssuedSharesSummaryOfBusinessResultsAbstract_2">Total number of issued shares, Summary of business results [abstract]</link:label>
    <link:labelArc xlink:type="arc" xlink:arcrole="http://www.xbrl.org/2003/arcrole/concept-label" xlink:from="TotalNumberOfIssuedSharesSummaryOfBusinessResultsAbstract" xlink:to="label_TotalNumberOfIssuedSharesSummaryOfBusinessResultsAbstract_2" />
    <link:label xlink:type="resource" xlink:label="label_PreferredStockClassATotalNumberOfIssuedSharesSummaryOfBusinessResult" xml:lang="en" xlink:role="http://www.xbrl.org/2003/role/label" id="label_PreferredStockClassATotalNumberOfIssuedSharesSummaryOfBusinessResult">Preferred stock-ClassA</link:label>
    <link:labelArc xlink:type="arc" xlink:arcrole="http://www.xbrl.org/2003/arcrole/concept-label" xlink:from="PreferredStockClassATotalNumberOfIssuedSharesSummaryOfBusinessResult" xlink:to="label_PreferredStockClassATotalNumberOfIssuedSharesSummaryOfBusinessResult" />
    <link:label xlink:type="resource" xlink:label="label_PreferredStockClassATotalNumberOfIssuedSharesSummaryOfBusinessResult_2" xml:lang="en" xlink:role="http://www.xbrl.org/2003/role/verboseLabel" id="label_PreferredStockClassATotalNumberOfIssuedSharesSummaryOfBusinessResult_2">Preferred stock-ClassA, Total number of issued shares, Summary of business result</link:label>
    <link:labelArc xlink:type="arc" xlink:arcrole="http://www.xbrl.org/2003/arcrole/concept-label" xlink:from="PreferredStockClassATotalNumberOfIssuedSharesSummaryOfBusinessResult" xlink:to="label_PreferredStockClassATotalNumberOfIssuedSharesSummaryOfBusinessResult_2" />
    <link:label xlink:type="resource" xlink:label="label_PreferredStockClassBTotalNumberOfIssuedSharesSummaryOfBusinessResults" xml:lang="en" xlink:role="http://www.xbrl.org/2003/role/label" id="label_PreferredStockClassBTotalNumberOfIssuedSharesSummaryOfBusinessResults">Preferred stock-ClassB</link:label>
    <link:labelArc xlink:type="arc" xlink:arcrole="http://www.xbrl.org/2003/arcrole/concept-label" xlink:from="PreferredStockClassBTotalNumberOfIssuedSharesSummaryOfBusinessResults" xlink:to="label_PreferredStockClassBTotalNumberOfIssuedSharesSummaryOfBusinessResults" />
    <link:label xlink:type="resource" xlink:label="label_PreferredStockClassBTotalNumberOfIssuedSharesSummaryOfBusinessResults_2" xml:lang="en" xlink:role="http://www.xbrl.org/2003/role/verboseLabel" id="label_PreferredStockClassBTotalNumberOfIssuedSharesSummaryOfBusinessResults_2">Preferred stock-ClassB Total number of issued shares, Summary of business results</link:label>
    <link:labelArc xlink:type="arc" xlink:arcrole="http://www.xbrl.org/2003/arcrole/concept-label" xlink:from="PreferredStockClassBTotalNumberOfIssuedSharesSummaryOfBusinessResults" xlink:to="label_PreferredStockClassBTotalNumberOfIssuedSharesSummaryOfBusinessResults_2" />
    <link:label xlink:type="resource" xlink:label="label_DividendPaidPerShareSummaryOfBusinessResultsAbstract" xml:lang="en" xlink:role="http://www.xbrl.org/2003/role/label" id="label_DividendPaidPerShareSummaryOfBusinessResultsAbstract">Dividend paid per share</link:label>
    <link:labelArc xlink:type="arc" xlink:arcrole="http://www.xbrl.org/2003/arcrole/concept-label" xlink:from="DividendPaidPerShareSummaryOfBusinessResultsAbstract" xlink:to="label_DividendPaidPerShareSummaryOfBusinessResultsAbstract" />
    <link:label xlink:type="resource" xlink:label="label_DividendPaidPerShareSummaryOfBusinessResultsAbstract_2" xml:lang="en" xlink:role="http://www.xbrl.org/2003/role/verboseLabel" id="label_DividendPaidPerShareSummaryOfBusinessResultsAbstract_2">Dividend paid per share, Summary of business results [abstract]</link:label>
    <link:labelArc xlink:type="arc" xlink:arcrole="http://www.xbrl.org/2003/arcrole/concept-label" xlink:from="DividendPaidPerShareSummaryOfBusinessResultsAbstract" xlink:to="label_DividendPaidPerShareSummaryOfBusinessResultsAbstract_2" />
    <link:label xlink:type="resource" xlink:label="label_PreferredStockClassADividendPaidPerShareSummaryOfBusinessResults" xml:lang="en" xlink:role="http://www.xbrl.org/2003/role/label" id="label_PreferredStockClassADividendPaidPerShareSummaryOfBusinessResults">Preferred stock-ClassA</link:label>
    <link:labelArc xlink:type="arc" xlink:arcrole="http://www.xbrl.org/2003/arcrole/concept-label" xlink:from="PreferredStockClassADividendPaidPerShareSummaryOfBusinessResults" xlink:to="label_PreferredStockClassADividendPaidPerShareSummaryOfBusinessResults" />
    <link:label xlink:type="resource" xlink:label="label_PreferredStockClassADividendPaidPerShareSummaryOfBusinessResults_2" xml:lang="en" xlink:role="http://www.xbrl.org/2003/role/verboseLabel" id="label_PreferredStockClassADividendPaidPerShareSummaryOfBusinessResults_2">Preferred stock-ClassA, Dividend paid per share, Summary of business results</link:label>
    <link:labelArc xlink:type="arc" xlink:arcrole="http://www.xbrl.org/2003/arcrole/concept-label" xlink:from="PreferredStockClassADividendPaidPerShareSummaryOfBusinessResults" xlink:to="label_PreferredStockClassADividendPaidPerShareSummaryOfBusinessResults_2" />
    <link:label xlink:type="resource" xlink:label="label_PreferredStockClassBDividendPaidPerShareSummaryOfBusinessResults" xml:lang="en" xlink:role="http://www.xbrl.org/2003/role/label" id="label_PreferredStockClassBDividendPaidPerShareSummaryOfBusinessResults">Preferred stock-ClassB</link:label>
    <link:labelArc xlink:type="arc" xlink:arcrole="http://www.xbrl.org/2003/arcrole/concept-label" xlink:from="PreferredStockClassBDividendPaidPerShareSummaryOfBusinessResults" xlink:to="label_PreferredStockClassBDividendPaidPerShareSummaryOfBusinessResults" />
    <link:label xlink:type="resource" xlink:label="label_PreferredStockClassBDividendPaidPerShareSummaryOfBusinessResults_2" xml:lang="en" xlink:role="http://www.xbrl.org/2003/role/verboseLabel" id="label_PreferredStockClassBDividendPaidPerShareSummaryOfBusinessResults_2">Preferred stock-ClassB, Dividend paid per share, Summary of business results</link:label>
    <link:labelArc xlink:type="arc" xlink:arcrole="http://www.xbrl.org/2003/arcrole/concept-label" xlink:from="PreferredStockClassBDividendPaidPerShareSummaryOfBusinessResults" xlink:to="label_PreferredStockClassBDividendPaidPerShareSummaryOfBusinessResults_2" />
    <link:label xlink:type="resource" xlink:label="label_InterimDividendPaidPerShareSummaryOfBusinessResultsAbstract" xml:lang="en" xlink:role="http://www.xbrl.org/2003/role/label" id="label_InterimDividendPaidPerShareSummaryOfBusinessResultsAbstract">Interim dividend paid per share</link:label>
    <link:labelArc xlink:type="arc" xlink:arcrole="http://www.xbrl.org/2003/arcrole/concept-label" xlink:from="InterimDividendPaidPerShareSummaryOfBusinessResultsAbstract" xlink:to="label_InterimDividendPaidPerShareSummaryOfBusinessResultsAbstract" />
    <link:label xlink:type="resource" xlink:label="label_InterimDividendPaidPerShareSummaryOfBusinessResultsAbstract_2" xml:lang="en" xlink:role="http://www.xbrl.org/2003/role/verboseLabel" id="label_InterimDividendPaidPerShareSummaryOfBusinessResultsAbstract_2">Interim dividend paid per share, Summary of business results [abstract]</link:label>
    <link:labelArc xlink:type="arc" xlink:arcrole="http://www.xbrl.org/2003/arcrole/concept-label" xlink:from="InterimDividendPaidPerShareSummaryOfBusinessResultsAbstract" xlink:to="label_InterimDividendPaidPerShareSummaryOfBusinessResultsAbstract_2" />
    <link:label xlink:type="resource" xlink:label="label_PreferredStockClassAInterimDividendPaidPerShareSummaryOfBusinessResults" xml:lang="en" xlink:role="http://www.xbrl.org/2003/role/label" id="label_PreferredStockClassAInterimDividendPaidPerShareSummaryOfBusinessResults">Preferred stock-ClassA</link:label>
    <link:labelArc xlink:type="arc" xlink:arcrole="http://www.xbrl.org/2003/arcrole/concept-label" xlink:from="PreferredStockClassAInterimDividendPaidPerShareSummaryOfBusinessResults" xlink:to="label_PreferredStockClassAInterimDividendPaidPerShareSummaryOfBusinessResults" />
    <link:label xlink:type="resource" xlink:label="label_PreferredStockClassAInterimDividendPaidPerShareSummaryOfBusinessResults_2" xml:lang="en" xlink:role="http://www.xbrl.org/2003/role/verboseLabel" id="label_PreferredStockClassAInterimDividendPaidPerShareSummaryOfBusinessResults_2">Preferred stock-ClassA, Interim dividend paid per share, Summary of business results</link:label>
    <link:labelArc xlink:type="arc" xlink:arcrole="http://www.xbrl.org/2003/arcrole/concept-label" xlink:from="PreferredStockClassAInterimDividendPaidPerShareSummaryOfBusinessResults" xlink:to="label_PreferredStockClassAInterimDividendPaidPerShareSummaryOfBusinessResults_2" />
    <link:label xlink:type="resource" xlink:label="label_PreferredStockClassBInterimDividendPaidPerShareSummaryOfBusinessResults" xml:lang="en" xlink:role="http://www.xbrl.org/2003/role/label" id="label_PreferredStockClassBInterimDividendPaidPerShareSummaryOfBusinessResults">Preferred stock-ClassB</link:label>
    <link:labelArc xlink:type="arc" xlink:arcrole="http://www.xbrl.org/2003/arcrole/concept-label" xlink:from="PreferredStockClassBInterimDividendPaidPerShareSummaryOfBusinessResults" xlink:to="label_PreferredStockClassBInterimDividendPaidPerShareSummaryOfBusinessResults" />
    <link:label xlink:type="resource" xlink:label="label_PreferredStockClassBInterimDividendPaidPerShareSummaryOfBusinessResults_2" xml:lang="en" xlink:role="http://www.xbrl.org/2003/role/verboseLabel" id="label_PreferredStockClassBInterimDividendPaidPerShareSummaryOfBusinessResults_2">Preferred stock-ClassB, Interim dividend paid per share, Summary of business results</link:label>
    <link:labelArc xlink:type="arc" xlink:arcrole="http://www.xbrl.org/2003/arcrole/concept-label" xlink:from="PreferredStockClassBInterimDividendPaidPerShareSummaryOfBusinessResults" xlink:to="label_PreferredStockClassBInterimDividendPaidPerShareSummaryOfBusinessResults_2" />
    <link:label xlink:type="resource" xlink:label="label_FuelAndPowerCompanyReportableSegmentsMember" xml:lang="en" xlink:role="http://www.xbrl.org/2003/role/label" id="label_FuelAndPowerCompanyReportableSegmentsMember">Fuel and Power Company</link:label>
    <link:labelArc xlink:type="arc" xlink:arcrole="http://www.xbrl.org/2003/arcrole/concept-label" xlink:from="FuelAndPowerCompanyReportableSegmentsMember" xlink:to="label_FuelAndPowerCompanyReportableSegmentsMember" />
    <link:label xlink:type="resource" xlink:label="label_FuelAndPowerCompanyReportableSegmentsMember_2" xml:lang="en" xlink:role="http://www.xbrl.org/2003/role/verboseLabel" id="label_FuelAndPowerCompanyReportableSegmentsMember_2">Fuel and Power Company, Reportable segments [member]</link:label>
    <link:labelArc xlink:type="arc" xlink:arcrole="http://www.xbrl.org/2003/arcrole/concept-label" xlink:from="FuelAndPowerCompanyReportableSegmentsMember" xlink:to="label_FuelAndPowerCompanyReportableSegmentsMember_2" />
    <link:label xlink:type="resource" xlink:label="label_PowerGridCompanyReportableSegmentsMember" xml:lang="en" xlink:role="http://www.xbrl.org/2003/role/label" id="label_PowerGridCompanyReportableSegmentsMember">Power Grid Company</link:label>
    <link:labelArc xlink:type="arc" xlink:arcrole="http://www.xbrl.org/2003/arcrole/concept-label" xlink:from="PowerGridCompanyReportableSegmentsMember" xlink:to="label_PowerGridCompanyReportableSegmentsMember" />
    <link:label xlink:type="resource" xlink:label="label_PowerGridCompanyReportableSegmentsMember_2" xml:lang="en" xlink:role="http://www.xbrl.org/2003/role/verboseLabel" id="label_PowerGridCompanyReportableSegmentsMember_2">Power Grid Company, Reportable segments [member]</link:label>
    <link:labelArc xlink:type="arc" xlink:arcrole="http://www.xbrl.org/2003/arcrole/concept-label" xlink:from="PowerGridCompanyReportableSegmentsMember" xlink:to="label_PowerGridCompanyReportableSegmentsMember_2" />
    <link:label xlink:type="resource" xlink:label="label_CustomerServiceCompanyReportableSegmentsMember" xml:lang="en" xlink:role="http://www.xbrl.org/2003/role/label" id="label_CustomerServiceCompanyReportableSegmentsMember">Customer Service Company</link:label>
    <link:labelArc xlink:type="arc" xlink:arcrole="http://www.xbrl.org/2003/arcrole/concept-label" xlink:from="CustomerServiceCompanyReportableSegmentsMember" xlink:to="label_CustomerServiceCompanyReportableSegmentsMember" />
    <link:label xlink:type="resource" xlink:label="label_CustomerServiceCompanyReportableSegmentsMember_2" xml:lang="en" xlink:role="http://www.xbrl.org/2003/role/verboseLabel" id="label_CustomerServiceCompanyReportableSegmentsMember_2">Customer Service Company, Reportable segments [member]</link:label>
    <link:labelArc xlink:type="arc" xlink:arcrole="http://www.xbrl.org/2003/arcrole/concept-label" xlink:from="CustomerServiceCompanyReportableSegmentsMember" xlink:to="label_CustomerServiceCompanyReportableSegmentsMember_2" />
    <link:label xlink:type="resource" xlink:label="label_CorporateReportableSegmentsMember" xml:lang="en" xlink:role="http://www.xbrl.org/2003/role/label" id="label_CorporateReportableSegmentsMember">Corporate</link:label>
    <link:labelArc xlink:type="arc" xlink:arcrole="http://www.xbrl.org/2003/arcrole/concept-label" xlink:from="CorporateReportableSegmentsMember" xlink:to="label_CorporateReportableSegmentsMember" />
    <link:label xlink:type="resource" xlink:label="label_CorporateReportableSegmentsMember_2" xml:lang="en" xlink:role="http://www.xbrl.org/2003/role/verboseLabel" id="label_CorporateReportableSegmentsMember_2">Corporate, Reportable segments [member]</link:label>
    <link:labelArc xlink:type="arc" xlink:arcrole="http://www.xbrl.org/2003/arcrole/concept-label" xlink:from="CorporateReportableSegmentsMember" xlink:to="label_CorporateReportableSegmentsMember_2" />
    <link:label xlink:type="resource" xlink:label="label_ProvisionForCompensationForNuclearPowerRelatedDamagesNCLELE" xml:lang="en" xlink:role="http://www.xbrl.org/2003/role/label" id="label_ProvisionForCompensationForNuclearPowerRelatedDamagesNCLELE">Provision for compensation for nuclear power-related damages</link:label>
    <link:labelArc xlink:type="arc" xlink:arcrole="http://www.xbrl.org/2003/arcrole/concept-label" xlink:from="ProvisionForCompensationForNuclearPowerRelatedDamagesNCLELE" xlink:to="label_ProvisionForCompensationForNuclearPowerRelatedDamagesNCLELE" />
    <link:label xlink:type="resource" xlink:label="label_ProvisionForCompensationForNuclearPowerRelatedDamagesNCLELE_2" xml:lang="en" xlink:role="http://www.xbrl.org/2003/role/verboseLabel" id="label_ProvisionForCompensationForNuclearPowerRelatedDamagesNCLELE_2">Provision for compensation for nuclear power-related damages-NCL-ELE</link:label>
    <link:labelArc xlink:type="arc" xlink:arcrole="http://www.xbrl.org/2003/arcrole/concept-label" xlink:from="ProvisionForCompensationForNuclearPowerRelatedDamagesNCLELE" xlink:to="label_ProvisionForCompensationForNuclearPowerRelatedDamagesNCLELE_2" />
    <link:label xlink:type="resource" xlink:label="label_OperatingRevenueEnergyFacilitiesServiceBusinessORIncidentalELE" xml:lang="en" xlink:role="http://www.xbrl.org/2003/role/label" id="label_OperatingRevenueEnergyFacilitiesServiceBusinessORIncidentalELE">Operating revenue-energy facilities service business</link:label>
    <link:labelArc xlink:type="arc" xlink:arcrole="http://www.xbrl.org/2003/arcrole/concept-label" xlink:from="OperatingRevenueEnergyFacilitiesServiceBusinessORIncidentalELE" xlink:to="label_OperatingRevenueEnergyFacilitiesServiceBusinessORIncidentalELE" />
    <link:label xlink:type="resource" xlink:label="label_OperatingRevenueEnergyFacilitiesServiceBusinessORIncidentalELE_2" xml:lang="en" xlink:role="http://www.xbrl.org/2003/role/verboseLabel" id="label_OperatingRevenueEnergyFacilitiesServiceBusinessORIncidentalELE_2">Operating revenue-energy facilities service business-OR-incidental-ELE</link:label>
    <link:labelArc xlink:type="arc" xlink:arcrole="http://www.xbrl.org/2003/arcrole/concept-label" xlink:from="OperatingRevenueEnergyFacilitiesServiceBusinessORIncidentalELE" xlink:to="label_OperatingRevenueEnergyFacilitiesServiceBusinessORIncidentalELE_2" />
    <link:label xlink:type="resource" xlink:label="label_OperatingExpensesEnergyFacilitiesServiceBusinessOEIncidentalELE" xml:lang="en" xlink:role="http://www.xbrl.org/2003/role/label" id="label_OperatingExpensesEnergyFacilitiesServiceBusinessOEIncidentalELE">Operating expenses-energy facilities service business</link:label>
    <link:labelArc xlink:type="arc" xlink:arcrole="http://www.xbrl.org/2003/arcrole/concept-label" xlink:from="OperatingExpensesEnergyFacilitiesServiceBusinessOEIncidentalELE" xlink:to="label_OperatingExpensesEnergyFacilitiesServiceBusinessOEIncidentalELE" />
    <link:label xlink:type="resource" xlink:label="label_OperatingExpensesEnergyFacilitiesServiceBusinessOEIncidentalELE_2" xml:lang="en" xlink:role="http://www.xbrl.org/2003/role/verboseLabel" id="label_OperatingExpensesEnergyFacilitiesServiceBusinessOEIncidentalELE_2">Operating expenses-energy facilities service business-OE-incidental-ELE</link:label>
    <link:labelArc xlink:type="arc" xlink:arcrole="http://www.xbrl.org/2003/arcrole/concept-label" xlink:from="OperatingExpensesEnergyFacilitiesServiceBusinessOEIncidentalELE" xlink:to="label_OperatingExpensesEnergyFacilitiesServiceBusinessOEIncidentalELE_2" />
    <link:label xlink:type="resource" xlink:label="label_CompensationForNuclearPowerRelatedDamagesELELE" xml:lang="en" xlink:role="http://www.xbrl.org/2003/role/label" id="label_CompensationForNuclearPowerRelatedDamagesELELE">Compensation for nuclear power-related damages</link:label>
    <link:labelArc xlink:type="arc" xlink:arcrole="http://www.xbrl.org/2003/arcrole/concept-label" xlink:from="CompensationForNuclearPowerRelatedDamagesELELE" xlink:to="label_CompensationForNuclearPowerRelatedDamagesELELE" />
    <link:label xlink:type="resource" xlink:label="label_CompensationForNuclearPowerRelatedDamagesELELE_2" xml:lang="en" xlink:role="http://www.xbrl.org/2003/role/verboseLabel" id="label_CompensationForNuclearPowerRelatedDamagesELELE_2">Compensation for nuclear power-related damages-EL-ELE</link:label>
    <link:labelArc xlink:type="arc" xlink:arcrole="http://www.xbrl.org/2003/arcrole/concept-label" xlink:from="CompensationForNuclearPowerRelatedDamagesELELE" xlink:to="label_CompensationForNuclearPowerRelatedDamagesELELE_2" />
    <link:label xlink:type="resource" xlink:label="label_LossRelatedToInterimStorageProjectOfSpentFuelEL" xml:lang="en" xlink:role="http://www.xbrl.org/2003/role/label" id="label_LossRelatedToInterimStorageProjectOfSpentFuelEL">Loss related to interim storage project of spent fuel</link:label>
    <link:labelArc xlink:type="arc" xlink:arcrole="http://www.xbrl.org/2003/arcrole/concept-label" xlink:from="LossRelatedToInterimStorageProjectOfSpentFuelEL" xlink:to="label_LossRelatedToInterimStorageProjectOfSpentFuelEL" />
    <link:label xlink:type="resource" xlink:label="label_LossRelatedToInterimStorageProjectOfSpentFuelEL_2" xml:lang="en" xlink:role="http://www.xbrl.org/2003/role/verboseLabel" id="label_LossRelatedToInterimStorageProjectOfSpentFuelEL_2">Loss related to interim storage project of spent fuel-EL</link:label>
    <link:labelArc xlink:type="arc" xlink:arcrole="http://www.xbrl.org/2003/arcrole/concept-label" xlink:from="LossRelatedToInterimStorageProjectOfSpentFuelEL" xlink:to="label_LossRelatedToInterimStorageProjectOfSpentFuelEL_2" />
    <link:label xlink:type="resource" xlink:label="label_LossRelatedToInterimStorageProjectOfSpentFuelOpeCF" xml:lang="en" xlink:role="http://www.xbrl.org/2003/role/label" id="label_LossRelatedToInterimStorageProjectOfSpentFuelOpeCF">Loss related to interim storage project of spent fuel</link:label>
    <link:labelArc xlink:type="arc" xlink:arcrole="http://www.xbrl.org/2003/arcrole/concept-label" xlink:from="LossRelatedToInterimStorageProjectOfSpentFuelOpeCF" xlink:to="label_LossRelatedToInterimStorageProjectOfSpentFuelOpeCF" />
    <link:label xlink:type="resource" xlink:label="label_LossRelatedToInterimStorageProjectOfSpentFuelOpeCF_2" xml:lang="en" xlink:role="http://www.xbrl.org/2003/role/verboseLabel" id="label_LossRelatedToInterimStorageProjectOfSpentFuelOpeCF_2">Loss related to interim storage project of spent fuel-OpeCF</link:label>
    <link:labelArc xlink:type="arc" xlink:arcrole="http://www.xbrl.org/2003/arcrole/concept-label" xlink:from="LossRelatedToInterimStorageProjectOfSpentFuelOpeCF" xlink:to="label_LossRelatedToInterimStorageProjectOfSpentFuelOpeCF_2" />
    <link:label xlink:type="resource" xlink:label="label_GrantsInAidFromNuclearDamageLiabilityAndNuclearReactorDecommissionFacilitationFundOpeCF" xml:lang="en" xlink:role="http://www.xbrl.org/2003/role/label" id="label_GrantsInAidFromNuclearDamageLiabilityAndNuclearReactorDecommissionFacilitationFundOpeCF">Grants-in-aid from Nuclear Damage Liability and Nuclear Reactor Decommission Facilitation Fund</link:label>
    <link:labelArc xlink:type="arc" xlink:arcrole="http://www.xbrl.org/2003/arcrole/concept-label" xlink:from="GrantsInAidFromNuclearDamageLiabilityAndNuclearReactorDecommissionFacilitationFundOpeCF" xlink:to="label_GrantsInAidFromNuclearDamageLiabilityAndNuclearReactorDecommissionFacilitationFundOpeCF" />
    <link:label xlink:type="resource" xlink:label="label_GrantsInAidFromNuclearDamageLiabilityAndNuclearReactorDecommissionFacilitationFundOpeCF_2" xml:lang="en" xlink:role="http://www.xbrl.org/2003/role/verboseLabel" id="label_GrantsInAidFromNuclearDamageLiabilityAndNuclearReactorDecommissionFacilitationFundOpeCF_2">Grants-in-aid from Nuclear Damage Liability and Nuclear Reactor Decommission Facilitation Fund-OpeCF</link:label>
    <link:labelArc xlink:type="arc" xlink:arcrole="http://www.xbrl.org/2003/arcrole/concept-label" xlink:from="GrantsInAidFromNuclearDamageLiabilityAndNuclearReactorDecommissionFacilitationFundOpeCF" xlink:to="label_GrantsInAidFromNuclearDamageLiabilityAndNuclearReactorDecommissionFacilitationFundOpeCF_2" />
    <link:label xlink:type="resource" xlink:label="label_CompensationForNuclearPowerRelatedDamagesOpeCFELE" xml:lang="en" xlink:role="http://www.xbrl.org/2003/role/label" id="label_CompensationForNuclearPowerRelatedDamagesOpeCFELE">Compensation for nuclear power-related damages</link:label>
    <link:labelArc xlink:type="arc" xlink:arcrole="http://www.xbrl.org/2003/arcrole/concept-label" xlink:from="CompensationForNuclearPowerRelatedDamagesOpeCFELE" xlink:to="label_CompensationForNuclearPowerRelatedDamagesOpeCFELE" />
    <link:label xlink:type="resource" xlink:label="label_CompensationForNuclearPowerRelatedDamagesOpeCFELE_2" xml:lang="en" xlink:role="http://www.xbrl.org/2003/role/verboseLabel" id="label_CompensationForNuclearPowerRelatedDamagesOpeCFELE_2">Compensation for nuclear power-related damages-OpeCF-ELE</link:label>
    <link:labelArc xlink:type="arc" xlink:arcrole="http://www.xbrl.org/2003/arcrole/concept-label" xlink:from="CompensationForNuclearPowerRelatedDamagesOpeCFELE" xlink:to="label_CompensationForNuclearPowerRelatedDamagesOpeCFELE_2" />
    <link:label xlink:type="resource" xlink:label="label_GainOnSalesOfNoncurrentAssetsOpeCF" xml:lang="en" xlink:role="http://www.xbrl.org/2003/role/label" id="label_GainOnSalesOfNoncurrentAssetsOpeCF">Gain on sales of noncurrent assets</link:label>
    <link:labelArc xlink:type="arc" xlink:arcrole="http://www.xbrl.org/2003/arcrole/concept-label" xlink:from="GainOnSalesOfNoncurrentAssetsOpeCF" xlink:to="label_GainOnSalesOfNoncurrentAssetsOpeCF" />
    <link:label xlink:type="resource" xlink:label="label_GainOnSalesOfNoncurrentAssetsOpeCF_2" xml:lang="en" xlink:role="http://www.xbrl.org/2003/role/verboseLabel" id="label_GainOnSalesOfNoncurrentAssetsOpeCF_2">Gain on sales of noncurrent assets-OpeCF</link:label>
    <link:labelArc xlink:type="arc" xlink:arcrole="http://www.xbrl.org/2003/arcrole/concept-label" xlink:from="GainOnSalesOfNoncurrentAssetsOpeCF" xlink:to="label_GainOnSalesOfNoncurrentAssetsOpeCF_2" />
    <link:label xlink:type="resource" xlink:label="label_PaymentsForExtraordinaryLossOnTheTohokuChihouTaiheiyouOkiEarthquakeOpeCF" xml:lang="en" xlink:role="http://www.xbrl.org/2003/role/label" id="label_PaymentsForExtraordinaryLossOnTheTohokuChihouTaiheiyouOkiEarthquakeOpeCF">Payments for extraordinary loss on the Tohoku-Chihou-Taiheiyou-Oki Earthquake</link:label>
    <link:labelArc xlink:type="arc" xlink:arcrole="http://www.xbrl.org/2003/arcrole/concept-label" xlink:from="PaymentsForExtraordinaryLossOnTheTohokuChihouTaiheiyouOkiEarthquakeOpeCF" xlink:to="label_PaymentsForExtraordinaryLossOnTheTohokuChihouTaiheiyouOkiEarthquakeOpeCF" />
    <link:label xlink:type="resource" xlink:label="label_PaymentsForExtraordinaryLossOnTheTohokuChihouTaiheiyouOkiEarthquakeOpeCF_2" xml:lang="en" xlink:role="http://www.xbrl.org/2003/role/verboseLabel" id="label_PaymentsForExtraordinaryLossOnTheTohokuChihouTaiheiyouOkiEarthquakeOpeCF_2">Payments for extraordinary loss on the Tohoku-Chihou-Taiheiyou-Oki Earthquake-OpeCF</link:label>
    <link:labelArc xlink:type="arc" xlink:arcrole="http://www.xbrl.org/2003/arcrole/concept-label" xlink:from="PaymentsForExtraordinaryLossOnTheTohokuChihouTaiheiyouOkiEarthquakeOpeCF" xlink:to="label_PaymentsForExtraordinaryLossOnTheTohokuChihouTaiheiyouOkiEarthquakeOpeCF_2" />
    <link:label xlink:type="resource" xlink:label="label_GrantsInAidFromNuclearDamageLiabilityAndNuclearReactorDecommissionFacilitationFundReceivedOpeCF" xml:lang="en" xlink:role="http://www.xbrl.org/2003/role/label" id="label_GrantsInAidFromNuclearDamageLiabilityAndNuclearReactorDecommissionFacilitationFundReceivedOpeCF">Grants-in-aid from Nuclear Damage Liability and Nuclear Reactor Decommission Facilitation Fund received</link:label>
    <link:labelArc xlink:type="arc" xlink:arcrole="http://www.xbrl.org/2003/arcrole/concept-label" xlink:from="GrantsInAidFromNuclearDamageLiabilityAndNuclearReactorDecommissionFacilitationFundReceivedOpeCF" xlink:to="label_GrantsInAidFromNuclearDamageLiabilityAndNuclearReactorDecommissionFacilitationFundReceivedOpeCF" />
    <link:label xlink:type="resource" xlink:label="label_GrantsInAidFromNuclearDamageLiabilityAndNuclearReactorDecommissionFacilitationFundReceivedOpeCF_2" xml:lang="en" xlink:role="http://www.xbrl.org/2003/role/verboseLabel" id="label_GrantsInAidFromNuclearDamageLiabilityAndNuclearReactorDecommissionFacilitationFundReceivedOpeCF_2">Grants-in-aid from Nuclear Damage Liability and Nuclear Reactor Decommission Facilitation Fund received-OpeCF</link:label>
    <link:labelArc xlink:type="arc" xlink:arcrole="http://www.xbrl.org/2003/arcrole/concept-label" xlink:from="GrantsInAidFromNuclearDamageLiabilityAndNuclearReactorDecommissionFacilitationFundReceivedOpeCF" xlink:to="label_GrantsInAidFromNuclearDamageLiabilityAndNuclearReactorDecommissionFacilitationFundReceivedOpeCF_2" />
    <link:label xlink:type="resource" xlink:label="label_GrantsInAidFromNuclearDamageCompensationFacilitationCorporationReceivedOpeCF" xml:lang="en" xlink:role="http://www.xbrl.org/2003/role/label" id="label_GrantsInAidFromNuclearDamageCompensationFacilitationCorporationReceivedOpeCF">Grants-in-aid from Nuclear Damage Compensation Facilitation Corporation received</link:label>
    <link:labelArc xlink:type="arc" xlink:arcrole="http://www.xbrl.org/2003/arcrole/concept-label" xlink:from="GrantsInAidFromNuclearDamageCompensationFacilitationCorporationReceivedOpeCF" xlink:to="label_GrantsInAidFromNuclearDamageCompensationFacilitationCorporationReceivedOpeCF" />
    <link:label xlink:type="resource" xlink:label="label_GrantsInAidFromNuclearDamageCompensationFacilitationCorporationReceivedOpeCF_2" xml:lang="en" xlink:role="http://www.xbrl.org/2003/role/verboseLabel" id="label_GrantsInAidFromNuclearDamageCompensationFacilitationCorporationReceivedOpeCF_2">Grants-in-aid from Nuclear Damage Compensation Facilitation Corporation received-OpeCF</link:label>
    <link:labelArc xlink:type="arc" xlink:arcrole="http://www.xbrl.org/2003/arcrole/concept-label" xlink:from="GrantsInAidFromNuclearDamageCompensationFacilitationCorporationReceivedOpeCF" xlink:to="label_GrantsInAidFromNuclearDamageCompensationFacilitationCorporationReceivedOpeCF_2" />
    <link:label xlink:type="resource" xlink:label="label_CompensationForNuclearPowerRelatedDamagesPaidOpeCFELE" xml:lang="en" xlink:role="http://www.xbrl.org/2003/role/label" id="label_CompensationForNuclearPowerRelatedDamagesPaidOpeCFELE">Compensation for nuclear power-related damages paid</link:label>
    <link:labelArc xlink:type="arc" xlink:arcrole="http://www.xbrl.org/2003/arcrole/concept-label" xlink:from="CompensationForNuclearPowerRelatedDamagesPaidOpeCFELE" xlink:to="label_CompensationForNuclearPowerRelatedDamagesPaidOpeCFELE" />
    <link:label xlink:type="resource" xlink:label="label_CompensationForNuclearPowerRelatedDamagesPaidOpeCFELE_2" xml:lang="en" xlink:role="http://www.xbrl.org/2003/role/verboseLabel" id="label_CompensationForNuclearPowerRelatedDamagesPaidOpeCFELE_2">Compensation for nuclear power-related damages paid-OpeCF-ELE</link:label>
    <link:labelArc xlink:type="arc" xlink:arcrole="http://www.xbrl.org/2003/arcrole/concept-label" xlink:from="CompensationForNuclearPowerRelatedDamagesPaidOpeCFELE" xlink:to="label_CompensationForNuclearPowerRelatedDamagesPaidOpeCFELE_2" />
    <link:label xlink:type="resource" xlink:label="label_DecreaseInCashAndCashEquivalentsDueToChangeInScopeOfConsolidation" xml:lang="en" xlink:role="http://www.xbrl.org/2003/role/label" id="label_DecreaseInCashAndCashEquivalentsDueToChangeInScopeOfConsolidation">Decrease in cash and cash equivalents due to change in scope of consolidation</link:label>
    <link:labelArc xlink:type="arc" xlink:arcrole="http://www.xbrl.org/2003/arcrole/concept-label" xlink:from="DecreaseInCashAndCashEquivalentsDueToChangeInScopeOfConsolidation" xlink:to="label_DecreaseInCashAndCashEquivalentsDueToChangeInScopeOfConsolidation" />
    <link:label xlink:type="resource" xlink:label="label_DecreaseInCashAndCashEquivalentsDueToChangeInScopeOfConsolidation_2" xml:lang="en" xlink:role="http://www.xbrl.org/2003/role/verboseLabel" id="label_DecreaseInCashAndCashEquivalentsDueToChangeInScopeOfConsolidation_2">Decrease in cash and cash equivalents due to change in scope of consolidation</link:label>
    <link:labelArc xlink:type="arc" xlink:arcrole="http://www.xbrl.org/2003/arcrole/concept-label" xlink:from="DecreaseInCashAndCashEquivalentsDueToChangeInScopeOfConsolidation" xlink:to="label_DecreaseInCashAndCashEquivalentsDueToChangeInScopeOfConsolidation_2" />
  </link:labelLink>
</link:linkbase>