<?xml version="1.0" encoding="utf-8"?>
<!-- Generated by PRONEXUS WORKS -->
<link:linkbase xmlns:link="http://www.xbrl.org/2003/linkbase" xmlns:xsi="http://www.w3.org/2001/XMLSchema-instance" xmlns:xbrli="http://www.xbrl.org/2003/instance" xmlns:xlink="http://www.w3.org/1999/xlink">
  <link:labelLink xlink:type="extended" xlink:role="http://www.xbrl.org/2003/role/link">
    <link:loc xlink:type="locator" xlink:href="jpcrp030000-asr-001_E04498-000_2016-03-31_01_2016-06-29.xsd#jpcrp030000-asr_E04498-000_ProvisionForCompensationForNuclearPowerRelatedDamagesNCLELE" xlink:label="ProvisionForCompensationForNuclearPowerRelatedDamagesNCLELE" />
    <link:loc xlink:type="locator" xlink:href="jpcrp030000-asr-001_E04498-000_2016-03-31_01_2016-06-29.xsd#jpcrp030000-asr_E04498-000_LossRelatedToInterimStorageProjectOfSpentFuelOpeCF" xlink:label="LossRelatedToInterimStorageProjectOfSpentFuelOpeCF" />
    <link:loc xlink:type="locator" xlink:href="jpcrp030000-asr-001_E04498-000_2016-03-31_01_2016-06-29.xsd#jpcrp030000-asr_E04498-000_GrantsInAidFromNuclearDamageLiabilityAndNuclearReactorDecommissionFacilitationFundOpeCF" xlink:label="GrantsInAidFromNuclearDamageLiabilityAndNuclearReactorDecommissionFacilitationFundOpeCF" />
    <link:loc xlink:type="locator" xlink:href="jpcrp030000-asr-001_E04498-000_2016-03-31_01_2016-06-29.xsd#jpcrp030000-asr_E04498-000_CompensationForNuclearPowerRelatedDamagesOpeCFELE" xlink:label="CompensationForNuclearPowerRelatedDamagesOpeCFELE" />
    <link:loc xlink:type="locator" xlink:href="jpcrp030000-asr-001_E04498-000_2016-03-31_01_2016-06-29.xsd#jpcrp030000-asr_E04498-000_GainOnSalesOfNoncurrentAssetsOpeCF" xlink:label="GainOnSalesOfNoncurrentAssetsOpeCF" />
    <link:loc xlink:type="locator" xlink:href="jpcrp030000-asr-001_E04498-000_2016-03-31_01_2016-06-29.xsd#jpcrp030000-asr_E04498-000_PaymentsForExtraordinaryLossOnTheTohokuChihouTaiheiyouOkiEarthquakeOpeCF" xlink:label="PaymentsForExtraordinaryLossOnTheTohokuChihouTaiheiyouOkiEarthquakeOpeCF" />
    <link:loc xlink:type="locator" xlink:href="jpcrp030000-asr-001_E04498-000_2016-03-31_01_2016-06-29.xsd#jpcrp030000-asr_E04498-000_GrantsInAidFromNuclearDamageLiabilityAndNuclearReactorDecommissionFacilitationFundReceivedOpeCF" xlink:label="GrantsInAidFromNuclearDamageLiabilityAndNuclearReactorDecommissionFacilitationFundReceivedOpeCF" />
    <link:loc xlink:type="locator" xlink:href="jpcrp030000-asr-001_E04498-000_2016-03-31_01_2016-06-29.xsd#jpcrp030000-asr_E04498-000_GrantsInAidFromNuclearDamageCompensationFacilitationCorporationReceivedOpeCF" xlink:label="GrantsInAidFromNuclearDamageCompensationFacilitationCorporationReceivedOpeCF" />
    <link:loc xlink:type="locator" xlink:href="jpcrp030000-asr-001_E04498-000_2016-03-31_01_2016-06-29.xsd#jpcrp030000-asr_E04498-000_CompensationForNuclearPowerRelatedDamagesPaidOpeCFELE" xlink:label="CompensationForNuclearPowerRelatedDamagesPaidOpeCFELE" />
    <link:loc xlink:type="locator" xlink:href="jpcrp030000-asr-001_E04498-000_2016-03-31_01_2016-06-29.xsd#jpcrp030000-asr_E04498-000_OperatingRevenueEnergyFacilitiesServiceBusinessORIncidentalELE" xlink:label="OperatingRevenueEnergyFacilitiesServiceBusinessORIncidentalELE" />
    <link:loc xlink:type="locator" xlink:href="jpcrp030000-asr-001_E04498-000_2016-03-31_01_2016-06-29.xsd#jpcrp030000-asr_E04498-000_OperatingExpensesEnergyFacilitiesServiceBusinessOEIncidentalELE" xlink:label="OperatingExpensesEnergyFacilitiesServiceBusinessOEIncidentalELE" />
    <link:loc xlink:type="locator" xlink:href="jpcrp030000-asr-001_E04498-000_2016-03-31_01_2016-06-29.xsd#jpcrp030000-asr_E04498-000_CompensationForNuclearPowerRelatedDamagesELELE" xlink:label="CompensationForNuclearPowerRelatedDamagesELELE" />
    <link:loc xlink:type="locator" xlink:href="jpcrp030000-asr-001_E04498-000_2016-03-31_01_2016-06-29.xsd#jpcrp030000-asr_E04498-000_LossRelatedToInterimStorageProjectOfSpentFuelEL" xlink:label="LossRelatedToInterimStorageProjectOfSpentFuelEL" />
    <link:loc xlink:type="locator" xlink:href="jpcrp030000-asr-001_E04498-000_2016-03-31_01_2016-06-29.xsd#jpcrp030000-asr_E04498-000_AccountingPolicyForDecommissioningCostsOfNuclearPowerUnitsTextBlock" xlink:label="AccountingPolicyForDecommissioningCostsOfNuclearPowerUnitsTextBlock" />
    <link:loc xlink:type="locator" xlink:href="jpcrp030000-asr-001_E04498-000_2016-03-31_01_2016-06-29.xsd#jpcrp030000-asr_E04498-000_FuelAndPowerCompanyReportableSegmentsMember" xlink:label="FuelAndPowerCompanyReportableSegmentsMember" />
    <link:loc xlink:type="locator" xlink:href="jpcrp030000-asr-001_E04498-000_2016-03-31_01_2016-06-29.xsd#jpcrp030000-asr_E04498-000_PowerGridCompanyReportableSegmentsMember" xlink:label="PowerGridCompanyReportableSegmentsMember" />
    <link:loc xlink:type="locator" xlink:href="jpcrp030000-asr-001_E04498-000_2016-03-31_01_2016-06-29.xsd#jpcrp030000-asr_E04498-000_CustomerServiceCompanyReportableSegmentsMember" xlink:label="CustomerServiceCompanyReportableSegmentsMember" />
    <link:loc xlink:type="locator" xlink:href="jpcrp030000-asr-001_E04498-000_2016-03-31_01_2016-06-29.xsd#jpcrp030000-asr_E04498-000_CorporateReportableSegmentsMember" xlink:label="CorporateReportableSegmentsMember" />
    <link:loc xlink:type="locator" xlink:href="jpcrp030000-asr-001_E04498-000_2016-03-31_01_2016-06-29.xsd#jpcrp030000-asr_E04498-000_EmployeesRetirementBenefitExpensesSGAELE" xlink:label="EmployeesRetirementBenefitExpensesSGAELE" />
    <link:loc xlink:type="locator" xlink:href="jpcrp030000-asr-001_E04498-000_2016-03-31_01_2016-06-29.xsd#jpcrp030000-asr_E04498-000_ProvisionsForReservesTextBlock" xlink:label="ProvisionsForReservesTextBlock" />
    <link:loc xlink:type="locator" xlink:href="jpcrp030000-asr-001_E04498-000_2016-03-31_01_2016-06-29.xsd#jpcrp030000-asr_E04498-000_NotesRegardingCompensationForNuclearPowerRelatedDamagesAndGrantsInAidFromNuclearDamageLiabilityFacilitationFund" xlink:label="NotesRegardingCompensationForNuclearPowerRelatedDamagesAndGrantsInAidFromNuclearDamageLiabilityFacilitationFund" />
    <link:loc xlink:type="locator" xlink:href="jpcrp030000-asr-001_E04498-000_2016-03-31_01_2016-06-29.xsd#jpcrp030000-asr_E04498-000_NotesRegardingLossRelatedToInterimStorageProjectOfSpentFuelELTextBlock" xlink:label="NotesRegardingLossRelatedToInterimStorageProjectOfSpentFuelELTextBlock" />
    <link:loc xlink:type="locator" xlink:href="jpcrp030000-asr-001_E04498-000_2016-03-31_01_2016-06-29.xsd#jpcrp030000-asr_E04498-000_NotesRegardingFinancialCovenants" xlink:label="NotesRegardingFinancialCovenants" />
    <link:loc xlink:type="locator" xlink:href="jpcrp030000-asr-001_E04498-000_2016-03-31_01_2016-06-29.xsd#jpcrp030000-asr_E04498-000_NotesRegardingCurrentPortionOfNonCurrentLiabilitiesTextBlock" xlink:label="NotesRegardingCurrentPortionOfNonCurrentLiabilitiesTextBlock" />
    <link:loc xlink:type="locator" xlink:href="jpcrp030000-asr-001_E04498-000_2016-03-31_01_2016-06-29.xsd#jpcrp030000-asr_E04498-000_NotesRegardingAccruedTaxesTextBlock" xlink:label="NotesRegardingAccruedTaxesTextBlock" />
    <link:loc xlink:type="locator" xlink:href="jpcrp030000-asr-001_E04498-000_2016-03-31_01_2016-06-29.xsd#jpcrp030000-asr_E04498-000_NotesRegardingAmountOfNonCurrentAssetsInIncidentalBusinessTextBlock" xlink:label="NotesRegardingAmountOfNonCurrentAssetsInIncidentalBusinessTextBlock" />
    <link:loc xlink:type="locator" xlink:href="jpcrp030000-asr-001_E04498-000_2016-03-31_01_2016-06-29.xsd#jpcrp030000-asr_E04498-000_TotalNumberOfIssuedSharesSummaryOfBusinessResultsAbstract" xlink:label="TotalNumberOfIssuedSharesSummaryOfBusinessResultsAbstract" />
    <link:loc xlink:type="locator" xlink:href="jpcrp030000-asr-001_E04498-000_2016-03-31_01_2016-06-29.xsd#jpcrp030000-asr_E04498-000_PreferredStockClassATotalNumberOfIssuedSharesSummaryOfBusinessResult" xlink:label="PreferredStockClassATotalNumberOfIssuedSharesSummaryOfBusinessResult" />
    <link:loc xlink:type="locator" xlink:href="jpcrp030000-asr-001_E04498-000_2016-03-31_01_2016-06-29.xsd#jpcrp030000-asr_E04498-000_PreferredStockClassBTotalNumberOfIssuedSharesSummaryOfBusinessResults" xlink:label="PreferredStockClassBTotalNumberOfIssuedSharesSummaryOfBusinessResults" />
    <link:loc xlink:type="locator" xlink:href="jpcrp030000-asr-001_E04498-000_2016-03-31_01_2016-06-29.xsd#jpcrp030000-asr_E04498-000_DividendPaidPerShareSummaryOfBusinessResultsAbstract" xlink:label="DividendPaidPerShareSummaryOfBusinessResultsAbstract" />
    <link:loc xlink:type="locator" xlink:href="jpcrp030000-asr-001_E04498-000_2016-03-31_01_2016-06-29.xsd#jpcrp030000-asr_E04498-000_PreferredStockClassADividendPaidPerShareSummaryOfBusinessResults" xlink:label="PreferredStockClassADividendPaidPerShareSummaryOfBusinessResults" />
    <link:loc xlink:type="locator" xlink:href="jpcrp030000-asr-001_E04498-000_2016-03-31_01_2016-06-29.xsd#jpcrp030000-asr_E04498-000_PreferredStockClassBDividendPaidPerShareSummaryOfBusinessResults" xlink:label="PreferredStockClassBDividendPaidPerShareSummaryOfBusinessResults" />
    <link:loc xlink:type="locator" xlink:href="jpcrp030000-asr-001_E04498-000_2016-03-31_01_2016-06-29.xsd#jpcrp030000-asr_E04498-000_InterimDividendPaidPerShareSummaryOfBusinessResultsAbstract" xlink:label="InterimDividendPaidPerShareSummaryOfBusinessResultsAbstract" />
    <link:loc xlink:type="locator" xlink:href="jpcrp030000-asr-001_E04498-000_2016-03-31_01_2016-06-29.xsd#jpcrp030000-asr_E04498-000_PreferredStockClassAInterimDividendPaidPerShareSummaryOfBusinessResults" xlink:label="PreferredStockClassAInterimDividendPaidPerShareSummaryOfBusinessResults" />
    <link:loc xlink:type="locator" xlink:href="jpcrp030000-asr-001_E04498-000_2016-03-31_01_2016-06-29.xsd#jpcrp030000-asr_E04498-000_PreferredStockClassBInterimDividendPaidPerShareSummaryOfBusinessResults" xlink:label="PreferredStockClassBInterimDividendPaidPerShareSummaryOfBusinessResults" />
    <link:loc xlink:type="locator" xlink:href="jpcrp030000-asr-001_E04498-000_2016-03-31_01_2016-06-29.xsd#jpcrp030000-asr_E04498-000_DecreaseInCashAndCashEquivalentsDueToChangeInScopeOfConsolidation" xlink:label="DecreaseInCashAndCashEquivalentsDueToChangeInScopeOfConsolidation" />
    <link:loc xlink:type="locator" xlink:href="http://disclosure.edinet-fsa.go.jp/taxonomy/jppfs/2016-02-29/jppfs_cor_2016-02-29.xsd#jppfs_cor_CumulativeEffectsOfChangesInAccountingPolicies" xlink:label="CumulativeEffectsOfChangesInAccountingPolicies" />
    <link:label xlink:type="resource" xlink:label="label_CumulativeEffectsOfChangesInAccountingPolicies" xml:lang="ja" xlink:role="http://www.xbrl.org/2003/role/periodStartLabel" id="label_CumulativeEffectsOfChangesInAccountingPolicies">会計方針の変更による累積的影響額</link:label>
    <link:labelArc xlink:type="arc" xlink:arcrole="http://www.xbrl.org/2003/arcrole/concept-label" xlink:from="CumulativeEffectsOfChangesInAccountingPolicies" xlink:to="label_CumulativeEffectsOfChangesInAccountingPolicies" />
    <link:loc xlink:type="locator" xlink:href="http://disclosure.edinet-fsa.go.jp/taxonomy/jppfs/2016-02-29/jppfs_cor_2016-02-29.xsd#jppfs_cor_RestatedBalance" xlink:label="RestatedBalance" />
    <link:label xlink:type="resource" xlink:label="label_RestatedBalance" xml:lang="ja" xlink:role="http://www.xbrl.org/2003/role/periodStartLabel" id="label_RestatedBalance">会計方針の変更を反映した当期首残高</link:label>
    <link:labelArc xlink:type="arc" xlink:arcrole="http://www.xbrl.org/2003/arcrole/concept-label" xlink:from="RestatedBalance" xlink:to="label_RestatedBalance" />
    <link:label xlink:type="resource" xlink:label="label_AccountingPolicyForDecommissioningCostsOfNuclearPowerUnitsTextBlock" xml:lang="ja" xlink:role="http://www.xbrl.org/2003/role/label" id="label_AccountingPolicyForDecommissioningCostsOfNuclearPowerUnitsTextBlock">原子力発電施設解体費の計上方法</link:label>
    <link:labelArc xlink:type="arc" xlink:arcrole="http://www.xbrl.org/2003/arcrole/concept-label" xlink:from="AccountingPolicyForDecommissioningCostsOfNuclearPowerUnitsTextBlock" xlink:to="label_AccountingPolicyForDecommissioningCostsOfNuclearPowerUnitsTextBlock" />
    <link:label xlink:type="resource" xlink:label="label_AccountingPolicyForDecommissioningCostsOfNuclearPowerUnitsTextBlock_2" xml:lang="ja" xlink:role="http://www.xbrl.org/2003/role/verboseLabel" id="label_AccountingPolicyForDecommissioningCostsOfNuclearPowerUnitsTextBlock_2">原子力発電施設解体費の計上方法 [テキストブロック]</link:label>
    <link:labelArc xlink:type="arc" xlink:arcrole="http://www.xbrl.org/2003/arcrole/concept-label" xlink:from="AccountingPolicyForDecommissioningCostsOfNuclearPowerUnitsTextBlock" xlink:to="label_AccountingPolicyForDecommissioningCostsOfNuclearPowerUnitsTextBlock_2" />
    <link:label xlink:type="resource" xlink:label="label_NotesRegardingCurrentPortionOfNonCurrentLiabilitiesTextBlock" xml:lang="ja" xlink:role="http://www.xbrl.org/2003/role/label" id="label_NotesRegardingCurrentPortionOfNonCurrentLiabilitiesTextBlock">１年以内に期限到来の固定負債に関する注記</link:label>
    <link:labelArc xlink:type="arc" xlink:arcrole="http://www.xbrl.org/2003/arcrole/concept-label" xlink:from="NotesRegardingCurrentPortionOfNonCurrentLiabilitiesTextBlock" xlink:to="label_NotesRegardingCurrentPortionOfNonCurrentLiabilitiesTextBlock" />
    <link:label xlink:type="resource" xlink:label="label_NotesRegardingCurrentPortionOfNonCurrentLiabilitiesTextBlock_2" xml:lang="ja" xlink:role="http://www.xbrl.org/2003/role/verboseLabel" id="label_NotesRegardingCurrentPortionOfNonCurrentLiabilitiesTextBlock_2">１年以内に期限到来の固定負債に関する注記 [テキストブロック]</link:label>
    <link:labelArc xlink:type="arc" xlink:arcrole="http://www.xbrl.org/2003/arcrole/concept-label" xlink:from="NotesRegardingCurrentPortionOfNonCurrentLiabilitiesTextBlock" xlink:to="label_NotesRegardingCurrentPortionOfNonCurrentLiabilitiesTextBlock_2" />
    <link:label xlink:type="resource" xlink:label="label_NotesRegardingAccruedTaxesTextBlock" xml:lang="ja" xlink:role="http://www.xbrl.org/2003/role/label" id="label_NotesRegardingAccruedTaxesTextBlock">未払税金に関する注記</link:label>
    <link:labelArc xlink:type="arc" xlink:arcrole="http://www.xbrl.org/2003/arcrole/concept-label" xlink:from="NotesRegardingAccruedTaxesTextBlock" xlink:to="label_NotesRegardingAccruedTaxesTextBlock" />
    <link:label xlink:type="resource" xlink:label="label_NotesRegardingAccruedTaxesTextBlock_2" xml:lang="ja" xlink:role="http://www.xbrl.org/2003/role/verboseLabel" id="label_NotesRegardingAccruedTaxesTextBlock_2">未払税金に関する注記 [テキストブロック]</link:label>
    <link:labelArc xlink:type="arc" xlink:arcrole="http://www.xbrl.org/2003/arcrole/concept-label" xlink:from="NotesRegardingAccruedTaxesTextBlock" xlink:to="label_NotesRegardingAccruedTaxesTextBlock_2" />
    <link:label xlink:type="resource" xlink:label="label_NotesRegardingAmountOfNonCurrentAssetsInIncidentalBusinessTextBlock" xml:lang="ja" xlink:role="http://www.xbrl.org/2003/role/label" id="label_NotesRegardingAmountOfNonCurrentAssetsInIncidentalBusinessTextBlock">附帯事業に係る固定資産の金額に関する注記</link:label>
    <link:labelArc xlink:type="arc" xlink:arcrole="http://www.xbrl.org/2003/arcrole/concept-label" xlink:from="NotesRegardingAmountOfNonCurrentAssetsInIncidentalBusinessTextBlock" xlink:to="label_NotesRegardingAmountOfNonCurrentAssetsInIncidentalBusinessTextBlock" />
    <link:label xlink:type="resource" xlink:label="label_NotesRegardingAmountOfNonCurrentAssetsInIncidentalBusinessTextBlock_2" xml:lang="ja" xlink:role="http://www.xbrl.org/2003/role/verboseLabel" id="label_NotesRegardingAmountOfNonCurrentAssetsInIncidentalBusinessTextBlock_2">附帯事業に係る固定資産の金額に関する注記 [テキストブロック]</link:label>
    <link:labelArc xlink:type="arc" xlink:arcrole="http://www.xbrl.org/2003/arcrole/concept-label" xlink:from="NotesRegardingAmountOfNonCurrentAssetsInIncidentalBusinessTextBlock" xlink:to="label_NotesRegardingAmountOfNonCurrentAssetsInIncidentalBusinessTextBlock_2" />
    <link:label xlink:type="resource" xlink:label="label_EmployeesRetirementBenefitExpensesSGAELE" xml:lang="ja" xlink:role="http://www.xbrl.org/2003/role/label" id="label_EmployeesRetirementBenefitExpensesSGAELE">退職給与金</link:label>
    <link:labelArc xlink:type="arc" xlink:arcrole="http://www.xbrl.org/2003/arcrole/concept-label" xlink:from="EmployeesRetirementBenefitExpensesSGAELE" xlink:to="label_EmployeesRetirementBenefitExpensesSGAELE" />
    <link:label xlink:type="resource" xlink:label="label_EmployeesRetirementBenefitExpensesSGAELE_2" xml:lang="ja" xlink:role="http://www.xbrl.org/2003/role/verboseLabel" id="label_EmployeesRetirementBenefitExpensesSGAELE_2">退職給与金、販売費及び一般管理費、電気事業</link:label>
    <link:labelArc xlink:type="arc" xlink:arcrole="http://www.xbrl.org/2003/arcrole/concept-label" xlink:from="EmployeesRetirementBenefitExpensesSGAELE" xlink:to="label_EmployeesRetirementBenefitExpensesSGAELE_2" />
    <link:label xlink:type="resource" xlink:label="label_ProvisionsForReservesTextBlock" xml:lang="ja" xlink:role="http://www.xbrl.org/2003/role/label" id="label_ProvisionsForReservesTextBlock">引当金繰入額</link:label>
    <link:labelArc xlink:type="arc" xlink:arcrole="http://www.xbrl.org/2003/arcrole/concept-label" xlink:from="ProvisionsForReservesTextBlock" xlink:to="label_ProvisionsForReservesTextBlock" />
    <link:label xlink:type="resource" xlink:label="label_ProvisionsForReservesTextBlock_2" xml:lang="ja" xlink:role="http://www.xbrl.org/2003/role/verboseLabel" id="label_ProvisionsForReservesTextBlock_2">引当金繰入額 [テキストブロック]</link:label>
    <link:labelArc xlink:type="arc" xlink:arcrole="http://www.xbrl.org/2003/arcrole/concept-label" xlink:from="ProvisionsForReservesTextBlock" xlink:to="label_ProvisionsForReservesTextBlock_2" />
    <link:label xlink:type="resource" xlink:label="label_NotesRegardingCompensationForNuclearPowerRelatedDamagesAndGrantsInAidFromNuclearDamageLiabilityFacilitationFund" xml:lang="ja" xlink:role="http://www.xbrl.org/2003/role/label" id="label_NotesRegardingCompensationForNuclearPowerRelatedDamagesAndGrantsInAidFromNuclearDamageLiabilityFacilitationFund">原子力損害賠償費及び原子力損害賠償支援機構資金交付金に関する注記</link:label>
    <link:labelArc xlink:type="arc" xlink:arcrole="http://www.xbrl.org/2003/arcrole/concept-label" xlink:from="NotesRegardingCompensationForNuclearPowerRelatedDamagesAndGrantsInAidFromNuclearDamageLiabilityFacilitationFund" xlink:to="label_NotesRegardingCompensationForNuclearPowerRelatedDamagesAndGrantsInAidFromNuclearDamageLiabilityFacilitationFund" />
    <link:label xlink:type="resource" xlink:label="label_NotesRegardingCompensationForNuclearPowerRelatedDamagesAndGrantsInAidFromNuclearDamageLiabilityFacilitationFund_2" xml:lang="ja" xlink:role="http://www.xbrl.org/2003/role/verboseLabel" id="label_NotesRegardingCompensationForNuclearPowerRelatedDamagesAndGrantsInAidFromNuclearDamageLiabilityFacilitationFund_2">原子力損害賠償費及び原子力損害賠償支援機構資金交付金に関する注記 [テキストブロック]</link:label>
    <link:labelArc xlink:type="arc" xlink:arcrole="http://www.xbrl.org/2003/arcrole/concept-label" xlink:from="NotesRegardingCompensationForNuclearPowerRelatedDamagesAndGrantsInAidFromNuclearDamageLiabilityFacilitationFund" xlink:to="label_NotesRegardingCompensationForNuclearPowerRelatedDamagesAndGrantsInAidFromNuclearDamageLiabilityFacilitationFund_2" />
    <link:label xlink:type="resource" xlink:label="label_NotesRegardingLossRelatedToInterimStorageProjectOfSpentFuelELTextBlock" xml:lang="ja" xlink:role="http://www.xbrl.org/2003/role/label" id="label_NotesRegardingLossRelatedToInterimStorageProjectOfSpentFuelELTextBlock">使用済燃料中間貯蔵関連損失に関する注記</link:label>
    <link:labelArc xlink:type="arc" xlink:arcrole="http://www.xbrl.org/2003/arcrole/concept-label" xlink:from="NotesRegardingLossRelatedToInterimStorageProjectOfSpentFuelELTextBlock" xlink:to="label_NotesRegardingLossRelatedToInterimStorageProjectOfSpentFuelELTextBlock" />
    <link:label xlink:type="resource" xlink:label="label_NotesRegardingLossRelatedToInterimStorageProjectOfSpentFuelELTextBlock_2" xml:lang="ja" xlink:role="http://www.xbrl.org/2003/role/verboseLabel" id="label_NotesRegardingLossRelatedToInterimStorageProjectOfSpentFuelELTextBlock_2">使用済燃料中間貯蔵関連損失に関する注記 [テキストブロック]</link:label>
    <link:labelArc xlink:type="arc" xlink:arcrole="http://www.xbrl.org/2003/arcrole/concept-label" xlink:from="NotesRegardingLossRelatedToInterimStorageProjectOfSpentFuelELTextBlock" xlink:to="label_NotesRegardingLossRelatedToInterimStorageProjectOfSpentFuelELTextBlock_2" />
    <link:label xlink:type="resource" xlink:label="label_NotesRegardingFinancialCovenants" xml:lang="ja" xlink:role="http://www.xbrl.org/2003/role/label" id="label_NotesRegardingFinancialCovenants">財務制限条項に関する注記</link:label>
    <link:labelArc xlink:type="arc" xlink:arcrole="http://www.xbrl.org/2003/arcrole/concept-label" xlink:from="NotesRegardingFinancialCovenants" xlink:to="label_NotesRegardingFinancialCovenants" />
    <link:label xlink:type="resource" xlink:label="label_NotesRegardingFinancialCovenants_2" xml:lang="ja" xlink:role="http://www.xbrl.org/2003/role/verboseLabel" id="label_NotesRegardingFinancialCovenants_2">財務制限条項に関する注記</link:label>
    <link:labelArc xlink:type="arc" xlink:arcrole="http://www.xbrl.org/2003/arcrole/concept-label" xlink:from="NotesRegardingFinancialCovenants" xlink:to="label_NotesRegardingFinancialCovenants_2" />
    <link:label xlink:type="resource" xlink:label="label_TotalNumberOfIssuedSharesSummaryOfBusinessResultsAbstract" xml:lang="ja" xlink:role="http://www.xbrl.org/2003/role/label" id="label_TotalNumberOfIssuedSharesSummaryOfBusinessResultsAbstract">発行済株式総数</link:label>
    <link:labelArc xlink:type="arc" xlink:arcrole="http://www.xbrl.org/2003/arcrole/concept-label" xlink:from="TotalNumberOfIssuedSharesSummaryOfBusinessResultsAbstract" xlink:to="label_TotalNumberOfIssuedSharesSummaryOfBusinessResultsAbstract" />
    <link:label xlink:type="resource" xlink:label="label_TotalNumberOfIssuedSharesSummaryOfBusinessResultsAbstract_2" xml:lang="ja" xlink:role="http://www.xbrl.org/2003/role/verboseLabel" id="label_TotalNumberOfIssuedSharesSummaryOfBusinessResultsAbstract_2">発行済株式総数、経営指標等 [タイトル項目]</link:label>
    <link:labelArc xlink:type="arc" xlink:arcrole="http://www.xbrl.org/2003/arcrole/concept-label" xlink:from="TotalNumberOfIssuedSharesSummaryOfBusinessResultsAbstract" xlink:to="label_TotalNumberOfIssuedSharesSummaryOfBusinessResultsAbstract_2" />
    <link:label xlink:type="resource" xlink:label="label_PreferredStockClassATotalNumberOfIssuedSharesSummaryOfBusinessResult" xml:lang="ja" xlink:role="http://www.xbrl.org/2003/role/label" id="label_PreferredStockClassATotalNumberOfIssuedSharesSummaryOfBusinessResult">Ａ種優先株式</link:label>
    <link:labelArc xlink:type="arc" xlink:arcrole="http://www.xbrl.org/2003/arcrole/concept-label" xlink:from="PreferredStockClassATotalNumberOfIssuedSharesSummaryOfBusinessResult" xlink:to="label_PreferredStockClassATotalNumberOfIssuedSharesSummaryOfBusinessResult" />
    <link:label xlink:type="resource" xlink:label="label_PreferredStockClassATotalNumberOfIssuedSharesSummaryOfBusinessResult_2" xml:lang="ja" xlink:role="http://www.xbrl.org/2003/role/verboseLabel" id="label_PreferredStockClassATotalNumberOfIssuedSharesSummaryOfBusinessResult_2">Ａ種優先株式、発行済株式総数、経営指標等</link:label>
    <link:labelArc xlink:type="arc" xlink:arcrole="http://www.xbrl.org/2003/arcrole/concept-label" xlink:from="PreferredStockClassATotalNumberOfIssuedSharesSummaryOfBusinessResult" xlink:to="label_PreferredStockClassATotalNumberOfIssuedSharesSummaryOfBusinessResult_2" />
    <link:label xlink:type="resource" xlink:label="label_PreferredStockClassBTotalNumberOfIssuedSharesSummaryOfBusinessResults" xml:lang="ja" xlink:role="http://www.xbrl.org/2003/role/label" id="label_PreferredStockClassBTotalNumberOfIssuedSharesSummaryOfBusinessResults">Ｂ種優先株式</link:label>
    <link:labelArc xlink:type="arc" xlink:arcrole="http://www.xbrl.org/2003/arcrole/concept-label" xlink:from="PreferredStockClassBTotalNumberOfIssuedSharesSummaryOfBusinessResults" xlink:to="label_PreferredStockClassBTotalNumberOfIssuedSharesSummaryOfBusinessResults" />
    <link:label xlink:type="resource" xlink:label="label_PreferredStockClassBTotalNumberOfIssuedSharesSummaryOfBusinessResults_2" xml:lang="ja" xlink:role="http://www.xbrl.org/2003/role/verboseLabel" id="label_PreferredStockClassBTotalNumberOfIssuedSharesSummaryOfBusinessResults_2">Ｂ種優先株式、発行済株式総数、経営指標等</link:label>
    <link:labelArc xlink:type="arc" xlink:arcrole="http://www.xbrl.org/2003/arcrole/concept-label" xlink:from="PreferredStockClassBTotalNumberOfIssuedSharesSummaryOfBusinessResults" xlink:to="label_PreferredStockClassBTotalNumberOfIssuedSharesSummaryOfBusinessResults_2" />
    <link:label xlink:type="resource" xlink:label="label_DividendPaidPerShareSummaryOfBusinessResultsAbstract" xml:lang="ja" xlink:role="http://www.xbrl.org/2003/role/label" id="label_DividendPaidPerShareSummaryOfBusinessResultsAbstract">１株当たり配当額</link:label>
    <link:labelArc xlink:type="arc" xlink:arcrole="http://www.xbrl.org/2003/arcrole/concept-label" xlink:from="DividendPaidPerShareSummaryOfBusinessResultsAbstract" xlink:to="label_DividendPaidPerShareSummaryOfBusinessResultsAbstract" />
    <link:label xlink:type="resource" xlink:label="label_DividendPaidPerShareSummaryOfBusinessResultsAbstract_2" xml:lang="ja" xlink:role="http://www.xbrl.org/2003/role/verboseLabel" id="label_DividendPaidPerShareSummaryOfBusinessResultsAbstract_2">１株当たり配当額、経営指標等 [タイトル項目]</link:label>
    <link:labelArc xlink:type="arc" xlink:arcrole="http://www.xbrl.org/2003/arcrole/concept-label" xlink:from="DividendPaidPerShareSummaryOfBusinessResultsAbstract" xlink:to="label_DividendPaidPerShareSummaryOfBusinessResultsAbstract_2" />
    <link:label xlink:type="resource" xlink:label="label_PreferredStockClassADividendPaidPerShareSummaryOfBusinessResults" xml:lang="ja" xlink:role="http://www.xbrl.org/2003/role/label" id="label_PreferredStockClassADividendPaidPerShareSummaryOfBusinessResults">Ａ種優先株式</link:label>
    <link:labelArc xlink:type="arc" xlink:arcrole="http://www.xbrl.org/2003/arcrole/concept-label" xlink:from="PreferredStockClassADividendPaidPerShareSummaryOfBusinessResults" xlink:to="label_PreferredStockClassADividendPaidPerShareSummaryOfBusinessResults" />
    <link:label xlink:type="resource" xlink:label="label_PreferredStockClassADividendPaidPerShareSummaryOfBusinessResults_2" xml:lang="ja" xlink:role="http://www.xbrl.org/2003/role/verboseLabel" id="label_PreferredStockClassADividendPaidPerShareSummaryOfBusinessResults_2">Ａ種優先株式、１株当たり配当額、経営指標等</link:label>
    <link:labelArc xlink:type="arc" xlink:arcrole="http://www.xbrl.org/2003/arcrole/concept-label" xlink:from="PreferredStockClassADividendPaidPerShareSummaryOfBusinessResults" xlink:to="label_PreferredStockClassADividendPaidPerShareSummaryOfBusinessResults_2" />
    <link:label xlink:type="resource" xlink:label="label_PreferredStockClassBDividendPaidPerShareSummaryOfBusinessResults" xml:lang="ja" xlink:role="http://www.xbrl.org/2003/role/label" id="label_PreferredStockClassBDividendPaidPerShareSummaryOfBusinessResults">Ｂ種優先株式</link:label>
    <link:labelArc xlink:type="arc" xlink:arcrole="http://www.xbrl.org/2003/arcrole/concept-label" xlink:from="PreferredStockClassBDividendPaidPerShareSummaryOfBusinessResults" xlink:to="label_PreferredStockClassBDividendPaidPerShareSummaryOfBusinessResults" />
    <link:label xlink:type="resource" xlink:label="label_PreferredStockClassBDividendPaidPerShareSummaryOfBusinessResults_2" xml:lang="ja" xlink:role="http://www.xbrl.org/2003/role/verboseLabel" id="label_PreferredStockClassBDividendPaidPerShareSummaryOfBusinessResults_2">Ｂ種優先株式、１株当たり配当額、経営指標等</link:label>
    <link:labelArc xlink:type="arc" xlink:arcrole="http://www.xbrl.org/2003/arcrole/concept-label" xlink:from="PreferredStockClassBDividendPaidPerShareSummaryOfBusinessResults" xlink:to="label_PreferredStockClassBDividendPaidPerShareSummaryOfBusinessResults_2" />
    <link:label xlink:type="resource" xlink:label="label_InterimDividendPaidPerShareSummaryOfBusinessResultsAbstract" xml:lang="ja" xlink:role="http://www.xbrl.org/2003/role/label" id="label_InterimDividendPaidPerShareSummaryOfBusinessResultsAbstract">１株当たり中間配当額</link:label>
    <link:labelArc xlink:type="arc" xlink:arcrole="http://www.xbrl.org/2003/arcrole/concept-label" xlink:from="InterimDividendPaidPerShareSummaryOfBusinessResultsAbstract" xlink:to="label_InterimDividendPaidPerShareSummaryOfBusinessResultsAbstract" />
    <link:label xlink:type="resource" xlink:label="label_InterimDividendPaidPerShareSummaryOfBusinessResultsAbstract_2" xml:lang="ja" xlink:role="http://www.xbrl.org/2003/role/verboseLabel" id="label_InterimDividendPaidPerShareSummaryOfBusinessResultsAbstract_2">１株当たり中間配当額、経営指標等 [タイトル項目]</link:label>
    <link:labelArc xlink:type="arc" xlink:arcrole="http://www.xbrl.org/2003/arcrole/concept-label" xlink:from="InterimDividendPaidPerShareSummaryOfBusinessResultsAbstract" xlink:to="label_InterimDividendPaidPerShareSummaryOfBusinessResultsAbstract_2" />
    <link:label xlink:type="resource" xlink:label="label_PreferredStockClassAInterimDividendPaidPerShareSummaryOfBusinessResults" xml:lang="ja" xlink:role="http://www.xbrl.org/2003/role/label" id="label_PreferredStockClassAInterimDividendPaidPerShareSummaryOfBusinessResults">Ａ種優先株式</link:label>
    <link:labelArc xlink:type="arc" xlink:arcrole="http://www.xbrl.org/2003/arcrole/concept-label" xlink:from="PreferredStockClassAInterimDividendPaidPerShareSummaryOfBusinessResults" xlink:to="label_PreferredStockClassAInterimDividendPaidPerShareSummaryOfBusinessResults" />
    <link:label xlink:type="resource" xlink:label="label_PreferredStockClassAInterimDividendPaidPerShareSummaryOfBusinessResults_2" xml:lang="ja" xlink:role="http://www.xbrl.org/2003/role/verboseLabel" id="label_PreferredStockClassAInterimDividendPaidPerShareSummaryOfBusinessResults_2">Ａ種優先株式、１株当たり中間配当額、経営指標等</link:label>
    <link:labelArc xlink:type="arc" xlink:arcrole="http://www.xbrl.org/2003/arcrole/concept-label" xlink:from="PreferredStockClassAInterimDividendPaidPerShareSummaryOfBusinessResults" xlink:to="label_PreferredStockClassAInterimDividendPaidPerShareSummaryOfBusinessResults_2" />
    <link:label xlink:type="resource" xlink:label="label_PreferredStockClassBInterimDividendPaidPerShareSummaryOfBusinessResults" xml:lang="ja" xlink:role="http://www.xbrl.org/2003/role/label" id="label_PreferredStockClassBInterimDividendPaidPerShareSummaryOfBusinessResults">Ｂ種優先株式</link:label>
    <link:labelArc xlink:type="arc" xlink:arcrole="http://www.xbrl.org/2003/arcrole/concept-label" xlink:from="PreferredStockClassBInterimDividendPaidPerShareSummaryOfBusinessResults" xlink:to="label_PreferredStockClassBInterimDividendPaidPerShareSummaryOfBusinessResults" />
    <link:label xlink:type="resource" xlink:label="label_PreferredStockClassBInterimDividendPaidPerShareSummaryOfBusinessResults_2" xml:lang="ja" xlink:role="http://www.xbrl.org/2003/role/verboseLabel" id="label_PreferredStockClassBInterimDividendPaidPerShareSummaryOfBusinessResults_2">Ｂ種優先株式、１株当たり中間配当額、経営指標等</link:label>
    <link:labelArc xlink:type="arc" xlink:arcrole="http://www.xbrl.org/2003/arcrole/concept-label" xlink:from="PreferredStockClassBInterimDividendPaidPerShareSummaryOfBusinessResults" xlink:to="label_PreferredStockClassBInterimDividendPaidPerShareSummaryOfBusinessResults_2" />
    <link:label xlink:type="resource" xlink:label="label_FuelAndPowerCompanyReportableSegmentsMember" xml:lang="ja" xlink:role="http://www.xbrl.org/2003/role/label" id="label_FuelAndPowerCompanyReportableSegmentsMember">フュエル＆パワー</link:label>
    <link:labelArc xlink:type="arc" xlink:arcrole="http://www.xbrl.org/2003/arcrole/concept-label" xlink:from="FuelAndPowerCompanyReportableSegmentsMember" xlink:to="label_FuelAndPowerCompanyReportableSegmentsMember" />
    <link:label xlink:type="resource" xlink:label="label_FuelAndPowerCompanyReportableSegmentsMember_2" xml:lang="ja" xlink:role="http://www.xbrl.org/2003/role/verboseLabel" id="label_FuelAndPowerCompanyReportableSegmentsMember_2">フュエル＆パワー、報告セグメント [メンバー]</link:label>
    <link:labelArc xlink:type="arc" xlink:arcrole="http://www.xbrl.org/2003/arcrole/concept-label" xlink:from="FuelAndPowerCompanyReportableSegmentsMember" xlink:to="label_FuelAndPowerCompanyReportableSegmentsMember_2" />
    <link:label xlink:type="resource" xlink:label="label_PowerGridCompanyReportableSegmentsMember" xml:lang="ja" xlink:role="http://www.xbrl.org/2003/role/label" id="label_PowerGridCompanyReportableSegmentsMember">パワーグリッド</link:label>
    <link:labelArc xlink:type="arc" xlink:arcrole="http://www.xbrl.org/2003/arcrole/concept-label" xlink:from="PowerGridCompanyReportableSegmentsMember" xlink:to="label_PowerGridCompanyReportableSegmentsMember" />
    <link:label xlink:type="resource" xlink:label="label_PowerGridCompanyReportableSegmentsMember_2" xml:lang="ja" xlink:role="http://www.xbrl.org/2003/role/verboseLabel" id="label_PowerGridCompanyReportableSegmentsMember_2">パワーグリッド、報告セグメント [メンバー]</link:label>
    <link:labelArc xlink:type="arc" xlink:arcrole="http://www.xbrl.org/2003/arcrole/concept-label" xlink:from="PowerGridCompanyReportableSegmentsMember" xlink:to="label_PowerGridCompanyReportableSegmentsMember_2" />
    <link:label xlink:type="resource" xlink:label="label_CustomerServiceCompanyReportableSegmentsMember" xml:lang="ja" xlink:role="http://www.xbrl.org/2003/role/label" id="label_CustomerServiceCompanyReportableSegmentsMember">カスタマーサービス</link:label>
    <link:labelArc xlink:type="arc" xlink:arcrole="http://www.xbrl.org/2003/arcrole/concept-label" xlink:from="CustomerServiceCompanyReportableSegmentsMember" xlink:to="label_CustomerServiceCompanyReportableSegmentsMember" />
    <link:label xlink:type="resource" xlink:label="label_CustomerServiceCompanyReportableSegmentsMember_2" xml:lang="ja" xlink:role="http://www.xbrl.org/2003/role/verboseLabel" id="label_CustomerServiceCompanyReportableSegmentsMember_2">カスタマーサービス、報告セグメント [メンバー]</link:label>
    <link:labelArc xlink:type="arc" xlink:arcrole="http://www.xbrl.org/2003/arcrole/concept-label" xlink:from="CustomerServiceCompanyReportableSegmentsMember" xlink:to="label_CustomerServiceCompanyReportableSegmentsMember_2" />
    <link:label xlink:type="resource" xlink:label="label_CorporateReportableSegmentsMember" xml:lang="ja" xlink:role="http://www.xbrl.org/2003/role/label" id="label_CorporateReportableSegmentsMember">コーポレート</link:label>
    <link:labelArc xlink:type="arc" xlink:arcrole="http://www.xbrl.org/2003/arcrole/concept-label" xlink:from="CorporateReportableSegmentsMember" xlink:to="label_CorporateReportableSegmentsMember" />
    <link:label xlink:type="resource" xlink:label="label_CorporateReportableSegmentsMember_2" xml:lang="ja" xlink:role="http://www.xbrl.org/2003/role/verboseLabel" id="label_CorporateReportableSegmentsMember_2">コーポレート、報告セグメント [メンバー]</link:label>
    <link:labelArc xlink:type="arc" xlink:arcrole="http://www.xbrl.org/2003/arcrole/concept-label" xlink:from="CorporateReportableSegmentsMember" xlink:to="label_CorporateReportableSegmentsMember_2" />
    <link:label xlink:type="resource" xlink:label="label_ProvisionForCompensationForNuclearPowerRelatedDamagesNCLELE" xml:lang="ja" xlink:role="http://www.xbrl.org/2003/role/label" id="label_ProvisionForCompensationForNuclearPowerRelatedDamagesNCLELE">原子力損害賠償引当金</link:label>
    <link:labelArc xlink:type="arc" xlink:arcrole="http://www.xbrl.org/2003/arcrole/concept-label" xlink:from="ProvisionForCompensationForNuclearPowerRelatedDamagesNCLELE" xlink:to="label_ProvisionForCompensationForNuclearPowerRelatedDamagesNCLELE" />
    <link:label xlink:type="resource" xlink:label="label_ProvisionForCompensationForNuclearPowerRelatedDamagesNCLELE_2" xml:lang="ja" xlink:role="http://www.xbrl.org/2003/role/verboseLabel" id="label_ProvisionForCompensationForNuclearPowerRelatedDamagesNCLELE_2">原子力損害賠償引当金、固定負債、電気事業</link:label>
    <link:labelArc xlink:type="arc" xlink:arcrole="http://www.xbrl.org/2003/arcrole/concept-label" xlink:from="ProvisionForCompensationForNuclearPowerRelatedDamagesNCLELE" xlink:to="label_ProvisionForCompensationForNuclearPowerRelatedDamagesNCLELE_2" />
    <link:label xlink:type="resource" xlink:label="label_OperatingRevenueEnergyFacilitiesServiceBusinessORIncidentalELE" xml:lang="ja" xlink:role="http://www.xbrl.org/2003/role/label" id="label_OperatingRevenueEnergyFacilitiesServiceBusinessORIncidentalELE">エネルギー設備サービス事業営業収益</link:label>
    <link:labelArc xlink:type="arc" xlink:arcrole="http://www.xbrl.org/2003/arcrole/concept-label" xlink:from="OperatingRevenueEnergyFacilitiesServiceBusinessORIncidentalELE" xlink:to="label_OperatingRevenueEnergyFacilitiesServiceBusinessORIncidentalELE" />
    <link:label xlink:type="resource" xlink:label="label_OperatingRevenueEnergyFacilitiesServiceBusinessORIncidentalELE_2" xml:lang="ja" xlink:role="http://www.xbrl.org/2003/role/verboseLabel" id="label_OperatingRevenueEnergyFacilitiesServiceBusinessORIncidentalELE_2">エネルギー設備サービス事業営業収益、附帯事業営業収益、営業収益</link:label>
    <link:labelArc xlink:type="arc" xlink:arcrole="http://www.xbrl.org/2003/arcrole/concept-label" xlink:from="OperatingRevenueEnergyFacilitiesServiceBusinessORIncidentalELE" xlink:to="label_OperatingRevenueEnergyFacilitiesServiceBusinessORIncidentalELE_2" />
    <link:label xlink:type="resource" xlink:label="label_OperatingExpensesEnergyFacilitiesServiceBusinessOEIncidentalELE" xml:lang="ja" xlink:role="http://www.xbrl.org/2003/role/label" id="label_OperatingExpensesEnergyFacilitiesServiceBusinessOEIncidentalELE">エネルギー設備サービス事業営業費用</link:label>
    <link:labelArc xlink:type="arc" xlink:arcrole="http://www.xbrl.org/2003/arcrole/concept-label" xlink:from="OperatingExpensesEnergyFacilitiesServiceBusinessOEIncidentalELE" xlink:to="label_OperatingExpensesEnergyFacilitiesServiceBusinessOEIncidentalELE" />
    <link:label xlink:type="resource" xlink:label="label_OperatingExpensesEnergyFacilitiesServiceBusinessOEIncidentalELE_2" xml:lang="ja" xlink:role="http://www.xbrl.org/2003/role/verboseLabel" id="label_OperatingExpensesEnergyFacilitiesServiceBusinessOEIncidentalELE_2">エネルギー設備サービス事業営業費用、附帯事業営業費用、営業費用</link:label>
    <link:labelArc xlink:type="arc" xlink:arcrole="http://www.xbrl.org/2003/arcrole/concept-label" xlink:from="OperatingExpensesEnergyFacilitiesServiceBusinessOEIncidentalELE" xlink:to="label_OperatingExpensesEnergyFacilitiesServiceBusinessOEIncidentalELE_2" />
    <link:label xlink:type="resource" xlink:label="label_CompensationForNuclearPowerRelatedDamagesELELE" xml:lang="ja" xlink:role="http://www.xbrl.org/2003/role/label" id="label_CompensationForNuclearPowerRelatedDamagesELELE">原子力損害賠償費</link:label>
    <link:labelArc xlink:type="arc" xlink:arcrole="http://www.xbrl.org/2003/arcrole/concept-label" xlink:from="CompensationForNuclearPowerRelatedDamagesELELE" xlink:to="label_CompensationForNuclearPowerRelatedDamagesELELE" />
    <link:label xlink:type="resource" xlink:label="label_CompensationForNuclearPowerRelatedDamagesELELE_2" xml:lang="ja" xlink:role="http://www.xbrl.org/2003/role/verboseLabel" id="label_CompensationForNuclearPowerRelatedDamagesELELE_2">原子力損害賠償費、特別損失、電気事業</link:label>
    <link:labelArc xlink:type="arc" xlink:arcrole="http://www.xbrl.org/2003/arcrole/concept-label" xlink:from="CompensationForNuclearPowerRelatedDamagesELELE" xlink:to="label_CompensationForNuclearPowerRelatedDamagesELELE_2" />
    <link:label xlink:type="resource" xlink:label="label_LossRelatedToInterimStorageProjectOfSpentFuelEL" xml:lang="ja" xlink:role="http://www.xbrl.org/2003/role/label" id="label_LossRelatedToInterimStorageProjectOfSpentFuelEL">使用済燃料中間貯蔵関連損失</link:label>
    <link:labelArc xlink:type="arc" xlink:arcrole="http://www.xbrl.org/2003/arcrole/concept-label" xlink:from="LossRelatedToInterimStorageProjectOfSpentFuelEL" xlink:to="label_LossRelatedToInterimStorageProjectOfSpentFuelEL" />
    <link:label xlink:type="resource" xlink:label="label_LossRelatedToInterimStorageProjectOfSpentFuelEL_2" xml:lang="ja" xlink:role="http://www.xbrl.org/2003/role/verboseLabel" id="label_LossRelatedToInterimStorageProjectOfSpentFuelEL_2">使用済燃料中間貯蔵関連損失、特別損失</link:label>
    <link:labelArc xlink:type="arc" xlink:arcrole="http://www.xbrl.org/2003/arcrole/concept-label" xlink:from="LossRelatedToInterimStorageProjectOfSpentFuelEL" xlink:to="label_LossRelatedToInterimStorageProjectOfSpentFuelEL_2" />
    <link:label xlink:type="resource" xlink:label="label_LossRelatedToInterimStorageProjectOfSpentFuelOpeCF" xml:lang="ja" xlink:role="http://www.xbrl.org/2003/role/label" id="label_LossRelatedToInterimStorageProjectOfSpentFuelOpeCF">使用済燃料中間貯蔵関連損失</link:label>
    <link:labelArc xlink:type="arc" xlink:arcrole="http://www.xbrl.org/2003/arcrole/concept-label" xlink:from="LossRelatedToInterimStorageProjectOfSpentFuelOpeCF" xlink:to="label_LossRelatedToInterimStorageProjectOfSpentFuelOpeCF" />
    <link:label xlink:type="resource" xlink:label="label_LossRelatedToInterimStorageProjectOfSpentFuelOpeCF_2" xml:lang="ja" xlink:role="http://www.xbrl.org/2003/role/verboseLabel" id="label_LossRelatedToInterimStorageProjectOfSpentFuelOpeCF_2">使用済燃料中間貯蔵関連損失、営業活動によるキャッシュ・フロー</link:label>
    <link:labelArc xlink:type="arc" xlink:arcrole="http://www.xbrl.org/2003/arcrole/concept-label" xlink:from="LossRelatedToInterimStorageProjectOfSpentFuelOpeCF" xlink:to="label_LossRelatedToInterimStorageProjectOfSpentFuelOpeCF_2" />
    <link:label xlink:type="resource" xlink:label="label_GrantsInAidFromNuclearDamageLiabilityAndNuclearReactorDecommissionFacilitationFundOpeCF" xml:lang="ja" xlink:role="http://www.xbrl.org/2003/role/label" id="label_GrantsInAidFromNuclearDamageLiabilityAndNuclearReactorDecommissionFacilitationFundOpeCF">原賠・廃炉等支援機構資金交付金</link:label>
    <link:labelArc xlink:type="arc" xlink:arcrole="http://www.xbrl.org/2003/arcrole/concept-label" xlink:from="GrantsInAidFromNuclearDamageLiabilityAndNuclearReactorDecommissionFacilitationFundOpeCF" xlink:to="label_GrantsInAidFromNuclearDamageLiabilityAndNuclearReactorDecommissionFacilitationFundOpeCF" />
    <link:label xlink:type="resource" xlink:label="label_GrantsInAidFromNuclearDamageLiabilityAndNuclearReactorDecommissionFacilitationFundOpeCF_2" xml:lang="ja" xlink:role="http://www.xbrl.org/2003/role/verboseLabel" id="label_GrantsInAidFromNuclearDamageLiabilityAndNuclearReactorDecommissionFacilitationFundOpeCF_2">原賠・廃炉等支援機構資金交付金、営業活動によるキャッシュ・フロー</link:label>
    <link:labelArc xlink:type="arc" xlink:arcrole="http://www.xbrl.org/2003/arcrole/concept-label" xlink:from="GrantsInAidFromNuclearDamageLiabilityAndNuclearReactorDecommissionFacilitationFundOpeCF" xlink:to="label_GrantsInAidFromNuclearDamageLiabilityAndNuclearReactorDecommissionFacilitationFundOpeCF_2" />
    <link:label xlink:type="resource" xlink:label="label_CompensationForNuclearPowerRelatedDamagesOpeCFELE" xml:lang="ja" xlink:role="http://www.xbrl.org/2003/role/label" id="label_CompensationForNuclearPowerRelatedDamagesOpeCFELE">原子力損害賠償費</link:label>
    <link:labelArc xlink:type="arc" xlink:arcrole="http://www.xbrl.org/2003/arcrole/concept-label" xlink:from="CompensationForNuclearPowerRelatedDamagesOpeCFELE" xlink:to="label_CompensationForNuclearPowerRelatedDamagesOpeCFELE" />
    <link:label xlink:type="resource" xlink:label="label_CompensationForNuclearPowerRelatedDamagesOpeCFELE_2" xml:lang="ja" xlink:role="http://www.xbrl.org/2003/role/verboseLabel" id="label_CompensationForNuclearPowerRelatedDamagesOpeCFELE_2">原子力損害賠償費、営業活動によるキャッシュ・フロー、電気事業</link:label>
    <link:labelArc xlink:type="arc" xlink:arcrole="http://www.xbrl.org/2003/arcrole/concept-label" xlink:from="CompensationForNuclearPowerRelatedDamagesOpeCFELE" xlink:to="label_CompensationForNuclearPowerRelatedDamagesOpeCFELE_2" />
    <link:label xlink:type="resource" xlink:label="label_GainOnSalesOfNoncurrentAssetsOpeCF" xml:lang="ja" xlink:role="http://www.xbrl.org/2003/role/label" id="label_GainOnSalesOfNoncurrentAssetsOpeCF">固定資産売却益</link:label>
    <link:labelArc xlink:type="arc" xlink:arcrole="http://www.xbrl.org/2003/arcrole/concept-label" xlink:from="GainOnSalesOfNoncurrentAssetsOpeCF" xlink:to="label_GainOnSalesOfNoncurrentAssetsOpeCF" />
    <link:label xlink:type="resource" xlink:label="label_GainOnSalesOfNoncurrentAssetsOpeCF_2" xml:lang="ja" xlink:role="http://www.xbrl.org/2003/role/verboseLabel" id="label_GainOnSalesOfNoncurrentAssetsOpeCF_2">固定資産売却益、営業活動によるキャッシュ・フロー</link:label>
    <link:labelArc xlink:type="arc" xlink:arcrole="http://www.xbrl.org/2003/arcrole/concept-label" xlink:from="GainOnSalesOfNoncurrentAssetsOpeCF" xlink:to="label_GainOnSalesOfNoncurrentAssetsOpeCF_2" />
    <link:label xlink:type="resource" xlink:label="label_PaymentsForExtraordinaryLossOnTheTohokuChihouTaiheiyouOkiEarthquakeOpeCF" xml:lang="ja" xlink:role="http://www.xbrl.org/2003/role/label" id="label_PaymentsForExtraordinaryLossOnTheTohokuChihouTaiheiyouOkiEarthquakeOpeCF">東北地方太平洋沖地震による災害特別損失の支払額</link:label>
    <link:labelArc xlink:type="arc" xlink:arcrole="http://www.xbrl.org/2003/arcrole/concept-label" xlink:from="PaymentsForExtraordinaryLossOnTheTohokuChihouTaiheiyouOkiEarthquakeOpeCF" xlink:to="label_PaymentsForExtraordinaryLossOnTheTohokuChihouTaiheiyouOkiEarthquakeOpeCF" />
    <link:label xlink:type="resource" xlink:label="label_PaymentsForExtraordinaryLossOnTheTohokuChihouTaiheiyouOkiEarthquakeOpeCF_2" xml:lang="ja" xlink:role="http://www.xbrl.org/2003/role/verboseLabel" id="label_PaymentsForExtraordinaryLossOnTheTohokuChihouTaiheiyouOkiEarthquakeOpeCF_2">東北地方太平洋沖地震による災害特別損失の支払額、営業活動によるキャッシュ・フロー</link:label>
    <link:labelArc xlink:type="arc" xlink:arcrole="http://www.xbrl.org/2003/arcrole/concept-label" xlink:from="PaymentsForExtraordinaryLossOnTheTohokuChihouTaiheiyouOkiEarthquakeOpeCF" xlink:to="label_PaymentsForExtraordinaryLossOnTheTohokuChihouTaiheiyouOkiEarthquakeOpeCF_2" />
    <link:label xlink:type="resource" xlink:label="label_GrantsInAidFromNuclearDamageLiabilityAndNuclearReactorDecommissionFacilitationFundReceivedOpeCF" xml:lang="ja" xlink:role="http://www.xbrl.org/2003/role/label" id="label_GrantsInAidFromNuclearDamageLiabilityAndNuclearReactorDecommissionFacilitationFundReceivedOpeCF">原賠・廃炉等支援機構資金交付金の受取額</link:label>
    <link:labelArc xlink:type="arc" xlink:arcrole="http://www.xbrl.org/2003/arcrole/concept-label" xlink:from="GrantsInAidFromNuclearDamageLiabilityAndNuclearReactorDecommissionFacilitationFundReceivedOpeCF" xlink:to="label_GrantsInAidFromNuclearDamageLiabilityAndNuclearReactorDecommissionFacilitationFundReceivedOpeCF" />
    <link:label xlink:type="resource" xlink:label="label_GrantsInAidFromNuclearDamageLiabilityAndNuclearReactorDecommissionFacilitationFundReceivedOpeCF_2" xml:lang="ja" xlink:role="http://www.xbrl.org/2003/role/verboseLabel" id="label_GrantsInAidFromNuclearDamageLiabilityAndNuclearReactorDecommissionFacilitationFundReceivedOpeCF_2">原賠・廃炉等支援機構資金交付金の受取額、営業活動によるキャッシュ・フロー</link:label>
    <link:labelArc xlink:type="arc" xlink:arcrole="http://www.xbrl.org/2003/arcrole/concept-label" xlink:from="GrantsInAidFromNuclearDamageLiabilityAndNuclearReactorDecommissionFacilitationFundReceivedOpeCF" xlink:to="label_GrantsInAidFromNuclearDamageLiabilityAndNuclearReactorDecommissionFacilitationFundReceivedOpeCF_2" />
    <link:label xlink:type="resource" xlink:label="label_GrantsInAidFromNuclearDamageCompensationFacilitationCorporationReceivedOpeCF" xml:lang="ja" xlink:role="http://www.xbrl.org/2003/role/label" id="label_GrantsInAidFromNuclearDamageCompensationFacilitationCorporationReceivedOpeCF">原子力損害賠償補償契約に基づく補償金の受取額</link:label>
    <link:labelArc xlink:type="arc" xlink:arcrole="http://www.xbrl.org/2003/arcrole/concept-label" xlink:from="GrantsInAidFromNuclearDamageCompensationFacilitationCorporationReceivedOpeCF" xlink:to="label_GrantsInAidFromNuclearDamageCompensationFacilitationCorporationReceivedOpeCF" />
    <link:label xlink:type="resource" xlink:label="label_GrantsInAidFromNuclearDamageCompensationFacilitationCorporationReceivedOpeCF_2" xml:lang="ja" xlink:role="http://www.xbrl.org/2003/role/verboseLabel" id="label_GrantsInAidFromNuclearDamageCompensationFacilitationCorporationReceivedOpeCF_2">原子力損害賠償補償契約に基づく補償金の受取額、営業活動によるキャッシュ・フロー</link:label>
    <link:labelArc xlink:type="arc" xlink:arcrole="http://www.xbrl.org/2003/arcrole/concept-label" xlink:from="GrantsInAidFromNuclearDamageCompensationFacilitationCorporationReceivedOpeCF" xlink:to="label_GrantsInAidFromNuclearDamageCompensationFacilitationCorporationReceivedOpeCF_2" />
    <link:label xlink:type="resource" xlink:label="label_CompensationForNuclearPowerRelatedDamagesPaidOpeCFELE" xml:lang="ja" xlink:role="http://www.xbrl.org/2003/role/label" id="label_CompensationForNuclearPowerRelatedDamagesPaidOpeCFELE">原子力損害賠償金の支払額</link:label>
    <link:labelArc xlink:type="arc" xlink:arcrole="http://www.xbrl.org/2003/arcrole/concept-label" xlink:from="CompensationForNuclearPowerRelatedDamagesPaidOpeCFELE" xlink:to="label_CompensationForNuclearPowerRelatedDamagesPaidOpeCFELE" />
    <link:label xlink:type="resource" xlink:label="label_CompensationForNuclearPowerRelatedDamagesPaidOpeCFELE_2" xml:lang="ja" xlink:role="http://www.xbrl.org/2003/role/verboseLabel" id="label_CompensationForNuclearPowerRelatedDamagesPaidOpeCFELE_2">原子力損害賠償金の支払額、営業活動によるキャッシュ・フロー、電気事業</link:label>
    <link:labelArc xlink:type="arc" xlink:arcrole="http://www.xbrl.org/2003/arcrole/concept-label" xlink:from="CompensationForNuclearPowerRelatedDamagesPaidOpeCFELE" xlink:to="label_CompensationForNuclearPowerRelatedDamagesPaidOpeCFELE_2" />
    <link:label xlink:type="resource" xlink:label="label_DecreaseInCashAndCashEquivalentsDueToChangeInScopeOfConsolidation" xml:lang="ja" xlink:role="http://www.xbrl.org/2003/role/label" id="label_DecreaseInCashAndCashEquivalentsDueToChangeInScopeOfConsolidation">連結の範囲の変更による現金及び現金同等物の減少額</link:label>
    <link:labelArc xlink:type="arc" xlink:arcrole="http://www.xbrl.org/2003/arcrole/concept-label" xlink:from="DecreaseInCashAndCashEquivalentsDueToChangeInScopeOfConsolidation" xlink:to="label_DecreaseInCashAndCashEquivalentsDueToChangeInScopeOfConsolidation" />
    <link:label xlink:type="resource" xlink:label="label_DecreaseInCashAndCashEquivalentsDueToChangeInScopeOfConsolidation_2" xml:lang="ja" xlink:role="http://www.xbrl.org/2003/role/verboseLabel" id="label_DecreaseInCashAndCashEquivalentsDueToChangeInScopeOfConsolidation_2">連結の範囲の変更による現金及び現金同等物の減少額</link:label>
    <link:labelArc xlink:type="arc" xlink:arcrole="http://www.xbrl.org/2003/arcrole/concept-label" xlink:from="DecreaseInCashAndCashEquivalentsDueToChangeInScopeOfConsolidation" xlink:to="label_DecreaseInCashAndCashEquivalentsDueToChangeInScopeOfConsolidation_2" />
  </link:labelLink>
</link:linkbase>