<?xml version="1.0" encoding="utf-8"?>
<!-- Generated by PRONEXUS WORKS -->
<link:linkbase xmlns:link="http://www.xbrl.org/2003/linkbase" xmlns:xsi="http://www.w3.org/2001/XMLSchema-instance" xmlns:xbrli="http://www.xbrl.org/2003/instance" xmlns:xlink="http://www.w3.org/1999/xlink">
  <link:roleRef xlink:type="simple" roleURI="http://disclosure.edinet-fsa.go.jp/role/jpcrp/rol_IndependentAuditorsReport" xlink:href="http://disclosure.edinet-fsa.go.jp/taxonomy/jpcrp/2022-11-01/jpcrp_rt_2022-11-01.xsd#rol_IndependentAuditorsReport" />
  <link:roleRef xlink:type="simple" roleURI="http://disclosure.edinet-fsa.go.jp/role/jpcrp/rol_IndependentAuditorsReportKAM" xlink:href="http://disclosure.edinet-fsa.go.jp/taxonomy/jpcrp/2022-11-01/jpcrp_rt_2022-11-01.xsd#rol_IndependentAuditorsReportKAM" />
  <link:presentationLink xlink:type="extended" xlink:role="http://disclosure.edinet-fsa.go.jp/role/jpcrp/rol_IndependentAuditorsReportKAM">
    <link:loc xlink:type="locator" xlink:href="http://disclosure.edinet-fsa.go.jp/taxonomy/jpcrp/2022-11-01/jpcrp_cor_2022-11-01.xsd#jpcrp_cor_IndependentAuditorsReportHeading" xlink:label="IndependentAuditorsReportHeading" />
    <link:loc xlink:type="locator" xlink:href="http://disclosure.edinet-fsa.go.jp/taxonomy/jpcrp/2022-11-01/jpcrp_cor_2022-11-01.xsd#jpcrp_cor_KeyAuditMattersDetailAbstract" xlink:label="KeyAuditMattersDetailAbstract_2" />
    <link:presentationArc xlink:type="arc" xlink:arcrole="http://www.xbrl.org/2003/arcrole/parent-child" xlink:from="IndependentAuditorsReportHeading" xlink:to="KeyAuditMattersDetailAbstract_2" order="1.0" />
    <link:loc xlink:type="locator" xlink:href="http://disclosure.edinet-fsa.go.jp/taxonomy/jpcrp/2022-11-01/jpcrp_cor_2022-11-01.xsd#jpcrp_cor_KeyAuditMattersDetailAbstract" xlink:label="KeyAuditMattersDetailAbstract" />
    <link:loc xlink:type="locator" xlink:href="http://disclosure.edinet-fsa.go.jp/taxonomy/jpcrp/2022-11-01/jpcrp_cor_2022-11-01.xsd#jpcrp_cor_KeyAuditMattersTable" xlink:label="KeyAuditMattersTable_2" />
    <link:presentationArc xlink:type="arc" xlink:arcrole="http://www.xbrl.org/2003/arcrole/parent-child" xlink:from="KeyAuditMattersDetailAbstract" xlink:to="KeyAuditMattersTable_2" order="1.0" />
    <link:loc xlink:type="locator" xlink:href="http://disclosure.edinet-fsa.go.jp/taxonomy/jpcrp/2022-11-01/jpcrp_cor_2022-11-01.xsd#jpcrp_cor_KeyAuditMattersTable" xlink:label="KeyAuditMattersTable" />
    <link:loc xlink:type="locator" xlink:href="http://disclosure.edinet-fsa.go.jp/taxonomy/jpcrp/2022-11-01/jpcrp_cor_2022-11-01.xsd#jpcrp_cor_SequentialNumbersAxis" xlink:label="SequentialNumbersAxis_2" />
    <link:presentationArc xlink:type="arc" xlink:arcrole="http://www.xbrl.org/2003/arcrole/parent-child" xlink:from="KeyAuditMattersTable" xlink:to="SequentialNumbersAxis_2" order="1.0" />
    <link:loc xlink:type="locator" xlink:href="http://disclosure.edinet-fsa.go.jp/taxonomy/jpcrp/2022-11-01/jpcrp_cor_2022-11-01.xsd#jpcrp_cor_SequentialNumbersAxis" xlink:label="SequentialNumbersAxis" />
    <link:loc xlink:type="locator" xlink:href="http://disclosure.edinet-fsa.go.jp/taxonomy/jpcrp/2022-11-01/jpcrp_cor_2022-11-01.xsd#jpcrp_cor_Row1Member" xlink:label="Row1Member" />
    <link:presentationArc xlink:type="arc" xlink:arcrole="http://www.xbrl.org/2003/arcrole/parent-child" xlink:from="SequentialNumbersAxis" xlink:to="Row1Member" order="1.0" />
    <link:loc xlink:type="locator" xlink:href="http://disclosure.edinet-fsa.go.jp/taxonomy/jpcrp/2022-11-01/jpcrp_cor_2022-11-01.xsd#jpcrp_cor_Row2Member" xlink:label="Row2Member" />
    <link:presentationArc xlink:type="arc" xlink:arcrole="http://www.xbrl.org/2003/arcrole/parent-child" xlink:from="SequentialNumbersAxis" xlink:to="Row2Member" order="2.0" />
    <link:loc xlink:type="locator" xlink:href="http://disclosure.edinet-fsa.go.jp/taxonomy/jpcrp/2022-11-01/jpcrp_cor_2022-11-01.xsd#jpcrp_cor_Row3Member" xlink:label="Row3Member" />
    <link:presentationArc xlink:type="arc" xlink:arcrole="http://www.xbrl.org/2003/arcrole/parent-child" xlink:from="SequentialNumbersAxis" xlink:to="Row3Member" order="3.0" />
    <link:loc xlink:type="locator" xlink:href="http://disclosure.edinet-fsa.go.jp/taxonomy/jpcrp/2022-11-01/jpcrp_cor_2022-11-01.xsd#jpcrp_cor_KeyAuditMattersNonConsolidatedLineItems" xlink:label="KeyAuditMattersNonConsolidatedLineItems_2" />
    <link:presentationArc xlink:type="arc" xlink:arcrole="http://www.xbrl.org/2003/arcrole/parent-child" xlink:from="KeyAuditMattersDetailAbstract" xlink:to="KeyAuditMattersNonConsolidatedLineItems_2" order="3.0" />
    <link:loc xlink:type="locator" xlink:href="http://disclosure.edinet-fsa.go.jp/taxonomy/jpcrp/2022-11-01/jpcrp_cor_2022-11-01.xsd#jpcrp_cor_KeyAuditMattersNonConsolidatedLineItems" xlink:label="KeyAuditMattersNonConsolidatedLineItems" />
    <link:loc xlink:type="locator" xlink:href="http://disclosure.edinet-fsa.go.jp/taxonomy/jpcrp/2022-11-01/jpcrp_cor_2022-11-01.xsd#jpcrp_cor_ShortDescriptionKAMNonConsolidated" xlink:label="ShortDescriptionKAMNonConsolidated" />
    <link:presentationArc xlink:type="arc" xlink:arcrole="http://www.xbrl.org/2003/arcrole/parent-child" xlink:from="KeyAuditMattersNonConsolidatedLineItems" xlink:to="ShortDescriptionKAMNonConsolidated" order="1.0" />
    <link:loc xlink:type="locator" xlink:href="http://disclosure.edinet-fsa.go.jp/taxonomy/jpcrp/2022-11-01/jpcrp_cor_2022-11-01.xsd#jpcrp_cor_ReferenceKAMNonConsolidated" xlink:label="ReferenceKAMNonConsolidated" />
    <link:presentationArc xlink:type="arc" xlink:arcrole="http://www.xbrl.org/2003/arcrole/parent-child" xlink:from="KeyAuditMattersNonConsolidatedLineItems" xlink:to="ReferenceKAMNonConsolidated" order="2.0" />
    <link:loc xlink:type="locator" xlink:href="http://disclosure.edinet-fsa.go.jp/taxonomy/jpcrp/2022-11-01/jpcrp_cor_2022-11-01.xsd#jpcrp_cor_Reference2KAMNonConsolidated" xlink:label="Reference2KAMNonConsolidated" />
    <link:presentationArc xlink:type="arc" xlink:arcrole="http://www.xbrl.org/2003/arcrole/parent-child" xlink:from="KeyAuditMattersNonConsolidatedLineItems" xlink:to="Reference2KAMNonConsolidated" order="8.0" />
    <link:loc xlink:type="locator" xlink:href="http://disclosure.edinet-fsa.go.jp/taxonomy/jpcrp/2022-11-01/jpcrp_cor_2022-11-01.xsd#jpcrp_cor_SameAsKAMForConsolidatedFSKAMNonConsolidatedTextBlock" xlink:label="SameAsKAMForConsolidatedFSKAMNonConsolidatedTextBlock" />
    <link:presentationArc xlink:type="arc" xlink:arcrole="http://www.xbrl.org/2003/arcrole/parent-child" xlink:from="KeyAuditMattersNonConsolidatedLineItems" xlink:to="SameAsKAMForConsolidatedFSKAMNonConsolidatedTextBlock" order="9.0" />
  </link:presentationLink>
  <link:presentationLink xlink:type="extended" xlink:role="http://disclosure.edinet-fsa.go.jp/role/jpcrp/rol_IndependentAuditorsReport">
    <link:loc xlink:type="locator" xlink:href="http://disclosure.edinet-fsa.go.jp/taxonomy/jpcrp/2022-11-01/jpcrp_cor_2022-11-01.xsd#jpcrp_cor_IndependentAuditorsReportHeading" xlink:label="IndependentAuditorsReportHeading" />
    <link:loc xlink:type="locator" xlink:href="http://disclosure.edinet-fsa.go.jp/taxonomy/jpcrp/2022-11-01/jpcrp_cor_2022-11-01.xsd#jpcrp_cor_IndependentAuditorsReportNonConsolidatedTextBlock" xlink:label="IndependentAuditorsReportNonConsolidatedTextBlock_2" />
    <link:presentationArc xlink:type="arc" xlink:arcrole="http://www.xbrl.org/2003/arcrole/parent-child" xlink:from="IndependentAuditorsReportHeading" xlink:to="IndependentAuditorsReportNonConsolidatedTextBlock_2" order="1.0" />
    <link:loc xlink:type="locator" xlink:href="http://disclosure.edinet-fsa.go.jp/taxonomy/jpcrp/2022-11-01/jpcrp_cor_2022-11-01.xsd#jpcrp_cor_IndependentAuditorsReportNonConsolidatedTextBlock" xlink:label="IndependentAuditorsReportNonConsolidatedTextBlock" />
    <link:loc xlink:type="locator" xlink:href="http://disclosure.edinet-fsa.go.jp/taxonomy/jpcrp/2022-11-01/jpcrp_cor_2022-11-01.xsd#jpcrp_cor_AuditFirm1NonConsolidated" xlink:label="AuditFirm1NonConsolidated_2" />
    <link:presentationArc xlink:type="arc" xlink:arcrole="http://www.xbrl.org/2003/arcrole/parent-child" xlink:from="IndependentAuditorsReportNonConsolidatedTextBlock" xlink:to="AuditFirm1NonConsolidated_2" order="1.5" />
    <link:loc xlink:type="locator" xlink:href="http://disclosure.edinet-fsa.go.jp/taxonomy/jpcrp/2022-11-01/jpcrp_cor_2022-11-01.xsd#jpcrp_cor_AuditFirm1NonConsolidated" xlink:label="AuditFirm1NonConsolidated" />
    <link:loc xlink:type="locator" xlink:href="http://disclosure.edinet-fsa.go.jp/taxonomy/jpcrp/2022-11-01/jpcrp_cor_2022-11-01.xsd#jpcrp_cor_CPA1AuditFirm1NonConsolidated" xlink:label="CPA1AuditFirm1NonConsolidated" />
    <link:presentationArc xlink:type="arc" xlink:arcrole="http://www.xbrl.org/2003/arcrole/parent-child" xlink:from="AuditFirm1NonConsolidated" xlink:to="CPA1AuditFirm1NonConsolidated" order="1.0" />
    <link:loc xlink:type="locator" xlink:href="http://disclosure.edinet-fsa.go.jp/taxonomy/jpcrp/2022-11-01/jpcrp_cor_2022-11-01.xsd#jpcrp_cor_CPA2AuditFirm1NonConsolidated" xlink:label="CPA2AuditFirm1NonConsolidated" />
    <link:presentationArc xlink:type="arc" xlink:arcrole="http://www.xbrl.org/2003/arcrole/parent-child" xlink:from="AuditFirm1NonConsolidated" xlink:to="CPA2AuditFirm1NonConsolidated" order="2.0" />
    <link:loc xlink:type="locator" xlink:href="http://disclosure.edinet-fsa.go.jp/taxonomy/jpcrp/2022-11-01/jpcrp_cor_2022-11-01.xsd#jpcrp_cor_CPA3AuditFirm1NonConsolidated" xlink:label="CPA3AuditFirm1NonConsolidated" />
    <link:presentationArc xlink:type="arc" xlink:arcrole="http://www.xbrl.org/2003/arcrole/parent-child" xlink:from="AuditFirm1NonConsolidated" xlink:to="CPA3AuditFirm1NonConsolidated" order="3.0" />
    <link:loc xlink:type="locator" xlink:href="http://disclosure.edinet-fsa.go.jp/taxonomy/jpcrp/2022-11-01/jpcrp_cor_2022-11-01.xsd#jpcrp_cor_KeyAuditMattersNonConsolidatedTextBlock" xlink:label="KeyAuditMattersNonConsolidatedTextBlock_2" />
    <link:presentationArc xlink:type="arc" xlink:arcrole="http://www.xbrl.org/2003/arcrole/parent-child" xlink:from="IndependentAuditorsReportNonConsolidatedTextBlock" xlink:to="KeyAuditMattersNonConsolidatedTextBlock_2" order="2.75" />
    <link:loc xlink:type="locator" xlink:href="http://disclosure.edinet-fsa.go.jp/taxonomy/jpcrp/2022-11-01/jpcrp_cor_2022-11-01.xsd#jpcrp_cor_KeyAuditMattersNonConsolidatedTextBlock" xlink:label="KeyAuditMattersNonConsolidatedTextBlock" />
    <link:loc xlink:type="locator" xlink:href="http://disclosure.edinet-fsa.go.jp/taxonomy/jpcrp/2022-11-01/jpcrp_cor_2022-11-01.xsd#jpcrp_cor_OverviewKAMNonConsolidatedTextBlock" xlink:label="OverviewKAMNonConsolidatedTextBlock" />
    <link:presentationArc xlink:type="arc" xlink:arcrole="http://www.xbrl.org/2003/arcrole/parent-child" xlink:from="KeyAuditMattersNonConsolidatedTextBlock" xlink:to="OverviewKAMNonConsolidatedTextBlock" order="1.0" />
    <link:loc xlink:type="locator" xlink:href="http://disclosure.edinet-fsa.go.jp/taxonomy/jpcrp/2022-11-01/jpcrp_cor_2022-11-01.xsd#jpcrp_cor_OtherInformationNonConsolidatedTextBlock" xlink:label="OtherInformationNonConsolidatedTextBlock" />
    <link:presentationArc xlink:type="arc" xlink:arcrole="http://www.xbrl.org/2003/arcrole/parent-child" xlink:from="IndependentAuditorsReportNonConsolidatedTextBlock" xlink:to="OtherInformationNonConsolidatedTextBlock" order="3.75" />
  </link:presentationLink>
</link:linkbase>