<?xml version="1.0" encoding="utf-8"?>
<!-- Generated by PRONEXUS WORKS -->
<link:linkbase xmlns:link="http://www.xbrl.org/2003/linkbase" xmlns:xsi="http://www.w3.org/2001/XMLSchema-instance" xmlns:xbrli="http://www.xbrl.org/2003/instance" xmlns:xlink="http://www.w3.org/1999/xlink">
  <link:arcroleRef xlink:type="simple" arcroleURI="http://xbrl.org/int/dim/arcrole/dimension-domain" xlink:href="http://www.xbrl.org/2005/xbrldt-2005.xsd#dimension-domain" />
  <link:arcroleRef xlink:type="simple" arcroleURI="http://xbrl.org/int/dim/arcrole/hypercube-dimension" xlink:href="http://www.xbrl.org/2005/xbrldt-2005.xsd#hypercube-dimension" />
  <link:arcroleRef xlink:type="simple" arcroleURI="http://xbrl.org/int/dim/arcrole/all" xlink:href="http://www.xbrl.org/2005/xbrldt-2005.xsd#all" />
  <link:arcroleRef xlink:type="simple" arcroleURI="http://xbrl.org/int/dim/arcrole/domain-member" xlink:href="http://www.xbrl.org/2005/xbrldt-2005.xsd#domain-member" />
  <link:roleRef xlink:type="simple" roleURI="http://disclosure.edinet-fsa.go.jp/role/jpcrp/rol_IndependentAuditorsReportKAM" xlink:href="http://disclosure.edinet-fsa.go.jp/taxonomy/jpcrp/2022-11-01/jpcrp_rt_2022-11-01.xsd#rol_IndependentAuditorsReportKAM" />
  <link:definitionLink xlink:type="extended" xlink:role="http://disclosure.edinet-fsa.go.jp/role/jpcrp/rol_IndependentAuditorsReportKAM">
    <link:loc xlink:type="locator" xlink:href="http://disclosure.edinet-fsa.go.jp/taxonomy/jpcrp/2022-11-01/jpcrp_cor_2022-11-01.xsd#jpcrp_cor_IndependentAuditorsReportHeading" xlink:label="IndependentAuditorsReportHeading" />
    <link:loc xlink:type="locator" xlink:href="http://disclosure.edinet-fsa.go.jp/taxonomy/jpcrp/2022-11-01/jpcrp_cor_2022-11-01.xsd#jpcrp_cor_KeyAuditMattersDetailAbstract" xlink:label="KeyAuditMattersDetailAbstract_2" />
    <link:definitionArc xlink:type="arc" xlink:arcrole="http://xbrl.org/int/dim/arcrole/domain-member" xlink:from="IndependentAuditorsReportHeading" xlink:to="KeyAuditMattersDetailAbstract_2" order="1.0" />
    <link:loc xlink:type="locator" xlink:href="http://disclosure.edinet-fsa.go.jp/taxonomy/jpcrp/2022-11-01/jpcrp_cor_2022-11-01.xsd#jpcrp_cor_KeyAuditMattersDetailAbstract" xlink:label="KeyAuditMattersDetailAbstract" />
    <link:loc xlink:type="locator" xlink:href="http://disclosure.edinet-fsa.go.jp/taxonomy/jpcrp/2022-11-01/jpcrp_cor_2022-11-01.xsd#jpcrp_cor_KeyAuditMattersTable" xlink:label="KeyAuditMattersTable_2" />
    <link:definitionArc xlink:type="arc" p8:contextElement="scenario" p8:closed="true" xlink:arcrole="http://xbrl.org/int/dim/arcrole/all" xlink:from="KeyAuditMattersDetailAbstract" xlink:to="KeyAuditMattersTable_2" order="1.0" xmlns:p8="http://xbrl.org/2005/xbrldt" />
    <link:loc xlink:type="locator" xlink:href="http://disclosure.edinet-fsa.go.jp/taxonomy/jpcrp/2022-11-01/jpcrp_cor_2022-11-01.xsd#jpcrp_cor_KeyAuditMattersTable" xlink:label="KeyAuditMattersTable" />
    <link:loc xlink:type="locator" xlink:href="http://disclosure.edinet-fsa.go.jp/taxonomy/jpcrp/2022-11-01/jpcrp_cor_2022-11-01.xsd#jpcrp_cor_SequentialNumbersAxis" xlink:label="SequentialNumbersAxis_2" />
    <link:definitionArc xlink:type="arc" xlink:arcrole="http://xbrl.org/int/dim/arcrole/hypercube-dimension" xlink:from="KeyAuditMattersTable" xlink:to="SequentialNumbersAxis_2" order="1.0" />
    <link:loc xlink:type="locator" xlink:href="http://disclosure.edinet-fsa.go.jp/taxonomy/jpcrp/2022-11-01/jpcrp_cor_2022-11-01.xsd#jpcrp_cor_SequentialNumbersAxis" xlink:label="SequentialNumbersAxis" />
    <link:loc xlink:type="locator" xlink:href="http://disclosure.edinet-fsa.go.jp/taxonomy/jpcrp/2022-11-01/jpcrp_cor_2022-11-01.xsd#jpcrp_cor_Row1Member" xlink:label="Row1Member" />
    <link:definitionArc xlink:type="arc" xlink:arcrole="http://xbrl.org/int/dim/arcrole/dimension-domain" xlink:from="SequentialNumbersAxis" xlink:to="Row1Member" order="1.0" />
    <link:loc xlink:type="locator" xlink:href="http://disclosure.edinet-fsa.go.jp/taxonomy/jpcrp/2022-11-01/jpcrp_cor_2022-11-01.xsd#jpcrp_cor_Row2Member" xlink:label="Row2Member" />
    <link:definitionArc xlink:type="arc" xlink:arcrole="http://xbrl.org/int/dim/arcrole/dimension-domain" xlink:from="SequentialNumbersAxis" xlink:to="Row2Member" order="2.0" />
    <link:loc xlink:type="locator" xlink:href="http://disclosure.edinet-fsa.go.jp/taxonomy/jpcrp/2022-11-01/jpcrp_cor_2022-11-01.xsd#jpcrp_cor_Row3Member" xlink:label="Row3Member" />
    <link:definitionArc xlink:type="arc" xlink:arcrole="http://xbrl.org/int/dim/arcrole/dimension-domain" xlink:from="SequentialNumbersAxis" xlink:to="Row3Member" order="3.0" />
    <link:loc xlink:type="locator" xlink:href="http://disclosure.edinet-fsa.go.jp/taxonomy/jpcrp/2022-11-01/jpcrp_cor_2022-11-01.xsd#jpcrp_cor_KeyAuditMattersNonConsolidatedLineItems" xlink:label="KeyAuditMattersNonConsolidatedLineItems_2" />
    <link:definitionArc xlink:type="arc" xlink:arcrole="http://xbrl.org/int/dim/arcrole/domain-member" xlink:from="KeyAuditMattersDetailAbstract" xlink:to="KeyAuditMattersNonConsolidatedLineItems_2" order="3.0" />
    <link:loc xlink:type="locator" xlink:href="http://disclosure.edinet-fsa.go.jp/taxonomy/jpcrp/2022-11-01/jpcrp_cor_2022-11-01.xsd#jpcrp_cor_KeyAuditMattersNonConsolidatedLineItems" xlink:label="KeyAuditMattersNonConsolidatedLineItems" />
    <link:loc xlink:type="locator" xlink:href="http://disclosure.edinet-fsa.go.jp/taxonomy/jpcrp/2022-11-01/jpcrp_cor_2022-11-01.xsd#jpcrp_cor_ShortDescriptionKAMNonConsolidated" xlink:label="ShortDescriptionKAMNonConsolidated" />
    <link:definitionArc xlink:type="arc" xlink:arcrole="http://xbrl.org/int/dim/arcrole/domain-member" xlink:from="KeyAuditMattersNonConsolidatedLineItems" xlink:to="ShortDescriptionKAMNonConsolidated" order="1.0" />
    <link:loc xlink:type="locator" xlink:href="http://disclosure.edinet-fsa.go.jp/taxonomy/jpcrp/2022-11-01/jpcrp_cor_2022-11-01.xsd#jpcrp_cor_ReferenceKAMNonConsolidated" xlink:label="ReferenceKAMNonConsolidated" />
    <link:definitionArc xlink:type="arc" xlink:arcrole="http://xbrl.org/int/dim/arcrole/domain-member" xlink:from="KeyAuditMattersNonConsolidatedLineItems" xlink:to="ReferenceKAMNonConsolidated" order="2.0" />
    <link:loc xlink:type="locator" xlink:href="http://disclosure.edinet-fsa.go.jp/taxonomy/jpcrp/2022-11-01/jpcrp_cor_2022-11-01.xsd#jpcrp_cor_Reference2KAMNonConsolidated" xlink:label="Reference2KAMNonConsolidated" />
    <link:definitionArc xlink:type="arc" xlink:arcrole="http://xbrl.org/int/dim/arcrole/domain-member" xlink:from="KeyAuditMattersNonConsolidatedLineItems" xlink:to="Reference2KAMNonConsolidated" order="8.0" />
    <link:loc xlink:type="locator" xlink:href="http://disclosure.edinet-fsa.go.jp/taxonomy/jpcrp/2022-11-01/jpcrp_cor_2022-11-01.xsd#jpcrp_cor_SameAsKAMForConsolidatedFSKAMNonConsolidatedTextBlock" xlink:label="SameAsKAMForConsolidatedFSKAMNonConsolidatedTextBlock" />
    <link:definitionArc xlink:type="arc" xlink:arcrole="http://xbrl.org/int/dim/arcrole/domain-member" xlink:from="KeyAuditMattersNonConsolidatedLineItems" xlink:to="SameAsKAMForConsolidatedFSKAMNonConsolidatedTextBlock" order="9.0" />
  </link:definitionLink>
</link:linkbase>